price,manufacturer,model,condition,cylinders,fuel,odometer,title_status,transmission,VIN,drive,type,paint_color,vehicle_age,estimate_msrp
20999,nissan,frontier,good,6 cylinders,gas,72238.0,clean,automatic,1N6AD0EV1GN794000,4wd,truck,black,5.0,35290.0
8495,ford,fiestas,like new,4 cylinders,gas,59734.0,clean,automatic,3FADP4TJ6GM170546,fwd,hatchback,silver,5.0,14000.0
29590,ford,expeditionxltsport,good,6 cylinders,gas,70760.0,clean,other,1FMJU1JT1HEA52352,4wd,SUV,blue,4.0,51540.0
11400,audi,a4quattropremium,like new,4 cylinders,gas,80146.0,clean,automatic,WAUBFAFL0BN036420,4wd,sedan,grey,10.0,33500.0
12999,hyundai,veloster,excellent,4 cylinders,gas,78554.0,clean,automatic,KMHTC6AD2FU239829,fwd,coupe,red,6.0,19800.0
34990,toyota,tacomadoublecabpickup,good,6 cylinders,gas,1112.0,clean,other,5TFLU4EN2EX098976,4wd,pickup,white,7.0,35000.0
26998,chevrolet,silverado,good,8 cylinders,gas,116311.0,clean,automatic,3GCUKREC5EG396710,4wd,truck,black,7.0,42600.0
6995,chevrolet,malibuls,excellent,4 cylinders,gas,123000.0,clean,automatic,1G11B5SL8EF141852,fwd,sedan,brown,7.0,22600.0
14495,toyota,corollale,excellent,4 cylinders,gas,36972.0,clean,other,2T1BURHE2JC069278,fwd,sedan,white,3.0,19600.0
27990,toyota,tacomadoublecabpickup,good,6 cylinders,gas,67245.0,clean,other,5TFLU4EN4CX030112,4wd,pickup,silver,9.0,30800.0
42590,mercedes-benz,slclasssl400,good,6 cylinders,gas,24048.0,clean,other,WDDJK6FA7FF036233,rwd,convertible,black,6.0,62600.0
1995,dodge,grandcaravansport,good,6 cylinders,gas,231373.0,clean,automatic,2B4GP443X2R754678,fwd,mini-van,silver,19.0,23800.0
6499,ford,edge,excellent,6 cylinders,gas,145961.0,clean,automatic,2FMDK39C18BB33625,fwd,SUV,white,13.0,29300.0
35990,dodge,challengerrtcoupe2d,good,8 cylinders,gas,6933.0,clean,other,2C3CDZBT0LH119099,rwd,coupe,white,1.0,38500.0
24995,bmw,328igtxdriveawd,excellent,4 cylinders,gas,31818.0,clean,automatic,WBA8Z5C54FD671554,4wd,hatchback,silver,6.0,39750.0
17990,gmc,acadia,good,6 cylinders,gas,76839.0,clean,automatic,1GKKRPKD2GJ143371,fwd,SUV,white,5.0,36400.0
6995,kia,soul,excellent,4 cylinders,gas,90502.0,clean,manual,KNDJT2A18B7268352,fwd,wagon,silver,10.0,15000.0
6999,ford,fiestase,excellent,4 cylinders,gas,84974.0,clean,automatic,3FADP4EJ0BM238135,fwd,hatchback,red,10.0,15300.0
35990,toyota,4runnersr5sportutility,good,6 cylinders,gas,33556.0,clean,other,JTEBU5JR7L5790715,4wd,SUV,black,1.0,40000.0
5000,gmc,envoy,good,6 cylinders,gas,123000.0,clean,automatic,1GKDT13S652272631,4wd,SUV,silver,16.0,40985.0
4555,chrysler,ptcruiser,excellent,4 cylinders,gas,182541.0,clean,automatic,3C4FY58B55T537205,fwd,hatchback,red,16.0,23000.0
34995,gmc,sierra2500hd,good,8 cylinders,diesel,178800.0,clean,automatic,1GT125E81EF134398,4wd,truck,white,7.0,64205.0
7995,hyundai,accentse,excellent,4 cylinders,gas,31691.0,rebuilt,automatic,KMHCT4AE3HU238768,fwd,sedan,grey,4.0,16500.0
51990,chevrolet,corvettestingrayz51,good,8 cylinders,gas,7389.0,clean,other,1G1YH3D76F5119261,rwd,convertible,black,6.0,55300.0
20900,chevrolet,corvette,good,8 cylinders,gas,49446.0,clean,manual,1G1YY32G635129822,fwd,convertible,black,18.0,49995.0
13500,ford,mustang,excellent,8 cylinders,gas,71400.0,clean,automatic,1ZVFT82H275255570,rwd,coupe,grey,14.0,29350.0
25990,chevrolet,camaroltcoupe2d,good,6 cylinders,gas,21938.0,clean,other,1G1FB1RS0L0113491,rwd,coupe,green,1.0,26400.0
48900,ford,superdutyf250srw,excellent,8 cylinders,diesel,134000.0,clean,automatic,1FT7W2BT4FEA02443,4wd,truck,white,6.0,56200.0
11495,chevrolet,silverado1500,good,8 cylinders,gas,196433.0,clean,automatic,1GCRKSE01DZ326610,4wd,truck,silver,8.0,39500.0
8990,ford,focus,excellent,4 cylinders,gas,59615.0,clean,automatic,1FADP3F21EL178695,fwd,sedan,black,7.0,19700.0
35590,ram,1500crewcabbighorn,good,8 cylinders,gas,22401.0,clean,other,1C6RR7LT4HS667558,4wd,pickup,blue,4.0,40500.0
5998,toyota,sienna,excellent,6 cylinders,gas,154000.0,clean,automatic,5TDZA23C76S497205,fwd,mini-van,silver,15.0,26500.0
6488,ford,focus,good,4 cylinders,gas,130647.0,clean,automatic,1FADP3K20FL302785,fwd,hatchback,white,6.0,19995.0
59990,ford,superdutyf550drw,good,8 cylinders,diesel,31337.0,clean,automatic,1FD0X5HTXHEB33429,4wd,truck,white,4.0,67500.0
11995,dodge,grandcaravan,good,6 cylinders,gas,67595.0,clean,automatic,2C4RDGBG5CR335859,fwd,van,silver,9.0,29800.0
10900,ford,mustang,excellent,6 cylinders,gas,109268.0,clean,automatic,1ZVBP8EM8B5122333,rwd,convertible,black,10.0,30995.0
6995,toyota,priusii,excellent,4 cylinders,gas,140800.0,clean,automatic,JTDKN3DU4C1544766,fwd,hatchback,white,9.0,24000.0
37990,chevrolet,corvettegrandsport,good,8 cylinders,other,56302.0,clean,other,1G1YS3DW5A5103103,rwd,other,red,11.0,56150.0
6495,ford,fusion,excellent,6 cylinders,gas,138917.0,clean,automatic,3FAHP0CG9AR340536,4wd,sedan,silver,11.0,27600.0
34590,chevrolet,silverado1500double,good,6 cylinders,gas,29499.0,clean,other,1GCVKREH6GZ228691,4wd,pickup,silver,5.0,38000.0
31995,ford,f250sd,excellent,8 cylinders,gas,91200.0,clean,automatic,1FT7W2B67EEA75475,4wd,truck,black,7.0,50600.0
25990,dodge,grandcaravanpassengerse,good,6 cylinders,gas,28.0,clean,other,2C4RDGBG7KR782806,fwd,van,black,2.0,29500.0
37995,chevrolet,silverado1500,excellent,8 cylinders,gas,93481.0,clean,automatic,3GCUKREC1HG277900,4wd,pickup,silver,4.0,38500.0
31395,chevrolet,silverado1500lt4x4,excellent,8 cylinders,gas,115781.0,clean,automatic,1GCVKREC4GZ239810,4wd,truck,brown,5.0,41000.0
20990,chrysler,300limitedsedan4d,good,6 cylinders,gas,32293.0,clean,other,2C3CCAAG6HH541670,rwd,sedan,black,4.0,33995.0
19995,volkswagen,golfgti,excellent,4 cylinders,gas,54701.0,clean,automatic,3VW447AU4HM047473,fwd,hatchback,black,4.0,26000.0
17995,ford,explorerlimited,excellent,6 cylinders,gas,86189.0,clean,automatic,1FM5K7F89EGC24285,fwd,SUV,grey,7.0,42000.0
25990,dodge,chargersxtsedan4d,good,6 cylinders,gas,31154.0,clean,other,2C3CDXBG6KH672622,rwd,sedan,red,2.0,30695.0
18200,mercedes-benz,cla,excellent,4 cylinders,gas,100000.0,clean,automatic,WDDSJ4GB0EN160822,4wd,sedan,red,7.0,36800.0
12999,cadillac,ats,excellent,4 cylinders,gas,101196.0,clean,automatic,1G6AA5RA7D0173274,rwd,sedan,black,8.0,33995.0
18895,ford,flex,good,6 cylinders,gas,86208.0,clean,other,2FMHK6C81FBA21170,4wd,SUV,silver,6.0,33500.0
45300,ram,3500bighorn,excellent,6 cylinders,diesel,34125.0,rebuilt,automatic,3C63R3LL4JG236634,4wd,truck,black,3.0,57700.0
10000,chevrolet,cruzelimited,excellent,4 cylinders,gas,99728.0,clean,automatic,1G1PE5SB1G7111243,fwd,sedan,white,5.0,19000.0
6950,volkswagen,tiguan,excellent,4 cylinders,gas,125495.0,clean,automatic,WVGBV7AX7AW537599,4wd,SUV,grey,11.0,29000.0
37590,chevrolet,corvettegrandsport,good,8 cylinders,gas,42017.0,clean,other,1G1YW2DW4B5109555,rwd,coupe,red,10.0,59400.0
10500,ford,f250,good,8 cylinders,diesel,190000.0,clean,manual,1FTSX21RX8EC31905,4wd,truck,black,13.0,47000.0
44990,chevrolet,corvettestingray,good,8 cylinders,gas,22973.0,clean,other,1G1YF2D7XE5108892,rwd,coupe,black,7.0,70300.0
10500,honda,crvlx,excellent,4 cylinders,gas,119000.0,clean,automatic,5J6RM4H38CL053821,4wd,SUV,red,9.0,25000.0
18900,jeep,grandcherokee,excellent,6 cylinders,gas,68003.0,clean,automatic,1C4RJFAG4EC458360,4wd,SUV,black,7.0,38500.0
13995,pontiac,solstice,like new,4 cylinders,gas,31444.0,clean,manual,1G2MG35X68Y101517,rwd,convertible,orange,13.0,30300.0
13997,lexus,es350,excellent,6 cylinders,gas,71934.0,clean,automatic,JTHBJ46G772129139,fwd,sedan,silver,14.0,36100.0
46995,gmc,sierra2500hd,good,8 cylinders,diesel,189470.0,clean,automatic,1GT12UEY7HF123923,4wd,truck,custom,4.0,69400.0
23500,ford,expedition,excellent,8 cylinders,gas,131000.0,clean,automatic,1FMJU2AT3FEF21296,4wd,SUV,black,6.0,65700.0
8000,kia,sorento,excellent,6 cylinders,gas,133645.0,clean,automatic,5XYKWDA25CG234941,4wd,SUV,white,9.0,33000.0
16995,ford,explorer,excellent,6 cylinders,gas,95000.0,clean,automatic,1FM5K7D89EGB89508,4wd,SUV,grey,7.0,32750.0
11900,toyota,highlander,good,6 cylinders,gas,114673.0,clean,automatic,JTEDS43A682032258,rwd,SUV,blue,13.0,30000.0
7975,ford,focus,excellent,4 cylinders,gas,97715.0,clean,automatic,1FADP3K28GL374903,fwd,hatchback,white,5.0,19900.0
13999,bmw,x6,excellent,6 cylinders,gas,162990.0,clean,automatic,5UXFG43539L223678,4wd,SUV,blue,12.0,55000.0
7999,subaru,outback25i,excellent,4 cylinders,gas,163118.0,clean,automatic,4S4BRBJC8B3354437,4wd,wagon,blue,10.0,30300.0
25990,gmc,acadiaslt2sportutility,good,6 cylinders,gas,70640.0,clean,other,1GKKNNLS8KZ159484,fwd,SUV,white,2.0,38500.0
39990,lexus,is350fsportsedan4d,good,6 cylinders,gas,8820.0,clean,other,JTHGZ1B26L5035835,rwd,sedan,white,1.0,41300.0
38590,mercedes-benz,cclassc63amg,good,8 cylinders,gas,39558.0,clean,automatic,WDDGJ7HB1EG206426,rwd,coupe,black,7.0,63450.0
19500,gmc,acadia,excellent,6 cylinders,gas,83000.0,clean,automatic,1GKKVRKD5FJ316208,4wd,SUV,silver,6.0,39500.0
5995,chrysler,200limitednavigation,excellent,6 cylinders,gas,129610.0,clean,automatic,1C3BC2FG1BN518290,fwd,sedan,black,10.0,29995.0
18500,subaru,imprezawrx,excellent,4 cylinders,gas,88950.0,clean,other,JF1GV7E67CG003050,4wd,sedan,white,9.0,28995.0
34990,jeep,grandcherokeetrailhawk,good,6 cylinders,gas,37509.0,clean,other,1C4RJFLG1JC138453,4wd,other,black,3.0,44800.0
28995,mercedes-benz,glclass,excellent,8 cylinders,gas,118492.0,clean,automatic,4JGDF7DE3FA464817,4wd,SUV,white,6.0,82000.0
8490,honda,crvlx4wdat,excellent,4 cylinders,gas,141366.0,clean,automatic,JHLRE48398C076019,4wd,SUV,blue,13.0,25000.0
13500,ford,superdutyf350srw,good,8 cylinders,gas,34000.0,clean,automatic,1FTWF31568EE48875,4wd,pickup,red,13.0,38600.0
17300,dodge,grandcaravangt,like new,6 cylinders,gas,44100.0,clean,automatic,2C4RDGEG7KR687836,fwd,mini-van,white,2.0,30795.0
49900,chevrolet,silverado2500hd,excellent,8 cylinders,diesel,64777.0,clean,automatic,1GC1KVEY8HF138842,fwd,truck,white,4.0,60000.0
13980,dodge,journeysxt,excellent,6 cylinders,gas,68475.0,clean,automatic,3C4PDCBG6GT153400,fwd,SUV,black,5.0,25395.0
6499,toyota,sienna,excellent,6 cylinders,gas,153000.0,clean,automatic,5TDZA22C96S544171,fwd,van,silver,15.0,36000.0
29900,chevrolet,suburbanls,good,8 cylinders,other,129481.0,clean,other,1GNSCHKC6FR201256,rwd,other,black,6.0,48495.0
5995,honda,accordsdn,good,6 cylinders,gas,143342.0,clean,automatic,1HGCM66554A032628,fwd,sedan,white,17.0,24900.0
38900,chevrolet,silverado2500hd,excellent,8 cylinders,diesel,132000.0,clean,automatic,1GC1KYC84CF110727,4wd,truck,silver,9.0,62000.0
15800,ford,superdutyf350srw,good,8 cylinders,diesel,77000.0,clean,automatic,1FTWF31R18ED05979,4wd,pickup,grey,13.0,40800.0
8000,lexus,es330,excellent,6 cylinders,gas,114809.0,clean,automatic,JTHBA30G055082924,fwd,sedan,blue,16.0,35000.0
33675,rover,sport,good,6 cylinders,gas,72617.0,clean,automatic,SALWR2WF8EA395787,4wd,SUV,grey,7.0,65900.0
1300,volkswagen,touareg,fair,8 cylinders,gas,159577.0,clean,automatic,WVGCM77LX4D084185,4wd,SUV,black,17.0,49000.0
9488,hyundai,sonatase,excellent,4 cylinders,gas,97000.0,clean,automatic,5NPE24AF1GH395250,fwd,sedan,white,5.0,22000.0
23990,dodge,grandcaravanpassengerse,good,6 cylinders,gas,13337.0,clean,other,2C4RDGBG8KR805770,fwd,van,silver,2.0,29295.0
9996,toyota,corolla,good,4 cylinders,gas,83160.0,clean,automatic,2T1BURHE6EC174637,fwd,sedan,silver,7.0,18000.0
12938,honda,accordcpeex,good,4 cylinders,gas,112592.0,clean,automatic,1HGCT1B78DA014363,fwd,coupe,blue,8.0,22995.0
6995,dodge,dart,good,4 cylinders,gas,78300.0,clean,automatic,1C3CDFBA1DD176293,fwd,sedan,blue,8.0,18895.0
16995,ford,transit,good,6 cylinders,gas,80384.0,clean,automatic,1FMZK1ZM3FKB33177,rwd,van,silver,6.0,33500.0
17995,ford,f150,excellent,8 cylinders,gas,126786.0,clean,automatic,1FTFW1EF6BKD36061,4wd,pickup,white,10.0,39600.0
20900,jeep,compass,excellent,4 cylinders,gas,33622.0,rebuilt,automatic,3C4NJDDB2KT627326,4wd,SUV,red,2.0,32500.0
12000,bmw,x5,like new,6 cylinders,gas,116905.0,clean,automatic,5UXZV4C55BL740473,4wd,sedan,black,10.0,57000.0
9999,mazda,mazda3,excellent,4 cylinders,gas,99091.0,clean,automatic,JM1BL1TG8D1749417,fwd,sedan,white,8.0,18000.0
20590,chrysler,300limitedsedan4d,good,6 cylinders,gas,71021.0,clean,other,2C3CCAEG6JH123125,rwd,sedan,black,3.0,36000.0
14995,chrysler,200limited,excellent,4 cylinders,gas,28124.0,clean,automatic,1C3CCCAB8GN167777,fwd,sedan,grey,5.0,25300.0
35597,cadillac,xt5,excellent,6 cylinders,gas,31273.0,clean,automatic,1GYKNDRS3LZ187671,4wd,SUV,silver,1.0,57990.0
4000,subaru,outbackxtlimited,good,4 cylinders,gas,134250.0,rebuilt,manual,4S4BP63C096312113,4wd,wagon,blue,12.0,30300.0
2995,lincoln,towncar,good,8 cylinders,gas,156172.0,clean,automatic,1LNHM81W82Y614481,rwd,sedan,green,19.0,42940.0
12900,kia,sedona,excellent,6 cylinders,gas,112996.0,clean,automatic,KNDMB5C13F6041810,fwd,van,custom,6.0,28300.0
19995,ford,f150,excellent,8 cylinders,gas,91000.0,clean,automatic,1FTFX1CF0DFA73934,rwd,truck,silver,8.0,36745.0
16995,ford,explorer,excellent,6 cylinders,gas,115144.0,clean,automatic,1FMHK7F85BGA33133,fwd,SUV,grey,10.0,38850.0
3750,hyundai,accent,good,4 cylinders,gas,105979.0,clean,automatic,KMHCN46C79U386697,fwd,sedan,custom,12.0,15000.0
36990,lexus,rx350,excellent,6 cylinders,gas,19306.0,clean,automatic,2T2BZMCA8HC088867,4wd,SUV,white,4.0,42550.0
13500,porsche,boxster,excellent,6 cylinders,gas,122723.0,clean,automatic,WP0CB29845U730151,rwd,convertible,blue,16.0,57500.0
7000,toyota,highlander,excellent,6 cylinders,gas,108082.0,salvage,automatic,JTEDP21A460095117,fwd,SUV,red,15.0,28100.0
4200,hyundai,santafelimitedawd,excellent,6 cylinders,gas,160000.0,clean,automatic,5NMSH73E57H046368,4wd,SUV,green,14.0,28800.0
37995,ford,transit,excellent,6 cylinders,gas,32000.0,clean,automatic,1FTBR3X86LKA43875,rwd,van,white,1.0,41000.0
6995,chevrolet,cruze2lt,excellent,4 cylinders,gas,113110.0,clean,automatic,1G1PG5SC3C7318990,fwd,sedan,black,9.0,18500.0
13990,audi,a3,excellent,4 cylinders,gas,90864.0,clean,automatic,WAUACGFF0F1039669,fwd,sedan,black,6.0,31900.0
16400,honda,crv,excellent,4 cylinders,gas,131545.0,clean,automatic,5J6RM4H71FL047835,4wd,SUV,silver,6.0,30500.0
37990,toyota,tundradoublecabsr,good,8 cylinders,gas,22870.0,clean,other,5TFUM5F13GX069124,4wd,pickup,black,5.0,44900.0
9995,chevrolet,traverse,good,6 cylinders,gas,112974.0,clean,automatic,1GNKRGEDXBJ366961,fwd,wagon,custom,10.0,30730.0
4750,subaru,legacyl,good,4 cylinders,gas,115661.0,clean,automatic,4S3BE635636212116,4wd,sedan,silver,18.0,19895.0
14900,kia,sportage,excellent,4 cylinders,gas,75546.0,clean,automatic,KNDPBCAC0G7864373,4wd,SUV,grey,5.0,24800.0
33990,mercedes-benz,eclasse63amg,good,8 cylinders,gas,88107.0,clean,automatic,WDDHF7EB7CA570344,rwd,sedan,white,9.0,102000.0
12999,hyundai,veloster,excellent,4 cylinders,gas,78554.0,clean,automatic,KMHTC6AD2FU239829,fwd,coupe,red,6.0,19700.0
22990,acura,rlxsedan4d,good,6 cylinders,gas,37367.0,clean,other,JH4KC1F54FC000615,fwd,sedan,silver,6.0,60500.0
34590,chevrolet,silverado1500double,good,6 cylinders,gas,29499.0,clean,other,1GCVKREH6GZ228691,4wd,pickup,silver,5.0,39500.0
10900,ford,f150,good,8 cylinders,gas,200066.0,clean,automatic,1FTFW1EV0AFD26723,4wd,truck,black,11.0,36500.0
29990,chevrolet,coloradoextendedcab,good,6 cylinders,gas,17302.0,clean,other,1GCHTCE37G1186784,4wd,pickup,red,5.0,35700.0
23990,chevrolet,silverado3500classic,good,8 cylinders,gas,32853.0,clean,automatic,1GBJC34U87E120320,rwd,truck,white,14.0,36000.0
34995,chevrolet,silverado1500,like new,8 cylinders,gas,87132.0,clean,automatic,3GCUKRECXFG497050,4wd,truck,black,6.0,39400.0
16999,chrysler,300,excellent,6 cylinders,gas,74465.0,clean,automatic,2C3CCAEG5GH252613,rwd,sedan,white,5.0,41100.0
15999,toyota,camry,good,4 cylinders,gas,80110.0,clean,automatic,4T1BF1FK9HU788962,rwd,sedan,grey,4.0,25220.0
30990,dodge,challengerrtcoupe2d,good,8 cylinders,gas,38399.0,clean,other,2C3CDZBTXHH561296,rwd,coupe,black,4.0,32295.0
29590,ford,expeditionxltsport,good,6 cylinders,gas,70760.0,clean,other,1FMJU1JT1HEA52352,4wd,SUV,blue,4.0,58355.0
20900,audi,s5,excellent,8 cylinders,gas,80700.0,clean,automatic,WAUVVAFRXAA042672,4wd,coupe,black,11.0,51000.0
9999,ford,focus,good,4 cylinders,gas,76525.0,clean,automatic,1FADP3N23GL383407,fwd,hatchback,silver,5.0,24300.0
32990,ford,mustanggtcoupe2d,good,8 cylinders,gas,27726.0,clean,other,1FA6P8CF8J5184067,rwd,coupe,red,3.0,42500.0
19999,gmc,sierra1500,excellent,8 cylinders,gas,81000.0,clean,automatic,1GTR1VE07BZ321929,rwd,pickup,white,10.0,32700.0
28590,chevrolet,blazer2ltsport,good,6 cylinders,gas,23252.0,clean,other,3GNKBCRS6LS618954,fwd,other,silver,1.0,35795.0
7900,volkswagen,jettavi,good,4 cylinders,gas,91550.0,clean,automatic,3VWD17AJ7FM247680,fwd,sedan,blue,6.0,22495.0
15900,chevrolet,impala,excellent,6 cylinders,gas,70740.0,clean,automatic,2G1105S30H9183953,fwd,sedan,black,4.0,30700.0
23965,subaru,outback25itouring,excellent,4 cylinders,gas,53377.0,clean,automatic,4S4BSATC1H3351150,4wd,hatchback,white,4.0,34600.0
34990,gmc,canyoncrewcabslepickup,good,6 cylinders,gas,34425.0,clean,other,1GTG6CE36G1115577,4wd,pickup,red,5.0,35500.0
39590,ford,mustanggtpremiumcoupe2d,good,8 cylinders,gas,1419.0,clean,other,1FA6P8CF5L5136223,rwd,coupe,white,1.0,42530.0
36590,buick,enclaveessencesport,good,6 cylinders,gas,3993.0,clean,other,5GAERBKW4LJ317921,fwd,other,white,1.0,43800.0
14998,honda,civicex,good,4 cylinders,gas,110462.0,clean,automatic,SHHFK7H51HU422397,fwd,hatchback,grey,4.0,22700.0
2200,jeep,liberty,good,6 cylinders,gas,215000.0,clean,automatic,1J4GL58K43W730949,4wd,SUV,brown,18.0,32200.0
31475,ram,2500,good,8 cylinders,gas,113267.0,clean,automatic,3C6UR5CJ1HG501924,4wd,truck,white,4.0,41400.0
29590,ford,expeditionxltsport,good,6 cylinders,gas,70760.0,clean,other,1FMJU1JT1HEA52352,4wd,SUV,blue,4.0,51715.0
3800,toyota,prius,good,4 cylinders,hybrid,255000.0,clean,automatic,JTDKB20UX57020904,fwd,hatchback,blue,16.0,23900.0
22250,nissan,leafsvplushatchback4d,excellent,other,electric,16450.0,clean,automatic,1N4BZ1CP6KC313090,fwd,hatchback,white,2.0,29990.0
16988,ram,promastercitycargovan,good,4 cylinders,gas,89068.0,clean,automatic,ZFBERFAB1H6D84092,fwd,van,white,4.0,23000.0
19900,chevrolet,colorado,excellent,4 cylinders,gas,77495.0,clean,automatic,1GCHSBEA7G1210089,rwd,truck,red,5.0,20500.0
13950,honda,pilot,excellent,6 cylinders,gas,152450.0,clean,manual,5FNYF4H69CB002708,4wd,SUV,blue,9.0,39995.0
36990,ford,f150supercrewcabxlt,good,6 cylinders,other,15443.0,clean,automatic,1FTEW1EG9HFC85502,4wd,pickup,red,4.0,45700.0
43990,ram,1500crewcabbighorn,good,8 cylinders,gas,17352.0,clean,other,1C6SRFFT7KN755503,4wd,pickup,black,2.0,45400.0
52900,gmc,sierra2500hd,excellent,8 cylinders,diesel,104000.0,clean,automatic,1GT12UE88GF101539,4wd,truck,black,5.0,65000.0
3900,toyota,camry,good,4 cylinders,gas,225661.0,clean,automatic,4T1BE32K65U526591,fwd,sedan,blue,16.0,22260.0
30990,lincoln,continentalselectsedan,good,6 cylinders,gas,25786.0,clean,other,1LN6L9SK1K5600547,fwd,sedan,silver,2.0,55000.0
16995,chevrolet,camaro,excellent,6 cylinders,gas,87392.0,clean,automatic,2G1FB1E3XD9159433,rwd,coupe,red,8.0,25000.0
6200,toyota,rav4,fair,4 cylinders,gas,172000.0,clean,automatic,JTMBD31V185182072,4wd,SUV,white,13.0,29200.0
27990,gmc,sierra2500hdextendedcab,good,8 cylinders,gas,68696.0,clean,other,1GT220CG8CZ231238,4wd,pickup,black,9.0,39500.0
35590,dodge,challengersrt8coupe2d,good,8 cylinders,gas,16796.0,clean,other,2B3CJ7DJ7BH589702,rwd,coupe,green,10.0,45000.0
13900,lexus,es350,excellent,6 cylinders,gas,62160.0,clean,automatic,JTHBJ46G092322381,fwd,sedan,black,12.0,35150.0
4495,ford,taurus,good,6 cylinders,gas,106364.0,clean,automatic,1FAFP52UX3G113961,fwd,sedan,grey,18.0,21495.0
6950,buick,lacrosse,good,6 cylinders,gas,81023.0,clean,automatic,2G4WD582981268820,fwd,other,blue,13.0,29125.0
6495,chevrolet,cruze,excellent,4 cylinders,gas,150608.0,clean,automatic,1G1PH5SC3C7117751,fwd,sedan,white,9.0,22380.0
31990,dodge,chargergtsedan4d,good,6 cylinders,other,10410.0,clean,other,2C3CDXHG7LH122869,rwd,sedan,white,1.0,34200.0
28590,jeep,grandcherokeelaredosport,good,6 cylinders,gas,22898.0,clean,other,1C4RJFAG2JC333416,4wd,other,black,3.0,34000.0
38990,ram,1500classiccrewcab,good,8 cylinders,other,6482.0,clean,other,1C6RR7KT9KS646990,4wd,pickup,white,2.0,42900.0
16995,toyota,camryhybridse,good,4 cylinders,electric,104263.0,clean,automatic,4T1BD1FK1GU191695,fwd,sedan,black,5.0,28600.0
51990,cadillac,escaladeesvpremium,good,8 cylinders,other,72367.0,clean,automatic,1GYS4JKJ6JR198941,4wd,SUV,black,3.0,83600.0
8950,honda,odysseyexl,good,6 cylinders,gas,164406.0,clean,automatic,5FNRL5H6XBB060957,fwd,mini-van,grey,10.0,34800.0
11990,chevrolet,silverado1500,good,8 cylinders,gas,146515.0,clean,automatic,1GCEK14058E126112,4wd,truck,white,13.0,32100.0
33995,ford,f150lariatsupercrew4x4,excellent,8 cylinders,gas,102019.0,clean,automatic,1FTEW1EF7FKF09197,4wd,truck,white,6.0,47000.0
11999,chrysler,townandcountry,good,6 cylinders,other,96589.0,clean,automatic,2C4RC1CG9DR759948,fwd,mini-van,silver,8.0,35500.0
29990,jeep,wranglersportsuv2d,good,6 cylinders,gas,28680.0,clean,other,1C4AJWAG4HL704941,4wd,other,black,4.0,30300.0
54995,mercedes-benz,gleclass,good,4 cylinders,gas,14426.0,clean,automatic,4JGFB4KB7LA079655,4wd,SUV,black,1.0,59000.0
29990,jeep,wranglersportsuv2d,good,6 cylinders,gas,28680.0,clean,other,1C4AJWAG4HL704941,4wd,other,black,4.0,29990.0
19900,toyota,camry,good,4 cylinders,gas,55292.0,clean,automatic,4T1B11HK4KU219844,fwd,sedan,grey,2.0,24100.0
29900,chevrolet,silverado1500,excellent,8 cylinders,gas,121317.0,clean,automatic,1GCVKREC8JZ171843,4wd,truck,silver,3.0,40300.0
9995,volkswagen,jetta14turbo,excellent,4 cylinders,gas,102000.0,clean,automatic,3VW267AJ1GM260984,fwd,sedan,silver,5.0,18300.0
6490,hyundai,velosterbase3drcoupe,excellent,4 cylinders,gas,106804.0,clean,automatic,KMHTC6AD2DU088973,fwd,coupe,red,8.0,18800.0
30750,lexus,gx460luxury,like new,8 cylinders,gas,99500.0,clean,automatic,JTJBM7FX2F5104511,4wd,SUV,silver,6.0,62800.0
8950,honda,crvexfwd,excellent,4 cylinders,gas,209745.0,clean,automatic,3CZRE38559G703428,fwd,SUV,red,12.0,24000.0
18499,chevrolet,corvette,excellent,8 cylinders,gas,65719.0,clean,manual,1G1YY22G915104498,rwd,coupe,silver,20.0,48500.0
28950,ram,3500,good,8 cylinders,gas,102000.0,clean,automatic,3C63R3CJ3FG591137,4wd,truck,grey,6.0,45900.0
5995,lexus,es300,good,6 cylinders,gas,162901.0,clean,automatic,JTHBF30G820040804,fwd,sedan,white,19.0,32500.0
8750,subaru,impreza,like new,4 cylinders,gas,115190.0,clean,automatic,JF1GPAA60CH202402,4wd,SUV,blue,9.0,18495.0
25990,dodge,challengerrtclassic,good,8 cylinders,gas,37374.0,clean,other,2C3CDYBT2EH136869,rwd,coupe,white,7.0,31395.0
42900,ford,superdutyf250srw,excellent,8 cylinders,diesel,145000.0,clean,automatic,1FT7W2BT2DEB73222,4wd,truck,black,8.0,53300.0
22500,dodge,durangolimited,excellent,6 cylinders,gas,89068.0,clean,automatic,1C4RDJDG1FC689997,4wd,pickup,silver,6.0,39500.0
26900,cadillac,xt5luxurypremium,like new,6 cylinders,gas,19700.0,rebuilt,automatic,1GYKNERS4KZ173816,fwd,SUV,red,2.0,51800.0
21995,ford,transitcargovan,good,6 cylinders,other,76751.0,clean,automatic,1FTNR1ZM1FKA84916,rwd,van,white,6.0,32300.0
2000,bmw,x3awd,excellent,6 cylinders,gas,143143.0,clean,automatic,WBXPA934X6WD25622,4wd,SUV,black,15.0,45000.0
23900,chevrolet,corvette,like new,8 cylinders,gas,35500.0,clean,automatic,1G1YY32G645125092,rwd,convertible,silver,17.0,50000.0
38900,chevrolet,silverado2500hd,excellent,8 cylinders,diesel,132000.0,clean,automatic,1GC1KYC84CF110727,4wd,truck,silver,9.0,50100.0
28250,lexus,es,excellent,6 cylinders,gas,35632.0,clean,automatic,58ABK1GG0HU064561,fwd,sedan,black,4.0,38000.0
26990,infiniti,qx6035sportutility,good,6 cylinders,gas,24374.0,clean,other,5N1AL0MN8GC521781,fwd,SUV,black,5.0,43900.0
19990,chevrolet,silverado1500,like new,8 cylinders,gas,92482.0,clean,automatic,3GCPKREAXCG256998,4wd,pickup,silver,9.0,35900.0
9950,nissan,altima,good,6 cylinders,gas,82708.0,clean,automatic,1N4BL2AP0CN418174,fwd,sedan,white,9.0,24670.0
13988,toyota,priuschybrid,excellent,4 cylinders,hybrid,44789.0,clean,automatic,JTDKDTB34D1042340,fwd,hatchback,grey,8.0,19200.0
8995,jeep,compass,excellent,4 cylinders,gas,90867.0,clean,automatic,1C4NJDEB2CD637957,4wd,SUV,white,9.0,22795.0
33900,ram,1500bighorn,excellent,6 cylinders,gas,53780.0,clean,automatic,1C6RR7LG5HS810570,4wd,truck,white,4.0,39600.0
12950,jeep,libertysport4wd,excellent,6 cylinders,gas,57000.0,clean,automatic,1C4PJMAK4CW159110,4wd,SUV,green,9.0,27500.0
11995,toyota,corolla,excellent,4 cylinders,gas,64218.0,clean,automatic,5YFBPRHE8EP107612,fwd,sedan,white,7.0,18400.0
9950,chevrolet,equinox,excellent,4 cylinders,gas,120148.0,clean,automatic,2GNALBEK1C1197343,fwd,SUV,grey,9.0,22995.0
39590,ford,mustanggtpremiumcoupe2d,good,8 cylinders,gas,1419.0,clean,other,1FA6P8CF5L5136223,rwd,coupe,white,1.0,42600.0
41990,lincoln,continentalreserve,good,6 cylinders,gas,9345.0,clean,other,1LN6L9RP8K5604130,fwd,sedan,blue,2.0,68000.0
37990,chevrolet,camarosscoupe2d,good,8 cylinders,gas,9704.0,clean,other,1G1FF1R79G0140582,rwd,coupe,red,5.0,38500.0
7995,toyota,prius,like new,4 cylinders,hybrid,138750.0,clean,automatic,JTDKN3DUXD5548413,fwd,hatchback,white,8.0,24500.0
39990,ram,1500crewcablaramiepickup,good,8 cylinders,gas,53392.0,clean,other,1C6SRFRT8KN680340,4wd,pickup,green,2.0,46500.0
13950,ram,pickup1500,excellent,8 cylinders,gas,150245.0,clean,automatic,1C6RR7FT8DS519905,4wd,truck,red,8.0,35000.0
17990,mitsubishi,outlandergtsport,good,6 cylinders,gas,59014.0,clean,other,JA4JZ4AX3FZ014258,4wd,other,silver,6.0,31600.0
7250,lexus,es330,excellent,6 cylinders,gas,102503.0,clean,automatic,JTHBA30G645037808,fwd,sedan,black,17.0,33000.0
3999,hyundai,sonata,like new,6 cylinders,gas,174000.0,clean,automatic,5NPEU46F88H317908,fwd,sedan,silver,13.0,19300.0
22900,ford,edgeselawd,excellent,6 cylinders,gas,78000.0,clean,automatic,2FMPK4K81GBB11180,4wd,SUV,grey,5.0,40500.0
72599,lincoln,navigator,excellent,6 cylinders,gas,32191.0,clean,automatic,5LMJJ3LT2LEL07436,4wd,SUV,black,1.0,86800.0
8999,bmw,x3xdrive28i,like new,6 cylinders,gas,88480.0,clean,automatic,WBXPA93416WG76032,4wd,SUV,blue,15.0,36500.0
17995,chevrolet,expresspassenger,good,8 cylinders,gas,73255.0,clean,automatic,1GAZG1FG3D1134992,rwd,van,silver,8.0,39300.0
7995,honda,odyssey,excellent,6 cylinders,gas,137781.0,clean,automatic,5FNRL38779B011478,fwd,mini-van,grey,12.0,31400.0
9850,volkswagen,jetta,good,4 cylinders,gas,85155.0,clean,other,3VW4A7AJ5DM415359,fwd,sedan,black,8.0,29900.0
13999,ford,ranger,excellent,6 cylinders,gas,145312.0,clean,manual,1FTZR15E36PA90381,4wd,pickup,grey,15.0,24680.0
8950,jeep,patriot,excellent,4 cylinders,gas,139449.0,clean,automatic,1J4FT28BX9D240336,fwd,SUV,white,12.0,17800.0
7999,honda,crvex4wd,excellent,4 cylinders,gas,65000.0,clean,automatic,JHLRE485X8C034072,4wd,SUV,blue,13.0,27900.0
12996,toyota,tacoma4x4,good,4 cylinders,gas,159369.0,clean,automatic,5TEHN72NX3Z303572,fwd,pickup,red,18.0,24500.0
8248,ford,edge,excellent,6 cylinders,gas,79572.0,clean,automatic,2FMDK36C68BB09406,fwd,sedan,silver,13.0,26040.0
34990,jeep,grandcherokeetrailhawk,good,6 cylinders,gas,37509.0,clean,other,1C4RJFLG1JC138453,4wd,other,black,3.0,41700.0
7995,toyota,rav4,good,4 cylinders,gas,170941.0,clean,automatic,JTMZD33V685098700,fwd,SUV,custom,13.0,23350.0
29995,gmc,sierra2500hd,good,8 cylinders,gas,140005.0,clean,automatic,1GT12SEG9GF276801,4wd,truck,black,5.0,40000.0
27675,hyundai,santafe,good,6 cylinders,gas,52891.0,clean,automatic,KM8SR4HF8JU280531,fwd,SUV,white,3.0,38000.0
31590,ford,f150supercabxlpickup4d,good,6 cylinders,gas,18056.0,clean,automatic,1FTEX1EP0HFB02856,4wd,pickup,blue,4.0,39500.0
31990,ram,1500quadcabharvestpickup,good,6 cylinders,gas,27426.0,clean,other,1C6RR7GG8JS247420,4wd,pickup,white,3.0,38500.0
12985,audi,q5,excellent,6 cylinders,gas,89203.0,clean,automatic,WA1LKAFP9AA067896,4wd,SUV,silver,11.0,42600.0
34590,ford,mustanggtpremium,good,8 cylinders,gas,30970.0,clean,other,1FATP8FF6F5341651,rwd,other,white,6.0,42000.0
20977,gmc,sierra1500sle,good,8 cylinders,other,91061.0,clean,automatic,3GTP2VE71CG177023,4wd,pickup,black,9.0,38500.0
10999,ford,fusionsehybrid,new,6 cylinders,hybrid,117881.0,clean,automatic,3FA6P0LUXER198099,fwd,sedan,grey,7.0,28800.0
38990,ford,f150supercrewcablariat,good,6 cylinders,gas,47518.0,clean,other,1FTEW1EG3FKD27442,4wd,pickup,red,6.0,40000.0
6995,hyundai,accent,good,4 cylinders,gas,123320.0,clean,automatic,KMHCT4AE2FU908954,fwd,sedan,white,6.0,16400.0
9909,ford,flexsel,excellent,6 cylinders,gas,160952.0,clean,automatic,2FMDK52C59BA17724,fwd,wagon,black,12.0,30195.0
12388,hyundai,elantrase,good,4 cylinders,gas,71745.0,clean,automatic,KMHDH4AE4GU531065,fwd,sedan,silver,5.0,19500.0
6500,kia,soul,good,4 cylinders,gas,165438.0,clean,automatic,KNDJT2A23A7089594,fwd,hatchback,black,11.0,15700.0
35597,ford,expedition,good,8 cylinders,gas,66135.0,clean,automatic,1FMJK1JT9HEA80406,4wd,SUV,white,4.0,59000.0
8995,chevrolet,impala,good,4 cylinders,gas,145309.0,clean,automatic,2G11X5SL6F9198160,fwd,sedan,blue,6.0,26995.0
15495,chevrolet,corvette,good,8 cylinders,gas,140595.0,clean,automatic,1G1YY32G635103558,rwd,convertible,custom,18.0,50000.0
11499,kia,soul,good,4 cylinders,gas,85578.0,clean,automatic,KNDJN2A2XG7378331,fwd,SUV,grey,5.0,21500.0
8499,subaru,forester25xlimited,excellent,4 cylinders,gas,100934.0,clean,automatic,JF2SH64679H775138,4wd,wagon,grey,12.0,26195.0
7950,toyota,corollale,excellent,4 cylinders,gas,80000.0,clean,automatic,1NXBU4EE2AZ313615,fwd,sedan,brown,11.0,17900.0
7995,honda,civic,excellent,4 cylinders,gas,103425.0,clean,automatic,2HGFA1F53BH501111,fwd,sedan,blue,10.0,19650.0
6995,honda,accord,excellent,4 cylinders,gas,144885.0,clean,automatic,1HGCM56727A160339,fwd,sedan,silver,14.0,23980.0
4995,ford,fiesta,good,4 cylinders,gas,148000.0,clean,manual,3FADP4EJXBM144800,fwd,hatchback,silver,10.0,15520.0
3995,hyundai,santafeseawd,like new,6 cylinders,gas,211800.0,clean,automatic,5NMSH73E38H154554,4wd,SUV,red,13.0,24000.0
5850,hyundai,elantra,excellent,4 cylinders,gas,92578.0,clean,automatic,KMHDU4ADXAU866955,fwd,sedan,black,11.0,14900.0
15495,toyota,rav4,excellent,4 cylinders,gas,145002.0,clean,automatic,2T3WFREV4EW123546,fwd,SUV,custom,7.0,26500.0
34950,lincoln,navigator,good,6 cylinders,gas,83170.0,clean,automatic,5LMJJ2JTXHEL01369,4wd,wagon,black,4.0,73500.0
36590,chevrolet,coloradocrewcabz71,good,6 cylinders,gas,28249.0,clean,other,1GCGTDEN8K1275615,4wd,pickup,blue,2.0,38500.0
8500,mercedes-benz,cclass,excellent,6 cylinders,gas,121555.0,clean,automatic,WDDGF54X88F069504,rwd,sedan,black,13.0,36000.0
5998,toyota,prius,excellent,4 cylinders,hybrid,105000.0,clean,automatic,JTDKB20UX77648173,fwd,sedan,green,14.0,23900.0
6950,pontiac,g6,good,6 cylinders,gas,88093.0,clean,automatic,1G2ZH57N494111868,fwd,other,grey,12.0,24800.0
34995,ford,f150,excellent,8 cylinders,gas,101194.0,clean,automatic,1FTEW1EF0HKD36030,4wd,truck,white,4.0,43000.0
9399,bmw,750li,like new,8 cylinders,gas,71888.0,clean,automatic,WBAHN83518DT81093,rwd,sedan,white,13.0,86000.0
18995,buick,encore,excellent,4 cylinders,gas,22906.0,clean,automatic,KL4CJBSB6JB511409,fwd,SUV,black,3.0,25800.0
27950,chevrolet,silverado2500hd,good,8 cylinders,diesel,189136.0,clean,automatic,1GCHK53649F187098,4wd,truck,white,12.0,42000.0
6995,jeep,grandcherokeelimited4x4,excellent,8 cylinders,gas,137795.0,clean,automatic,1J4HR58206C329584,4wd,SUV,red,15.0,43200.0
32590,chevrolet,corvettecoupe2d,good,8 cylinders,gas,20420.0,clean,other,1G1YY25W995110249,rwd,coupe,silver,12.0,52000.0
22900,jeep,grandcherokee,excellent,6 cylinders,gas,72000.0,clean,automatic,1C4RJFAG2GC365601,4wd,SUV,grey,5.0,32990.0
6990,toyota,highlanderlimitedawd,excellent,6 cylinders,gas,199286.0,clean,automatic,JTEEP21A560161954,4wd,SUV,silver,15.0,29800.0
14900,cadillac,srx,excellent,6 cylinders,gas,64059.0,clean,automatic,3GYFNAE34CS595270,fwd,SUV,grey,9.0,45335.0
34900,ram,3500,excellent,6 cylinders,diesel,85622.0,clean,automatic,3C7WDTAL0CG222114,4wd,truck,white,9.0,58000.0
37900,chevrolet,silverado1500,excellent,8 cylinders,gas,23000.0,clean,automatic,1GCVKREC7JZ106854,4wd,truck,black,3.0,41000.0
13288,kia,optimalx,good,4 cylinders,gas,107305.0,clean,automatic,5XXGT4L31GG116061,fwd,sedan,black,5.0,23200.0
30990,chevrolet,silverado1500double,good,8 cylinders,gas,61454.0,clean,other,1GCVKSEC7EZ367530,4wd,pickup,black,7.0,42600.0
42999,ford,superdutyf350srw,good,8 cylinders,diesel,169664.0,clean,automatic,1FT8W3BT1GEA70730,4wd,truck,white,5.0,55300.0
8999,acura,tl,excellent,6 cylinders,gas,144360.0,clean,automatic,19UUA66208A019147,fwd,sedan,white,13.0,32700.0
54900,mercedes-benz,slcclassamg,excellent,6 cylinders,gas,3300.0,clean,automatic,WDDPK6GA6JF150077,rwd,convertible,grey,3.0,58500.0
7200,buick,lucernecx,excellent,6 cylinders,gas,94071.0,clean,automatic,1G4HA5EM2BU125324,fwd,sedan,blue,10.0,29200.0
33990,ford,mustanggtcoupe2d,good,8 cylinders,gas,23720.0,clean,other,1FA6P8CF2J5107386,rwd,coupe,blue,3.0,42500.0
12999,nissan,altima,excellent,4 cylinders,gas,53053.0,clean,automatic,1N4AL3AP1DC129593,fwd,sedan,custom,8.0,22000.0
38590,lincoln,continentalsedan4d,good,6 cylinders,gas,1772.0,clean,other,1LN6L9UK4L5602632,fwd,sedan,black,1.0,55000.0
34990,chevrolet,corvettecoupe2d,good,8 cylinders,gas,19502.0,clean,other,1G1YF2DW0A5100804,rwd,coupe,blue,11.0,48700.0
6575,chevrolet,uplander,good,6 cylinders,gas,112543.0,clean,automatic,1GNDX33L36D185593,fwd,van,white,15.0,25600.0
8995,toyota,corolla,excellent,4 cylinders,gas,101908.0,clean,automatic,1NXBU4EE6AZ368780,fwd,sedan,black,11.0,18400.0
25990,ford,mustanggtpremium,good,8 cylinders,gas,24122.0,clean,other,1ZVBP8FFXB5151039,rwd,other,blue,10.0,40500.0
51750,ford,superdutyf350drw,good,8 cylinders,diesel,45073.0,clean,automatic,1FD8X3HT1KEC30033,4wd,truck,white,2.0,76900.0
49900,ford,f550superduty,like new,8 cylinders,diesel,100000.0,clean,automatic,1FD0W5HT2JEB92810,4wd,truck,white,3.0,70500.0
9995,chevrolet,traverse,excellent,6 cylinders,gas,128143.0,clean,automatic,1GNKVGEDXBJ315648,4wd,SUV,white,10.0,35800.0
14999,nissan,rogue,excellent,4 cylinders,gas,91475.0,clean,automatic,5N1AT2MV3FC786134,4wd,SUV,white,6.0,26500.0
24990,gmc,sierra1500extendedcabsle,good,8 cylinders,gas,70559.0,clean,other,1GTR2VE73DZ402410,4wd,pickup,black,8.0,38800.0
30590,dodge,challengerrtcoupe2d,good,8 cylinders,gas,5937.0,clean,other,2C3CDZBT2GH316605,rwd,coupe,black,5.0,32500.0
13995,mercedes-benz,cclass,excellent,4 cylinders,gas,98935.0,clean,automatic,WDDGF4HB4CA612460,rwd,sedan,grey,9.0,33900.0
6500,honda,accord,excellent,4 cylinders,gas,61422.0,clean,automatic,1HGCM56693A099783,fwd,sedan,green,18.0,19500.0
32990,jeep,wranglerunlimitedsport,good,6 cylinders,gas,30041.0,clean,other,1C4BJWDG5HL705371,4wd,other,silver,4.0,35800.0
38590,chevrolet,corvettegrandsport,good,8 cylinders,gas,32086.0,clean,automatic,1G1YW3DW4C5101754,rwd,convertible,white,9.0,58200.0
6900,dodge,avenger,excellent,4 cylinders,gas,112656.0,clean,automatic,1C3CDZAB9EN126412,fwd,sedan,grey,7.0,20500.0
15990,ford,explorer4x4,good,6 cylinders,gas,136399.0,clean,automatic,1FM5K8B80JGA83077,4wd,SUV,blue,3.0,40000.0
32990,ram,1500quadcabharvestpickup,good,6 cylinders,gas,29979.0,clean,other,1C6RR7GG9JS229010,4wd,pickup,black,3.0,39500.0
17990,mitsubishi,outlandergtsport,good,6 cylinders,gas,59014.0,clean,other,JA4JZ4AX3FZ014258,4wd,other,silver,6.0,32800.0
8986,ford,fusion,good,4 cylinders,gas,120155.0,clean,automatic,3FA6P0H72FR140797,fwd,sedan,black,6.0,22000.0
7860,lincoln,mkxawd,good,6 cylinders,gas,143630.0,clean,automatic,2LMDU88C89BJ09644,4wd,SUV,grey,12.0,39900.0
42999,ford,superdutyf350srw,good,8 cylinders,gas,143783.0,clean,automatic,1FT8W3BT1FEC74040,4wd,truck,custom,6.0,50900.0
34990,ford,f550superduty4x4,excellent,8 cylinders,diesel,130525.0,clean,automatic,1FDUF5HT3GED48413,4wd,pickup,white,5.0,63000.0
12995,ford,escapese,excellent,4 cylinders,gas,71042.0,clean,automatic,1FMCU0F72FUC67806,fwd,SUV,white,6.0,23500.0
24900,dodge,grandcaravan,good,6 cylinders,gas,63378.0,clean,automatic,2C4RDGCGXGR321072,fwd,van,black,5.0,29100.0
15988,toyota,camry,good,4 cylinders,gas,44437.0,clean,automatic,4T1BF1FK4GU604669,fwd,sedan,red,5.0,23200.0
24995,volkswagen,golfr,like new,4 cylinders,gas,106023.0,clean,automatic,WVWLF7AU4GW157091,4wd,hatchback,blue,5.0,35900.0
14900,chevrolet,equinoxlt,good,4 cylinders,gas,72445.0,clean,automatic,2GNALBEK9E6190422,rwd,SUV,black,7.0,26750.0
8500,toyota,camrysolaraconvertible,excellent,6 cylinders,gas,84500.0,clean,automatic,4T1FA38P57U117257,fwd,convertible,blue,14.0,27645.0
33590,lexus,gs350sedan4d,good,6 cylinders,gas,30814.0,clean,automatic,JTHBZ1BLXJA012999,rwd,sedan,white,3.0,52170.0
41900,bmw,340imsportpackagexi,excellent,6 cylinders,gas,13130.0,clean,automatic,WBA8B7C55JA583378,4wd,sedan,black,3.0,50000.0
39000,chevrolet,silverado2500hd,excellent,8 cylinders,diesel,79243.0,clean,automatic,1GC2KVE84FZ101576,4wd,truck,white,6.0,50500.0
18995,ford,f150,excellent,8 cylinders,gas,125047.0,clean,automatic,1FTFW1EF9CFB48550,4wd,pickup,black,9.0,39700.0
8990,chevrolet,equinox,good,4 cylinders,gas,127100.0,clean,automatic,2GNALFEK8D6411627,fwd,wagon,black,8.0,31800.0
16900,dodge,challenger,excellent,6 cylinders,gas,86206.0,clean,automatic,2C3CDZAG0FH821321,rwd,coupe,black,6.0,26500.0
9450,gmc,terrainslt2,excellent,6 cylinders,gas,109269.0,clean,automatic,2CTFLXE59B6457516,4wd,SUV,grey,10.0,28800.0
29590,ford,expeditionxltsport,good,6 cylinders,gas,70760.0,clean,other,1FMJU1JT1HEA52352,4wd,SUV,blue,4.0,59500.0
3995,honda,pilot,excellent,6 cylinders,gas,196312.0,clean,automatic,2HKYF18695H506145,4wd,SUV,grey,16.0,32000.0
29655,cadillac,ctssedan,good,6 cylinders,gas,14388.0,clean,automatic,1G6AS5SS7G0120689,rwd,sedan,black,5.0,65000.0
12999,buick,enclave,excellent,6 cylinders,gas,99630.0,clean,automatic,5GAKRDED8CJ337761,fwd,SUV,white,9.0,42300.0
8950,ford,focusse,excellent,4 cylinders,gas,26000.0,rebuilt,automatic,1FADP3F29HL252966,fwd,sedan,silver,4.0,19995.0
25990,gmc,acadiaslt2sportutility,good,6 cylinders,gas,70640.0,clean,other,1GKKNNLS8KZ159484,fwd,SUV,white,2.0,38500.0
7995,ford,fiesta,good,4 cylinders,gas,47226.0,clean,automatic,3FADP4TJ7GM169826,fwd,sedan,white,5.0,14400.0
9999,chevrolet,volt,like new,4 cylinders,hybrid,3041.0,clean,automatic,1G1RF6E41DU146788,fwd,hatchback,silver,8.0,39995.0
31990,toyota,tacomaaccesscabsr5,good,6 cylinders,gas,23401.0,clean,other,5TFSZ5AN3HX093881,4wd,pickup,white,4.0,38500.0
11800,toyota,tundra47l,fair,8 cylinders,gas,156000.0,clean,manual,5TBBT54117S454273,4wd,truck,black,14.0,32990.0
36990,toyota,4runnersr5sportutility,good,6 cylinders,gas,21415.0,clean,other,JTEBU5JR4J5589139,4wd,other,silver,3.0,40500.0
21900,ram,1500,excellent,8 cylinders,gas,0.0,clean,automatic,1C6RR7FT0ES466909,4wd,pickup,black,7.0,39500.0
38990,chevrolet,corvettegrandsport,good,8 cylinders,gas,51525.0,clean,other,1G1YW3DW6D5106133,rwd,other,red,8.0,62495.0
1999,kia,rio,excellent,4 cylinders,gas,75594.0,clean,manual,KNADM4A39D6147648,fwd,sedan,silver,8.0,14600.0
15900,mazda,cx5,good,4 cylinders,gas,49391.0,clean,automatic,JM3KE2BY4G0628900,fwd,wagon,grey,5.0,24000.0
34990,ram,1500quadcabbighorn,good,6 cylinders,other,22064.0,clean,other,1C6RR7GG0JS247282,4wd,pickup,silver,3.0,40000.0
17990,ford,f150supercrewcabxlt,excellent,8 cylinders,gas,107640.0,clean,automatic,1FTFW1EVXAFC66692,4wd,truck,grey,11.0,40000.0
26590,kia,k900premiumsedan4d,good,6 cylinders,gas,34618.0,clean,other,KNALT4D37H6035236,rwd,sedan,silver,4.0,59900.0
23995,mercedes-benz,slk,good,6 cylinders,gas,60629.0,clean,automatic,WDDPK5HA3CF012024,rwd,convertible,silver,9.0,51900.0
16995,ford,f250superdutyxlt,excellent,8 cylinders,gas,155000.0,clean,automatic,1FTSW21R58EA20713,4wd,pickup,silver,13.0,40500.0
11900,ford,fusion,excellent,4 cylinders,gas,70426.0,clean,automatic,3FA6P0H77ER362718,fwd,sedan,orange,7.0,21995.0
37990,dodge,challengerrtscatpack,good,8 cylinders,gas,22869.0,clean,other,2C3CDZFJ6JH269367,rwd,coupe,silver,3.0,39995.0
51990,chevrolet,corvettestingrayz51,good,8 cylinders,gas,7389.0,clean,other,1G1YH3D76F5119261,rwd,convertible,black,6.0,55900.0
13900,dodge,challenger,excellent,6 cylinders,gas,126888.0,clean,automatic,2B3CJ4DV9AH313943,rwd,coupe,white,11.0,24800.0
8700,ford,edgeselawd,excellent,6 cylinders,gas,124000.0,clean,automatic,2FMDK4JC4ABA31405,4wd,SUV,white,11.0,29800.0
34590,chevrolet,silverado1500double,good,6 cylinders,gas,29499.0,clean,other,1GCVKREH6GZ228691,4wd,pickup,silver,5.0,39900.0
5400,chrysler,200,good,4 cylinders,gas,147614.0,clean,automatic,1C3CCBBBXCN152023,fwd,sedan,white,9.0,19755.0
7995,fiat,500sporthatchback2d,excellent,4 cylinders,gas,106550.0,clean,automatic,3C3CFFBR9CT116609,fwd,hatchback,white,9.0,19900.0
49995,ford,expedition,good,6 cylinders,gas,56848.0,clean,automatic,1FMJK2AT4JEA06399,4wd,SUV,black,3.0,75700.0
8995,chevrolet,malibu,good,4 cylinders,gas,75000.0,clean,automatic,1G1ZC5EU9CF160735,fwd,sedan,silver,9.0,23995.0
5750,ford,transitconnect,excellent,4 cylinders,gas,185000.0,clean,automatic,NM0LS6AN7AT034938,fwd,van,grey,11.0,23995.0
26505,gmc,terrainslt,like new,4 cylinders,gas,31107.0,clean,automatic,3GKALPEX2JL244302,fwd,SUV,red,3.0,31500.0
6500,honda,odyssey,excellent,6 cylinders,gas,135000.0,clean,automatic,5FNRL38687B103865,fwd,mini-van,silver,14.0,32500.0
13450,subaru,imprezaawd,excellent,4 cylinders,gas,42000.0,rebuilt,automatic,4S3GKAA62J3622942,4wd,sedan,blue,3.0,20200.0
11495,subaru,outback,excellent,4 cylinders,gas,129000.0,clean,automatic,4S4BRCAC3C3285221,4wd,wagon,grey,9.0,24495.0
10950,nissan,maximasv,excellent,6 cylinders,gas,100321.0,clean,automatic,1N4AA5AP0BC832861,fwd,sedan,grey,10.0,32950.0
41900,ram,1500lonestar,excellent,8 cylinders,gas,64467.0,clean,automatic,1C6SRFFT0KN840375,4wd,truck,black,2.0,42500.0
15990,honda,odyssey,good,6 cylinders,gas,100031.0,clean,automatic,5FNRL5H62EB070225,fwd,van,custom,7.0,35170.0
14950,honda,accord,excellent,4 cylinders,gas,166382.0,clean,automatic,1HGCR2F78EA126936,fwd,sedan,green,7.0,24500.0
55900,ford,f250lariatsuperduty,like new,8 cylinders,diesel,105000.0,clean,automatic,1FT7W2BT6HED39683,4wd,truck,white,4.0,57700.0
37990,chevrolet,camarosscoupe2d,good,8 cylinders,gas,9704.0,clean,other,1G1FF1R79G0140582,rwd,coupe,red,5.0,38900.0
18900,chevrolet,silverado1500,excellent,8 cylinders,gas,0.0,clean,automatic,3GCPCREA1CG180200,rwd,truck,blue,9.0,34700.0
5000,subaru,forester,good,4 cylinders,gas,145000.0,clean,automatic,JF1SG69645H710855,4wd,SUV,grey,16.0,27255.0
27801,toyota,highlander,good,6 cylinders,gas,58519.0,clean,automatic,5TDZZRFH7HS202356,fwd,SUV,black,4.0,34000.0
22900,jeep,grandcherokee,excellent,6 cylinders,gas,72000.0,clean,automatic,1C4RJFAG2GC365601,4wd,SUV,grey,5.0,31695.0
15995,honda,fit,excellent,4 cylinders,gas,45765.0,clean,manual,3HGGK5G73HM703420,fwd,hatchback,red,4.0,19490.0
11995,subaru,xvcrosstrek,good,4 cylinders,gas,104000.0,clean,automatic,JF2GPACC0F8241770,4wd,wagon,black,6.0,24000.0
7995,ford,mustangcoupe,excellent,6 cylinders,gas,108674.0,clean,manual,1FAFP404X3F364351,rwd,coupe,white,18.0,18280.0
10991,ford,fiesta,excellent,4 cylinders,gas,62100.0,clean,automatic,3FADP4EJ6JM107323,fwd,sedan,white,3.0,15800.0
29905,ford,f150,excellent,6 cylinders,gas,58762.0,clean,automatic,1FTEW1CP3HFA81345,rwd,pickup,red,4.0,40500.0
7999,dodge,grandcaravan,good,6 cylinders,gas,113248.0,clean,automatic,2D4RN3DG7BR722238,fwd,mini-van,grey,10.0,28800.0
10990,lexus,es350,good,6 cylinders,gas,102078.0,clean,automatic,JTHBJ46G392324089,fwd,sedan,silver,12.0,35300.0
8995,chevrolet,cruze,excellent,4 cylinders,gas,107341.0,clean,automatic,1G1PC5SB5F7219109,fwd,sedan,black,6.0,19400.0
7950,chevrolet,equinoxltawd,excellent,6 cylinders,gas,184000.0,clean,automatic,2GNFLNE54C6347269,4wd,SUV,silver,9.0,33110.0
11500,chevrolet,express,excellent,8 cylinders,gas,228699.0,clean,automatic,1GCWGFBA2D1127377,rwd,van,white,8.0,35000.0
10500,ford,cmaxhybrid,excellent,4 cylinders,gas,76429.0,clean,automatic,1FADP5BU2DL522813,fwd,hatchback,grey,8.0,27600.0
6395,honda,accordcpe,good,4 cylinders,gas,133413.0,clean,automatic,1HGCS1B31BA009602,fwd,coupe,white,10.0,22750.0
31990,ram,1500quadcabharvestpickup,good,6 cylinders,gas,27426.0,clean,other,1C6RR7GG8JS247420,4wd,pickup,white,3.0,37900.0
23900,mercedes-benz,eclass,good,6 cylinders,gas,34356.0,clean,automatic,WDDHF5KB5EB008920,rwd,sedan,black,7.0,53200.0
25500,lexus,gs350fsport,excellent,6 cylinders,gas,31000.0,rebuilt,automatic,JTHBZ1BL4HA009851,rwd,sedan,white,4.0,52000.0
15900,chevrolet,tahoeltz,excellent,8 cylinders,gas,180865.0,clean,automatic,1GNUCCE07AR241142,rwd,other,black,11.0,45000.0
30995,subaru,outbacklimited,excellent,4 cylinders,gas,39146.0,clean,automatic,4S4BSANC9K3227552,4wd,SUV,red,2.0,35400.0
39990,chevrolet,tahoelssportutility,good,8 cylinders,gas,31992.0,clean,other,1GNSKAKC9JR179028,4wd,SUV,black,3.0,57000.0
34990,ram,2500,good,8 cylinders,gas,135740.0,clean,automatic,3C6UR5DJ4HG624065,4wd,truck,white,4.0,48800.0
6995,chevrolet,impala,good,6 cylinders,gas,91080.0,clean,automatic,2G1WT57N191131996,rwd,sedan,grey,12.0,25860.0
6999,ford,fusion,excellent,4 cylinders,gas,124000.0,clean,automatic,3FA6P0HR2DR223130,fwd,sedan,silver,8.0,22700.0
17900,nissan,altimasr,excellent,4 cylinders,gas,32000.0,clean,automatic,1N4BL4CV3KC174618,fwd,sedan,grey,2.0,24700.0
22900,lexus,es350,excellent,6 cylinders,gas,17021.0,rebuilt,automatic,JTHBK1GG0F2154098,fwd,sedan,black,6.0,38500.0
11995,buick,enclave,excellent,6 cylinders,gas,140506.0,clean,automatic,5GAKVBKD8FJ151324,4wd,wagon,white,6.0,44900.0
19800,mercedes-benz,eclass,like new,6 cylinders,gas,94127.0,clean,automatic,WDDHF8JB7EB026922,4wd,sedan,white,7.0,52000.0
17800,buick,encorepremium,excellent,4 cylinders,gas,42232.0,clean,automatic,KL4CJASB4JB512553,fwd,SUV,red,3.0,26400.0
14488,chevrolet,cruzels,like new,4 cylinders,gas,48772.0,clean,automatic,1G1BC5SM7H7203881,fwd,sedan,black,4.0,19500.0
21995,toyota,4runner,excellent,6 cylinders,gas,123492.0,clean,automatic,JTEBU5JR0B5048851,4wd,SUV,black,10.0,36500.0
22495,mitsubishi,outlandersel4wd,like new,4 cylinders,gas,48182.0,clean,automatic,JA4AZ3A30LZ019548,4wd,SUV,white,1.0,30795.0
14600,buick,lacrosse,excellent,6 cylinders,gas,25747.0,clean,automatic,1G4GC5E38CF234602,fwd,sedan,silver,9.0,31300.0
16995,chevrolet,silverado3500hdwt,good,8 cylinders,gas,186151.0,clean,automatic,1GB3KZCG2CF215244,4wd,pickup,red,9.0,38500.0
4999,toyota,camry,excellent,4 cylinders,gas,157000.0,clean,automatic,4T1BE32K43U141625,fwd,sedan,white,18.0,19650.0
7995,toyota,prius,excellent,4 cylinders,hybrid,138450.0,clean,automatic,JTDKN3DUXD5548413,fwd,hatchback,white,8.0,24500.0
43900,ford,f250superduty,excellent,8 cylinders,gas,24005.0,clean,automatic,1FT7X2B63HEE67869,4wd,truck,white,4.0,46600.0
7500,jeep,commander,excellent,8 cylinders,gas,196742.0,clean,automatic,1J8HG58236C136852,4wd,SUV,silver,15.0,42500.0
20990,chevrolet,expresscargovan,good,8 cylinders,diesel,134296.0,clean,automatic,1GCHG35U961223233,rwd,truck,white,15.0,24300.0
11995,toyota,camry,excellent,4 cylinders,gas,129043.0,clean,automatic,4T1BF1FKXGU124572,fwd,sedan,grey,5.0,24000.0
19628,subaru,outback,good,4 cylinders,gas,53592.0,clean,automatic,4S4BSAFC4H3394666,4wd,SUV,silver,4.0,29200.0
37900,chevrolet,silverado1500,excellent,8 cylinders,gas,23000.0,clean,automatic,1GCVKREC7JZ106854,4wd,truck,black,3.0,38500.0
26995,ford,f150xlt,excellent,8 cylinders,gas,110130.0,clean,automatic,1FTEW1EF7HKD11819,4wd,truck,silver,4.0,50020.0
15450,toyota,rav4,excellent,4 cylinders,gas,91489.0,clean,automatic,JTMBFREV9DD037711,4wd,SUV,grey,8.0,26850.0
10950,honda,civic,good,4 cylinders,gas,140891.0,clean,automatic,2HGFG3B01EH525531,fwd,coupe,blue,7.0,22750.0
10995,nissan,maxima,excellent,6 cylinders,gas,107854.0,clean,automatic,1N4AA5AP4EC465175,fwd,sedan,black,7.0,30500.0
36990,gmc,sierra2500hddoublecab,good,8 cylinders,gas,23190.0,clean,other,1GT22REG1GZ401351,4wd,pickup,black,5.0,40000.0
21990,gmc,sierra1500slt4x4,excellent,8 cylinders,gas,104148.0,clean,automatic,3GTP2WE32BG190722,4wd,truck,silver,10.0,38500.0
28250,lexus,es,excellent,6 cylinders,gas,35632.0,clean,automatic,58ABK1GG0HU064561,fwd,sedan,black,4.0,39800.0
16995,cadillac,srx,excellent,6 cylinders,gas,93898.0,clean,automatic,3GYFNGE31ES662171,4wd,SUV,black,7.0,52000.0
33590,jeep,wranglerunlimitedsport,good,6 cylinders,gas,37919.0,clean,other,1C4BJWDG7HL689576,4wd,SUV,black,4.0,34290.0
7995,toyota,rav4,excellent,4 cylinders,gas,134784.0,clean,automatic,JTMBD31VX75073611,4wd,SUV,silver,14.0,27100.0
5990,honda,crv,excellent,4 cylinders,gas,149296.0,clean,automatic,SHSRD78823U137602,fwd,SUV,silver,18.0,24000.0
32990,ford,mustanggtcoupe2d,good,8 cylinders,gas,20832.0,clean,other,1FA6P8CF4F5370910,rwd,coupe,silver,6.0,32995.0
34990,ram,1500quadcabbighorn,good,6 cylinders,other,22064.0,clean,other,1C6RR7GG0JS247282,4wd,pickup,silver,3.0,39600.0
19995,ford,expedition,excellent,8 cylinders,gas,29919.0,clean,automatic,1FMJK1G56AEA99347,4wd,SUV,white,11.0,52300.0
36590,buick,enclaveessencesport,good,6 cylinders,gas,3993.0,clean,other,5GAERBKW4LJ317921,fwd,other,white,1.0,46000.0
18950,dodge,charger,excellent,6 cylinders,gas,87883.0,clean,automatic,2C3CDXFG7FH827842,4wd,sedan,grey,6.0,31500.0
32590,ford,explorerxltsportutility,good,6 cylinders,gas,15935.0,clean,other,1FM5K7D80KGA60682,fwd,other,white,2.0,34800.0
6900,ford,escape,excellent,4 cylinders,gas,112000.0,clean,automatic,1FMCU9D76BKB91634,4wd,SUV,red,10.0,26600.0
5995,volkswagen,passat,excellent,4 cylinders,gas,77194.0,clean,automatic,WVWPD63B82P174590,fwd,sedan,blue,19.0,22000.0
17500,ford,transit,good,6 cylinders,gas,103703.0,clean,automatic,1FTNE2YM5FKB33411,rwd,van,black,6.0,35000.0
4990,pontiac,g6,good,4 cylinders,gas,164825.0,clean,automatic,1G2ZF55B664205714,fwd,sedan,red,15.0,19200.0
26590,kia,k900premiumsedan4d,good,6 cylinders,gas,24667.0,clean,other,KNALT4D31H6035524,rwd,sedan,black,4.0,59900.0
39990,ford,mustanggtcoupe2d,good,8 cylinders,gas,549.0,clean,other,1FA6P8CFXL5174241,rwd,coupe,blue,1.0,42600.0
4888,hyundai,elantraglssedan,fair,4 cylinders,gas,161199.0,clean,automatic,KMHDU46D49U630662,fwd,sedan,red,12.0,15800.0
4500,honda,element,excellent,4 cylinders,gas,182365.0,clean,automatic,5J6YH18947L002700,fwd,SUV,grey,14.0,22630.0
17995,toyota,venza,excellent,6 cylinders,gas,55894.0,clean,automatic,4T3ZK3BB0FU071592,fwd,wagon,white,6.0,36490.0
14000,toyota,tacomatrd,excellent,6 cylinders,gas,113217.0,clean,automatic,5TEUU42NX8Z588622,4wd,truck,black,13.0,30800.0
19588,nissan,roguesv,good,4 cylinders,gas,62247.0,clean,automatic,KNMAT2MT4KP516531,fwd,other,white,2.0,26500.0
14900,toyota,rav4,excellent,4 cylinders,gas,93000.0,lien,automatic,2T3DFREV1DW078099,4wd,SUV,green,8.0,29700.0
9450,volkswagen,passat,excellent,4 cylinders,diesel,125490.0,clean,automatic,1VWBV7A30FC038568,fwd,sedan,white,6.0,29200.0
36590,buick,enclaveessencesport,good,6 cylinders,gas,3993.0,clean,other,5GAERBKW4LJ317921,fwd,other,white,1.0,43500.0
11950,subaru,outback,excellent,4 cylinders,gas,123723.0,rebuilt,automatic,4S4BRBAC0E3268440,4wd,wagon,blue,7.0,24195.0
37900,chevrolet,silverado1500,excellent,8 cylinders,gas,23000.0,clean,automatic,1GCVKREC7JZ106854,4wd,truck,black,3.0,40400.0
7500,honda,crvexl,excellent,4 cylinders,gas,165772.0,clean,automatic,JHLRE38737C042962,fwd,SUV,blue,14.0,26100.0
7499,honda,accordlxpsedan,excellent,4 cylinders,gas,123043.0,clean,automatic,1HGCP26428A166087,fwd,sedan,grey,13.0,23800.0
32990,jeep,wranglerunlimitedsport,good,6 cylinders,gas,30041.0,clean,other,1C4BJWDG5HL705371,4wd,other,silver,4.0,35200.0
23999,nissan,roguesv,like new,4 cylinders,gas,42056.0,clean,automatic,5N1AT2MVXHC836871,4wd,SUV,silver,4.0,28500.0
26990,jeep,wranglerunlimitedsport,good,6 cylinders,gas,59073.0,clean,other,1C4BJWDG7EL231757,4wd,SUV,black,7.0,30000.0
3999,mercury,grandmarquis,excellent,8 cylinders,gas,119000.0,clean,automatic,2MEFM74W13X653401,rwd,sedan,silver,18.0,28495.0
8950,chevrolet,cruzelt,excellent,4 cylinders,gas,37000.0,rebuilt,automatic,1G1PC5SB7F7212758,fwd,sedan,grey,6.0,18800.0
11995,chevrolet,camaro,like new,6 cylinders,gas,105880.0,clean,automatic,2G1FB1EV2A9112457,rwd,coupe,grey,11.0,27500.0
19999,gmc,sierra1500,excellent,8 cylinders,gas,60822.0,clean,automatic,3GTRKVE35AG114526,4wd,pickup,grey,11.0,33500.0
10950,lexus,rx350,good,6 cylinders,gas,156748.0,clean,automatic,2T2HK31U79C135328,4wd,SUV,silver,12.0,41500.0
10995,chevrolet,traverse,good,6 cylinders,gas,110082.0,clean,automatic,1GNKRGED9BJ167108,rwd,SUV,custom,10.0,32600.0
7500,ford,mustanggtpremium2008,excellent,8 cylinders,gas,126000.0,clean,automatic,1ZVHT82H185137651,rwd,coupe,red,13.0,30300.0
25990,jeep,wranglerunlimitedsahara,good,6 cylinders,gas,83995.0,clean,other,1C4BJWEG2CL120352,4wd,other,silver,9.0,32000.0
6500,toyota,4runner,fair,6 cylinders,gas,230281.0,clean,automatic,JTEZU14R878084277,rwd,SUV,grey,14.0,30800.0
3250,dodge,durangost,excellent,8 cylinders,gas,180321.0,clean,automatic,1D4HB38N55F609266,4wd,SUV,blue,16.0,39260.0
9343,gmc,sierra1500,excellent,8 cylinders,gas,170988.0,clean,automatic,1GTEK19T24E285845,4wd,truck,red,17.0,28500.0
2000,honda,civiclx,fair,4 cylinders,gas,211926.0,clean,automatic,1HGEM22551L084459,fwd,coupe,white,20.0,15845.0
4999,honda,accordex,excellent,6 cylinders,gas,173557.0,clean,automatic,1HGCG165X2A009188,fwd,sedan,silver,19.0,25200.0
4950,dodge,charger,excellent,6 cylinders,gas,208311.0,clean,automatic,2B3KA33G18H188195,rwd,sedan,white,13.0,24750.0
28000,ford,f150,excellent,8 cylinders,gas,101815.0,clean,automatic,1FTEW1EF5GFC19437,4wd,truck,white,5.0,50000.0
30901,chevrolet,silverado1500,excellent,8 cylinders,gas,48481.0,clean,automatic,1GCVKREC4GZ412211,4wd,truck,white,5.0,40100.0
32990,acura,tlx35wtechnologypkg,good,6 cylinders,gas,28733.0,clean,other,19UUB2F66KA004328,fwd,sedan,black,2.0,36700.0
3250,honda,odysseyexl,good,6 cylinders,gas,205962.0,clean,automatic,5FNRL38709B018031,fwd,van,silver,12.0,32000.0
19980,chevrolet,1500silverado,excellent,8 cylinders,gas,97286.0,clean,automatic,3GCPKPEA2CG220839,4wd,pickup,silver,9.0,31800.0
34990,ram,2500,good,8 cylinders,gas,135740.0,clean,automatic,3C6UR5DJ4HG624065,4wd,truck,white,4.0,46300.0
35590,ram,1500crewcabbighorn,good,8 cylinders,gas,22401.0,clean,other,1C6RR7LT4HS667558,4wd,pickup,blue,4.0,42000.0
14995,nissan,pathfinder,excellent,6 cylinders,gas,74685.0,clean,automatic,5N1AR2MN3GC646696,fwd,SUV,silver,5.0,30990.0
3200,buick,lesabrelimited,excellent,6 cylinders,gas,143000.0,clean,automatic,1G4HR54KX2U283547,fwd,sedan,silver,19.0,27980.0
9915,dodge,journey,excellent,6 cylinders,gas,100082.0,clean,automatic,3D4GH67V79T247725,4wd,wagon,black,12.0,27500.0
13325,kia,sorento,good,4 cylinders,gas,139703.0,clean,automatic,5XYPG4A38GG081277,fwd,SUV,silver,5.0,24400.0
48995,audi,q7sepremiumplus,excellent,6 cylinders,gas,19449.0,clean,automatic,WA1LAAF74KD044108,4wd,SUV,grey,2.0,65000.0
46990,chevrolet,corvettestingray,good,8 cylinders,gas,16966.0,clean,other,1G1YA3D74E5119018,rwd,other,white,7.0,51000.0
23495,ford,f150xlt4x4,like new,8 cylinders,gas,146795.0,clean,automatic,1FTFX1EF5FFC24427,4wd,truck,black,6.0,42500.0
54990,chevrolet,tahoeltsportutility,good,8 cylinders,other,7397.0,clean,other,1GNSKBKC4LR240116,4wd,SUV,black,1.0,61800.0
34990,mercedes-benz,eclass,like new,6 cylinders,gas,21373.0,clean,automatic,WDDKK5KF1EF281172,rwd,convertible,white,7.0,50200.0
11995,ford,flexlimitedawd,excellent,6 cylinders,gas,118059.0,clean,automatic,2FMHK6DC9CBD02020,4wd,SUV,black,9.0,39700.0
8900,subaru,outback,excellent,6 cylinders,gas,150563.0,clean,automatic,4S4BP86C184331738,4wd,SUV,custom,13.0,33995.0
15499,honda,fit,good,4 cylinders,gas,73739.0,clean,automatic,JHMGK5H54GX013551,fwd,hatchback,red,5.0,19500.0
6199,honda,accord,good,4 cylinders,gas,110000.0,clean,automatic,1HGCP26709A154337,fwd,sedan,grey,12.0,24500.0
13901,lexus,es350,excellent,6 cylinders,gas,85552.0,clean,automatic,JTHBJ46G292335178,fwd,sedan,black,12.0,33500.0
29590,ford,expeditionxltsport,good,6 cylinders,gas,70760.0,clean,other,1FMJU1JT1HEA52352,4wd,SUV,blue,4.0,49990.0
11999,jeep,liberty,excellent,6 cylinders,gas,99881.0,clean,automatic,1C4PJMAK6CW197048,4wd,SUV,black,9.0,30700.0
13999,chevrolet,equinoxls,good,4 cylinders,gas,93672.0,clean,automatic,2GNFLEEK1G6155349,4wd,SUV,white,5.0,30000.0
38990,jeep,wranglerunlimitedrubicon,good,6 cylinders,gas,20676.0,clean,other,1C4BJWFG3HL547853,4wd,other,red,4.0,40990.0
35990,chevrolet,silverado1500double,good,8 cylinders,gas,28338.0,clean,other,1GCRYDED0LZ146269,4wd,pickup,red,1.0,43000.0
18997,honda,crv,good,4 cylinders,gas,84351.0,clean,automatic,3CZRM3H52FG703269,fwd,SUV,custom,6.0,27300.0
26590,kia,k900premiumsedan4d,good,6 cylinders,gas,34618.0,clean,other,KNALT4D37H6035236,rwd,sedan,silver,4.0,59900.0
12500,chevrolet,equinox,excellent,4 cylinders,gas,77000.0,rebuilt,automatic,2GNALBEK2F6303953,fwd,SUV,blue,6.0,24200.0
12699,jeep,grandcherokee,excellent,8 cylinders,gas,133487.0,clean,automatic,1C4RJEAT3CC278310,rwd,SUV,black,9.0,33560.0
8495,volkswagen,beetle,good,4 cylinders,gas,119821.0,clean,automatic,3VWV67AT0CM641587,rwd,hatchback,black,9.0,23995.0
4300,toyota,highlandersport,good,6 cylinders,gas,251250.0,clean,automatic,JTEGF21A020068197,rwd,SUV,silver,19.0,26500.0
28995,mercedes-benz,glclass,excellent,8 cylinders,gas,118492.0,clean,automatic,4JGDF7DE3FA464817,4wd,SUV,white,6.0,89400.0
14995,jeep,compasslatitude,excellent,4 cylinders,gas,41000.0,clean,automatic,1C4NJDEB2FD370808,4wd,SUV,silver,6.0,25100.0
5000,honda,odyssey,good,6 cylinders,gas,197012.0,clean,automatic,5FNRL38468B105839,fwd,mini-van,silver,13.0,30900.0
18346,honda,accordsport,excellent,4 cylinders,gas,28237.0,clean,automatic,1HGCR2F56DA280140,fwd,sedan,silver,8.0,23800.0
13950,dodge,journeysxt,excellent,4 cylinders,gas,42000.0,rebuilt,automatic,3C4PDCAB8JT310731,fwd,SUV,red,3.0,24000.0
37990,ford,mustanggtcoupe2d,good,8 cylinders,gas,337.0,clean,other,1FA6P8CF8K5199377,rwd,coupe,black,2.0,40800.0
18995,ford,escape,excellent,4 cylinders,gas,47194.0,clean,automatic,1FMCU9GD0HUE95833,4wd,SUV,silver,4.0,28800.0
6995,dodge,grandcaravansxt,excellent,6 cylinders,gas,141212.0,clean,automatic,2C4RDGCG5DR502933,fwd,mini-van,brown,8.0,29500.0
10995,lexus,rx350,excellent,6 cylinders,gas,135329.0,clean,automatic,2T2HK31U18C051181,4wd,SUV,black,13.0,42000.0
13995,chevrolet,silverado1500,good,8 cylinders,gas,149170.0,clean,automatic,1GCRKSE37BZ360333,4wd,truck,blue,10.0,38500.0
17995,chevrolet,expresscargovan,good,8 cylinders,other,86610.0,clean,automatic,1GCWGFCA6D1150885,rwd,van,white,8.0,30800.0
37990,toyota,tundradoublecabsr,good,8 cylinders,gas,22870.0,clean,other,5TFUM5F13GX069124,4wd,pickup,black,5.0,40980.0
36590,chevrolet,coloradocrewcabz71,good,6 cylinders,gas,28249.0,clean,other,1GCGTDEN8K1275615,4wd,pickup,blue,2.0,38500.0
28590,jeep,grandcherokeelaredosport,good,6 cylinders,gas,22898.0,clean,other,1C4RJFAG2JC333416,4wd,other,black,3.0,34100.0
3995,chrysler,sebring,good,4 cylinders,gas,126839.0,clean,automatic,1C3LC66K37N551654,fwd,sedan,silver,14.0,24700.0
9500,ford,taurussel,like new,6 cylinders,gas,18369.0,clean,automatic,1FAHP24W98G145667,fwd,sedan,blue,13.0,24650.0
1500,toyota,rav4sportutility,good,4 cylinders,gas,175000.0,clean,automatic,JTMZD33V075072110,fwd,SUV,blue,14.0,24400.0
8950,dodge,journey,good,6 cylinders,gas,0.0,clean,automatic,3C4PDCBG5FT682318,fwd,other,black,6.0,25495.0
4495,chevrolet,impala,good,6 cylinders,gas,149306.0,clean,automatic,2G1WB55KX79134406,fwd,sedan,silver,14.0,22200.0
11000,subaru,forester,excellent,4 cylinders,gas,53679.0,clean,automatic,JF2SH61629H775505,4wd,wagon,silver,12.0,22700.0
6200,toyota,sienna,excellent,6 cylinders,gas,178135.0,clean,automatic,5TDBA22C44S010364,4wd,mini-van,silver,17.0,36500.0
6850,honda,crvexl,good,4 cylinders,gas,155425.0,clean,automatic,JHLRE38737C045067,fwd,SUV,red,14.0,26700.0
16599,jeep,wranglerunlimited,like new,6 cylinders,gas,132783.0,clean,automatic,1C4BJWDG9CL236665,4wd,SUV,white,9.0,28445.0
36990,toyota,4runnersr5sportutility,good,6 cylinders,gas,21415.0,clean,other,JTEBU5JR4J5589139,4wd,other,silver,3.0,38800.0
14990,ford,explorer,excellent,6 cylinders,gas,114235.0,clean,automatic,1FM5K8D88DGA03591,4wd,SUV,blue,8.0,35705.0
12995,mercedes-benz,slclasssl500,excellent,8 cylinders,gas,84322.0,rebuilt,automatic,WDBSK75FX4F069658,rwd,sedan,white,17.0,74700.0
17998,honda,civicsporttouring,excellent,4 cylinders,gas,40415.0,salvage,automatic,SHHFK7H9XHU230835,fwd,hatchback,white,4.0,30500.0
7900,cadillac,escaladeand,excellent,8 cylinders,gas,191788.0,clean,automatic,1GYEK63N16R121550,4wd,SUV,white,15.0,66600.0
25900,toyota,4runner,excellent,6 cylinders,gas,79501.0,clean,automatic,JTEBU5JR1F5207673,4wd,SUV,black,6.0,36210.0
8995,lincoln,6drtowncarlimo,excellent,8 cylinders,gas,38615.0,clean,automatic,2L1FM88W39X603428,rwd,other,black,12.0,47500.0
20995,cadillac,xts,excellent,6 cylinders,gas,75282.0,clean,automatic,2G61R5S34E9198614,4wd,sedan,white,7.0,57500.0
36590,buick,enclaveessencesport,good,6 cylinders,gas,3993.0,clean,other,5GAERBKW4LJ317921,fwd,other,white,1.0,43200.0
34590,chevrolet,corvettecoupe2d,good,8 cylinders,gas,20182.0,clean,other,1G1YF2DWXA5104665,rwd,coupe,red,11.0,45900.0
37990,chevrolet,corvettegrandsport,good,8 cylinders,other,56302.0,clean,other,1G1YS3DW5A5103103,rwd,other,red,11.0,55300.0
6960,ford,focussehatchback,like new,4 cylinders,gas,95000.0,clean,manual,1FADP3K2XDL312012,fwd,hatchback,white,8.0,18700.0
25590,lexus,gs350sedan4d,good,6 cylinders,gas,54047.0,clean,other,JTHBE1BLXFA005893,rwd,sedan,white,6.0,43000.0
35590,ram,1500crewcabbighorn,good,8 cylinders,gas,22401.0,clean,other,1C6RR7LT4HS667558,4wd,pickup,blue,4.0,41900.0
2500,chevrolet,impalalt,good,6 cylinders,gas,170000.0,clean,automatic,2G1WB5EK6A1119407,fwd,sedan,silver,11.0,23700.0
6500,ford,explorersporttrac,excellent,6 cylinders,gas,177316.0,clean,automatic,1FMEU31E78UB34624,rwd,SUV,black,13.0,26800.0
14995,dodge,grandcaravansxt,like new,6 cylinders,gas,76072.0,clean,automatic,2C4RDGCG5FR527060,fwd,mini-van,brown,6.0,28400.0
8796,ford,fusion,good,6 cylinders,gas,67839.0,clean,automatic,3FAHP0CG7CR324726,fwd,sedan,custom,9.0,28000.0
2400,dodge,durangosxt,good,8 cylinders,gas,207500.0,clean,automatic,1D4HB38N56F106953,4wd,SUV,red,15.0,38995.0
16950,chevrolet,expresspassenger,good,8 cylinders,gas,139388.0,clean,automatic,1GAZG1FF7F1124279,rwd,van,white,6.0,33500.0
26900,toyota,tacoma,excellent,4 cylinders,gas,50890.0,clean,automatic,5TFAX5GN1JX111308,rwd,pickup,grey,3.0,30800.0
16995,honda,civicsedanlx,good,4 cylinders,gas,41179.0,clean,other,2HGFC2F52HH557663,fwd,sedan,black,4.0,19400.0
3000,infiniti,g35,good,6 cylinders,gas,173000.0,clean,automatic,JNKCV51E66M503828,rwd,sedan,white,15.0,32000.0
19990,infiniti,fxfx35sportutility,good,6 cylinders,gas,63138.0,clean,other,JN8AS1MU4CM122220,rwd,other,black,9.0,43250.0
24995,jeep,wrangler,like new,6 cylinders,gas,104790.0,clean,manual,1C4BJWDG7CL132627,4wd,SUV,black,9.0,26500.0
7900,hyundai,sonata,excellent,4 cylinders,gas,0.0,clean,automatic,5NPEB4AC8DH632995,fwd,sedan,custom,8.0,21800.0
29990,ford,mustanggtcoupe2d,good,8 cylinders,gas,19374.0,clean,automatic,1FA6P8CFXG5215179,rwd,coupe,red,5.0,36500.0
13950,chevrolet,suburbanltz,good,8 cylinders,gas,212134.0,clean,automatic,1GNSCKE09DR191950,rwd,SUV,white,8.0,56115.0
41900,ram,cummins2500laramie,like new,6 cylinders,diesel,171000.0,clean,automatic,3C6UR5FL7EG167892,4wd,truck,white,7.0,61000.0
31900,ford,transit,like new,6 cylinders,gas,29497.0,clean,automatic,1FTYR1ZM0KKA42423,rwd,van,white,2.0,35800.0
48900,chevrolet,silverado2500hdltz,like new,8 cylinders,diesel,43034.0,rebuilt,automatic,1GC1KWEYXJF108821,4wd,truck,black,3.0,62700.0
3995,jeep,liberty,excellent,6 cylinders,gas,153501.0,clean,automatic,1J4GL58KX5W688970,4wd,SUV,blue,16.0,25300.0
3300,chevrolet,equinox,excellent,6 cylinders,gas,179000.0,rebuilt,automatic,2CNDL73F456014351,4wd,SUV,white,16.0,24100.0
24995,bmw,x1xdrive28iawd,excellent,4 cylinders,gas,44040.0,clean,automatic,WBXHT3C37H5F68753,4wd,SUV,black,4.0,36000.0
3950,honda,odyssey,excellent,6 cylinders,gas,226087.0,clean,automatic,5FNRL18594B124585,fwd,van,grey,17.0,26290.0
6450,dodge,avenger,good,4 cylinders,gas,137739.0,clean,automatic,1B3LC56K68N166565,fwd,sedan,black,13.0,19860.0
7950,buick,regal,good,4 cylinders,gas,124454.0,clean,automatic,W04GN5EC4B1097873,fwd,sedan,grey,10.0,25600.0
54900,gmc,sierra1500,excellent,8 cylinders,gas,13500.0,rebuilt,automatic,3GTP9EEL1KG232254,4wd,pickup,grey,2.0,56900.0
7299,volkswagen,routanse,excellent,6 cylinders,gas,146081.0,clean,automatic,2C4RVABG6CR354530,fwd,mini-van,grey,9.0,26600.0
18998,nissan,roguesport,excellent,4 cylinders,gas,56108.0,clean,automatic,JN1BJ1CR9JW258797,4wd,SUV,black,3.0,26990.0
10995,chevrolet,spark1lt,like new,4 cylinders,gas,735.0,salvage,automatic,KL8CD6SA4MC713099,fwd,hatchback,grey,0.0,16400.0
26995,lexus,is300,excellent,6 cylinders,gas,49815.0,clean,automatic,JTHCM1D29G5005583,4wd,sedan,grey,5.0,42500.0
9995,hyundai,sonata,good,4 cylinders,gas,119106.0,clean,automatic,5NPE24AF7GH282516,fwd,sedan,grey,5.0,23300.0
21995,toyota,tacoma,excellent,6 cylinders,gas,216354.0,clean,automatic,5TFJU4GN0BX001953,rwd,pickup,silver,10.0,25000.0
8997,ford,mustang,excellent,6 cylinders,gas,175814.0,clean,automatic,1ZVBP8AN2A5101880,rwd,coupe,red,11.0,23000.0
29990,chevrolet,silverado1500double,good,8 cylinders,gas,26129.0,clean,other,1GCVKREC7EZ196951,4wd,pickup,brown,7.0,38500.0
10500,ford,f150xl,good,6 cylinders,gas,162500.0,rebuilt,automatic,1FTMF1CM4DKD99851,rwd,truck,white,8.0,29500.0
8990,chevrolet,equinox,good,4 cylinders,gas,127100.0,clean,automatic,2GNALFEK8D6411627,fwd,wagon,black,8.0,30500.0
23590,buick,enclavepremiumsport,good,6 cylinders,gas,79136.0,clean,other,5GAKRCKD4FJ155025,fwd,other,white,6.0,45210.0
10751,toyota,4runner,good,8 cylinders,gas,176004.0,clean,automatic,JTEBT14R258020866,4wd,wagon,custom,16.0,33500.0
29990,toyota,tacomadoublecabpickup,good,6 cylinders,gas,43182.0,clean,other,3TMLU4EN4CM085701,4wd,pickup,white,9.0,32000.0
5995,mercury,grandmarquis,excellent,8 cylinders,gas,132493.0,clean,automatic,2MEFM74W83X622307,rwd,sedan,silver,18.0,28670.0
20995,toyota,tacoma,excellent,4 cylinders,gas,87524.0,clean,automatic,5TFUX4EN9FX039937,4wd,pickup,white,6.0,31900.0
7450,honda,ridgeline,excellent,6 cylinders,gas,231617.0,clean,automatic,2HJYK16577H543451,4wd,pickup,silver,14.0,31320.0
9500,toyota,highlander,good,6 cylinders,gas,185225.0,clean,automatic,5TDYK3EH8CS066052,fwd,SUV,silver,9.0,33500.0
23388,jeep,wrangler,excellent,6 cylinders,gas,136875.0,clean,automatic,1C4HJWEG3DL705047,4wd,offroad,black,8.0,35000.0
4975,toyota,corolla,good,4 cylinders,gas,175055.0,clean,automatic,1NXBU4EEXAZ177945,fwd,sedan,red,11.0,16000.0
14997,ford,e350econoline,excellent,8 cylinders,gas,100174.0,clean,automatic,1FT2S34L38DB44977,rwd,sedan,white,13.0,33500.0
16949,honda,crvexlnavi,like new,4 cylinders,gas,110600.0,clean,automatic,2HKRM3H72FH519089,fwd,SUV,grey,6.0,27400.0
4000,chevrolet,spark,good,4 cylinders,gas,145543.0,clean,manual,KL8CA6S9XDC623955,fwd,sedan,black,8.0,12500.0
25990,dodge,grandcaravanpassengerse,good,6 cylinders,gas,28.0,clean,other,2C4RDGBG7KR782806,fwd,van,black,2.0,28500.0
27990,toyota,tundradoublecabpickup,good,8 cylinders,gas,73160.0,clean,other,5TFUW5F19DX287994,4wd,pickup,black,8.0,38800.0
12598,honda,fitex,excellent,4 cylinders,gas,61701.0,clean,automatic,JHMGK5H75GX013298,fwd,hatchback,black,5.0,19500.0
29990,chevrolet,coloradoextendedcab,good,6 cylinders,gas,17302.0,clean,other,1GCHTCE37G1186784,4wd,pickup,red,5.0,36000.0
16990,subaru,forester,like new,4 cylinders,gas,81140.0,clean,automatic,JF2SJGUC6FH533162,4wd,SUV,grey,6.0,30500.0
8945,toyota,camry,excellent,4 cylinders,gas,68781.0,clean,automatic,4T1BE46K48U212362,fwd,sedan,silver,13.0,24650.0
6400,kia,riolx,good,4 cylinders,gas,68972.0,rebuilt,automatic,KNADM4A36E6390223,fwd,sedan,black,7.0,16500.0
12998,chevrolet,camaro,excellent,6 cylinders,gas,102385.0,clean,automatic,2G1FA1E3XD9241987,rwd,coupe,grey,8.0,24800.0
17590,acura,rdxsportutility4d,good,6 cylinders,gas,80556.0,clean,automatic,5J8TB3H30FL002931,fwd,SUV,brown,6.0,38790.0
15590,acura,tlsedan4d,good,6 cylinders,gas,101606.0,clean,other,19UUA8F78CA015671,fwd,sedan,red,9.0,36450.0
8500,kia,optimalx,excellent,4 cylinders,gas,90171.0,clean,automatic,5XXGM4A72CG045420,fwd,sedan,black,9.0,22800.0
5550,dodge,avenger,excellent,4 cylinders,gas,158585.0,clean,automatic,1C3CDZAB0CN192957,fwd,sedan,white,9.0,19995.0
17995,mazda,cx5,excellent,4 cylinders,gas,53868.0,clean,automatic,JM3KFBCL6H0129064,4wd,SUV,blue,4.0,28300.0
25990,gmc,acadiaslt2sportutility,good,6 cylinders,gas,70640.0,clean,other,1GKKNNLS8KZ159484,fwd,SUV,white,2.0,38500.0
18990,ford,mustang,excellent,8 cylinders,gas,84099.0,clean,automatic,1ZVBP8CF4E5239335,rwd,coupe,silver,7.0,36500.0
4950,toyota,camry,excellent,4 cylinders,gas,240000.0,clean,automatic,4T1BE46K09U875431,fwd,sedan,white,12.0,23990.0
16977,toyota,tundra,excellent,8 cylinders,gas,223089.0,clean,automatic,5TFUY5F10BX180663,4wd,pickup,red,10.0,38800.0
4995,ford,taurus,good,6 cylinders,gas,122000.0,clean,automatic,1FAHP23WX9G113376,fwd,sedan,black,12.0,24995.0
4900,subaru,forester25ipremium,excellent,4 cylinders,gas,187404.0,clean,automatic,JF2SHADC5CH437282,4wd,SUV,grey,9.0,24495.0
15980,toyota,tundradoublecab,excellent,8 cylinders,gas,86553.0,clean,automatic,5TBBT44155S471925,4wd,pickup,silver,15.0,31500.0
7000,subaru,outback,fair,4 cylinders,gas,180879.0,clean,automatic,4S4BRBKC8D3221296,4wd,hatchback,white,8.0,30600.0
49500,ram,25004x4,excellent,6 cylinders,diesel,47300.0,clean,automatic,3C6UR5JL7EG114553,4wd,truck,silver,7.0,54100.0
39590,ram,1500crewcabbighorn,good,6 cylinders,other,19722.0,clean,other,1C6RRFFG5KN727684,4wd,pickup,white,2.0,42600.0
18995,jeep,renegade,good,4 cylinders,gas,21991.0,rebuilt,automatic,ZACCJBBB6JPH69778,4wd,SUV,red,3.0,26500.0
12495,hyundai,santafe,excellent,4 cylinders,gas,124906.0,clean,automatic,5XYZU3LB6DG063517,fwd,SUV,blue,8.0,24900.0
38590,chevrolet,corvettegrandsport,good,8 cylinders,gas,32086.0,clean,automatic,1G1YW3DW4C5101754,rwd,convertible,white,9.0,59300.0
33590,mercedes-benz,eclasse400,good,6 cylinders,gas,23623.0,clean,other,WDDKK6FF0FF307424,rwd,convertible,white,6.0,64700.0
30990,lincoln,continentalselectsedan,good,6 cylinders,gas,25786.0,clean,other,1LN6L9SK1K5600547,fwd,sedan,silver,2.0,61500.0
10995,subaru,outbacklimited,good,6 cylinders,gas,155498.0,clean,automatic,4S4BRDLC5B2435109,4wd,wagon,blue,10.0,33500.0
9750,toyota,tundra,good,8 cylinders,gas,209380.0,clean,automatic,5TBET34136S504994,rwd,truck,silver,15.0,24200.0
34590,ford,mustanggtpremium,good,8 cylinders,gas,30970.0,clean,other,1FATP8FF6F5341651,rwd,other,white,6.0,41995.0
5450,toyota,camryxlev6,good,6 cylinders,gas,170897.0,clean,automatic,4T1BF30K85U105360,fwd,sedan,silver,16.0,23300.0
5100,toyota,tacomaprerunner,good,6 cylinders,gas,260000.0,clean,automatic,5TESN92N23Z252019,rwd,pickup,white,18.0,19600.0
36590,lexus,ls460sedan4d,good,8 cylinders,gas,43813.0,clean,other,JTHBL5EF7G5140522,rwd,sedan,white,5.0,75300.0
12991,chevrolet,cruze,good,4 cylinders,gas,103062.0,clean,automatic,3G1BE5SM7HS554401,fwd,sedan,red,4.0,19500.0
7800,mercedes-benz,sclass,excellent,8 cylinders,gas,78124.0,clean,automatic,WDBNG70J22A239628,rwd,sedan,blue,19.0,65000.0
2495,buick,centurycustom,good,6 cylinders,gas,101419.0,clean,automatic,2G4WS52J521198021,fwd,sedan,green,19.0,19170.0
16688,honda,fitlx,good,4 cylinders,gas,17181.0,clean,automatic,3HGGK5H40KM741327,fwd,hatchback,black,2.0,21900.0
36900,chevrolet,tahoe,excellent,8 cylinders,gas,98000.0,clean,automatic,1GNSKBKC1JR159376,4wd,SUV,silver,3.0,57800.0
10495,audi,a4,like new,4 cylinders,gas,112324.0,clean,automatic,WAUBFAFLXCN019853,4wd,sedan,grey,9.0,39900.0
48995,audi,q7sepremiumplus,excellent,6 cylinders,gas,19449.0,clean,automatic,WA1LAAF74KD044108,4wd,SUV,grey,2.0,64000.0
8900,ford,escape,excellent,6 cylinders,gas,87959.0,clean,automatic,1FMCU9EG9BKC47015,4wd,SUV,custom,10.0,30100.0
29990,ram,1500quadcabtradesman,good,6 cylinders,other,31622.0,clean,other,1C6RR7FG7HS699550,4wd,pickup,white,4.0,36800.0
19998,toyota,siennale,excellent,6 cylinders,gas,59631.0,clean,automatic,5TDZZ3DC6HS868984,fwd,mini-van,red,4.0,30500.0
28950,chevrolet,silverado2500hd,excellent,8 cylinders,diesel,153871.0,clean,automatic,1GC2KUE86FZ531605,4wd,truck,white,6.0,49700.0
23388,jeep,wrangler,excellent,6 cylinders,gas,136875.0,clean,automatic,1C4HJWEG3DL705047,4wd,offroad,black,8.0,30000.0
8495,lexus,rx350,good,6 cylinders,gas,109679.0,clean,automatic,2T2HK31U79C134728,4wd,SUV,silver,12.0,40100.0
5595,buick,lacrosse,excellent,6 cylinders,gas,159420.0,clean,automatic,2G4WD582781309719,fwd,sedan,red,13.0,27600.0
6900,honda,accord,like new,4 cylinders,gas,92000.0,clean,automatic,1HGCM56415L000251,fwd,sedan,white,16.0,21325.0
6500,lincoln,mkz,excellent,6 cylinders,gas,99000.0,rebuilt,automatic,3LNHL2GCXCR807941,fwd,sedan,blue,9.0,31300.0
23395,nissan,rogue,excellent,4 cylinders,gas,28760.0,clean,automatic,KNMAT2MV6LP510510,4wd,SUV,black,1.0,30400.0
29590,ram,1500quadcablaramiepickup,good,6 cylinders,diesel,73040.0,clean,other,1C6RR7JM5ES337306,4wd,pickup,silver,7.0,48700.0
13996,porsche,boxster,good,6 cylinders,gas,99685.0,clean,other,WP0CA29833U624497,rwd,convertible,black,18.0,39900.0
11950,chevrolet,suburban,good,8 cylinders,gas,164609.0,clean,automatic,3GNFK16367G290074,4wd,SUV,custom,14.0,38800.0
6995,toyota,highlander2wd,good,6 cylinders,gas,168044.0,clean,automatic,JTEGF21A120062750,fwd,SUV,blue,19.0,24000.0
30990,chevrolet,silverado1500double,good,8 cylinders,gas,61454.0,clean,other,1GCVKSEC7EZ367530,4wd,pickup,black,7.0,40500.0
36990,chevrolet,silverado1500lt,excellent,8 cylinders,gas,63455.0,clean,automatic,1GCUKREC1FF204508,4wd,pickup,white,6.0,41000.0
31990,acura,mdxsportutility4d,good,6 cylinders,gas,44652.0,clean,other,5J8YD3H30KL009629,fwd,other,white,2.0,44000.0
7498,nissan,versanotes,good,4 cylinders,gas,82260.0,clean,manual,3N1CE2CP0GL406637,fwd,hatchback,white,5.0,15000.0
12500,nissan,rogue,excellent,4 cylinders,gas,88570.0,clean,automatic,KNMAT2MT7GP693744,fwd,SUV,silver,5.0,24000.0
5500,honda,civic,excellent,4 cylinders,gas,216375.0,clean,manual,SHHEP33513U405203,rwd,hatchback,black,18.0,19500.0
28590,acura,rdxtechnologyand,good,6 cylinders,gas,22703.0,clean,other,5J8TB3H58JL012150,fwd,other,blue,3.0,40100.0
12995,ford,flex,good,6 cylinders,gas,103000.0,clean,automatic,2FMGK5DC6BBD05896,fwd,wagon,white,10.0,39000.0
24990,chevrolet,camaroltcoupe2d,good,6 cylinders,gas,31561.0,clean,other,1G1FB1RS5L0108285,rwd,coupe,red,1.0,27000.0
15471,chevrolet,camaro2lt,good,6 cylinders,other,60553.0,clean,automatic,2G1FC1EV4A9118080,rwd,coupe,blue,11.0,25800.0
4295,chevrolet,soniclt,excellent,4 cylinders,gas,150885.0,clean,automatic,1G1JC6SH5C4123929,fwd,sedan,red,9.0,17600.0
1750,toyota,camry,good,4 cylinders,gas,203000.0,clean,automatic,4T1BG22K11U808829,fwd,sedan,grey,20.0,20000.0
9400,toyota,camryse,like new,4 cylinders,gas,139704.0,clean,automatic,4T1BF1FK3EU382509,fwd,sedan,grey,7.0,23800.0
69900,lexus,lx,excellent,8 cylinders,gas,34713.0,clean,automatic,JTJHY7AX4J4263003,4wd,SUV,black,3.0,88250.0
10500,chevrolet,equinox,excellent,4 cylinders,gas,96437.0,clean,automatic,2GNFLEEK9F6115177,4wd,SUV,black,6.0,26500.0
41995,ram,1500,excellent,8 cylinders,gas,98584.0,clean,automatic,1C6RR7WT4JS158202,4wd,truck,red,3.0,55450.0
7200,gmc,sierra1500,excellent,8 cylinders,gas,206067.0,clean,automatic,2GTEK13M481152741,4wd,pickup,black,13.0,32000.0
29488,ram,1500bighorn,good,6 cylinders,gas,63462.0,clean,automatic,1C6RR7GG4FS518495,4wd,pickup,white,6.0,41250.0
3695,cadillac,dts,good,8 cylinders,gas,125000.0,clean,automatic,1G6KD57Y46U109765,fwd,sedan,silver,15.0,48000.0
41990,ford,mustanggtcoupe2d,good,8 cylinders,gas,561.0,clean,other,1FA6P8CFXL5169606,rwd,coupe,white,1.0,42600.0
12200,subaru,forester25ilimited,excellent,4 cylinders,gas,110447.0,clean,automatic,JF2SJAJC3EH516478,4wd,SUV,black,7.0,29600.0
32995,ram,dieselcummins3500,like new,6 cylinders,diesel,157967.0,clean,automatic,3C63R3CL3FG518495,4wd,truck,white,6.0,40000.0
28588,dodge,challengersxt,good,6 cylinders,gas,25978.0,clean,automatic,2C3CDZAG7KH587463,rwd,coupe,red,2.0,28995.0
11500,acura,tsx,excellent,4 cylinders,gas,101596.0,clean,automatic,JH4CU2F62CC001449,fwd,sedan,silver,9.0,30700.0
37590,infiniti,qx80limitedsport,good,8 cylinders,gas,60560.0,clean,automatic,JN8AZ2NE9H9151571,4wd,other,white,4.0,66650.0
8750,ford,explorer,excellent,6 cylinders,gas,103600.0,clean,automatic,1FMEU74E78UA89994,4wd,SUV,white,13.0,32100.0
44990,mercedes-benz,slclasssl550,good,8 cylinders,gas,39525.0,clean,automatic,WDDJK7DA4EF024841,rwd,other,white,7.0,101000.0
21995,chevrolet,silverado2500hd,excellent,8 cylinders,gas,68574.0,clean,automatic,1GCHK24K37E556918,4wd,truck,blue,14.0,36855.0
10995,kia,optima,excellent,4 cylinders,gas,107000.0,clean,automatic,5XXGT4L34GG039864,fwd,sedan,black,5.0,22900.0
11995,subaru,outback,excellent,4 cylinders,gas,111185.0,clean,automatic,4S4BRBCC6E3266849,4wd,wagon,blue,7.0,27300.0
27500,chevrolet,silverado2500hd,excellent,8 cylinders,diesel,127381.0,clean,automatic,1GC4KXB62AF110438,4wd,truck,blue,11.0,39300.0
17300,hyundai,tucson,excellent,4 cylinders,gas,30371.0,clean,automatic,KM8J3CA42JU823615,4wd,SUV,custom,3.0,30300.0
37590,chevrolet,corvettegrandsport,good,8 cylinders,gas,42017.0,clean,other,1G1YW2DW4B5109555,rwd,coupe,red,10.0,56900.0
11995,nissan,altima,excellent,4 cylinders,gas,107986.0,clean,automatic,1N4AL3AP5GC251619,fwd,sedan,white,5.0,23300.0
29995,ford,superdutyf250srw,excellent,8 cylinders,gas,145979.0,clean,automatic,1FT7W2B60GEA36830,4wd,truck,black,5.0,40500.0
28590,chevrolet,camarosscoupe2d,good,8 cylinders,gas,16903.0,clean,other,2G1FT1EW5A9116525,rwd,coupe,yellow,11.0,38500.0
38590,gmc,sierra1500doublecabslt,good,8 cylinders,gas,20448.0,clean,other,1GTV2NECXJZ225636,4wd,pickup,silver,3.0,48300.0
51990,cadillac,escaladeesvpremium,good,8 cylinders,other,72367.0,clean,automatic,1GYS4JKJ6JR198941,4wd,SUV,black,3.0,84700.0
46990,mercedes-benz,slclasssl550,good,8 cylinders,other,28834.0,clean,other,WDDJK7DA9EF024737,rwd,convertible,blue,7.0,105500.0
41945,bmw,x3sdrive30isportsactivity,good,4 cylinders,gas,6240.0,clean,automatic,5UXTY3C08M9E27299,rwd,hatchback,black,0.0,45900.0
7595,ford,focusse,excellent,4 cylinders,gas,67061.0,clean,automatic,1FADP3F27FL336796,fwd,sedan,silver,6.0,19600.0
38590,chevrolet,corvettegrandsport,good,8 cylinders,gas,32086.0,clean,automatic,1G1YW3DW4C5101754,rwd,convertible,white,9.0,59000.0
17995,jeep,wrangler,good,6 cylinders,gas,136135.0,clean,automatic,1J4GA59119L749576,4wd,SUV,black,12.0,30745.0
26590,lexus,is350sedan4d,good,6 cylinders,gas,45318.0,clean,other,JTHBE1D22E5013305,rwd,sedan,silver,7.0,38450.0
7875,honda,odyssey,good,6 cylinders,gas,103027.0,clean,automatic,5FNRL38668B058085,fwd,van,custom,13.0,32980.0
5495,honda,civic,new,4 cylinders,gas,157000.0,clean,automatic,2HGFA1F54AH315057,fwd,sedan,grey,11.0,19500.0
13675,nissan,armada,good,8 cylinders,gas,139079.0,clean,automatic,5N1AA0NC4DN610430,4wd,SUV,custom,8.0,54500.0
12990,volkswagen,beetleturbocoupe,excellent,4 cylinders,gas,92209.0,clean,automatic,3VWV67AT2DM614389,fwd,hatchback,blue,8.0,24000.0
29990,chevrolet,blazer2ltsport,good,6 cylinders,gas,21462.0,clean,other,3GNKBCRS6KS694009,fwd,other,red,2.0,34300.0
37990,chevrolet,camarosscoupe2d,good,8 cylinders,gas,9704.0,clean,other,1G1FF1R79G0140582,rwd,coupe,red,5.0,38500.0
9995,ford,f150xlt,like new,8 cylinders,gas,167899.0,clean,automatic,1FTRW08L61KB76562,4wd,truck,red,20.0,29000.0
10995,lexus,rx450h,like new,6 cylinders,hybrid,222100.0,clean,automatic,JTJBC1BA5A2012742,4wd,SUV,grey,11.0,54000.0
4297,ford,escape,excellent,4 cylinders,gas,174291.0,clean,automatic,1FMYU02Z46KD55376,fwd,SUV,red,15.0,20000.0
16900,kia,optima,good,4 cylinders,gas,82999.0,clean,automatic,5XXGR4A65FG391393,fwd,sedan,white,6.0,28500.0
22000,bmw,428ixdrive,excellent,4 cylinders,gas,58000.0,clean,automatic,WBA3N5C59EF715668,fwd,coupe,grey,7.0,41600.0
7295,subaru,legacy25ilimited,excellent,4 cylinders,gas,133112.0,clean,automatic,4S3BMBL68C3024722,4wd,sedan,silver,9.0,29995.0
26999,jeep,wranglerunlimited,excellent,6 cylinders,gas,101028.0,clean,automatic,1C4HJWEG7EL188871,4wd,SUV,white,7.0,34845.0
33899,ford,f150,good,6 cylinders,gas,47193.0,clean,automatic,1FTEX1EP6GFC45017,4wd,truck,grey,5.0,38500.0
7500,bmw,x5,good,8 cylinders,gas,133379.0,clean,automatic,5UXFB53596LV27050,4wd,SUV,black,15.0,61900.0
8900,honda,civicsdn,excellent,4 cylinders,gas,103255.0,clean,automatic,19XFB2F56DE034637,fwd,sedan,brown,8.0,19700.0
6200,ford,escapexlt,good,4 cylinders,gas,137030.0,clean,automatic,1FMCU9D79CKB63196,4wd,SUV,grey,9.0,25300.0
8995,subaru,forester25x,excellent,4 cylinders,gas,107779.0,clean,automatic,JF2SHABC0DH439691,4wd,SUV,black,8.0,26195.0
38990,jeep,wranglerunlimitedrubicon,good,6 cylinders,gas,20676.0,clean,other,1C4BJWFG3HL547853,4wd,other,red,4.0,39800.0
4995,dodge,dakota,good,8 cylinders,gas,210531.0,clean,automatic,1D7HW42N76S652165,4wd,pickup,black,15.0,25100.0
22800,ford,f350sd,good,8 cylinders,diesel,88835.0,clean,automatic,1FTRF3BT8BEA05337,4wd,truck,blue,10.0,47600.0
39990,chevrolet,coloradocrewcabzr2,good,6 cylinders,other,27214.0,clean,other,1GCGTEENXJ1287415,4wd,pickup,blue,3.0,40800.0
7995,toyota,camry,good,6 cylinders,gas,156609.0,clean,automatic,4T1BK46K49U078947,rwd,sedan,black,12.0,24450.0
43990,buick,enclaveavenirsport,good,6 cylinders,gas,21086.0,clean,other,5GAERDKWXLJ233677,fwd,other,white,1.0,48500.0
25000,ford,f150,excellent,6 cylinders,gas,71219.0,clean,automatic,1FTEX1CP7HFC59254,rwd,pickup,black,4.0,33500.0
17900,chevrolet,avalanche,excellent,8 cylinders,gas,105623.0,clean,automatic,3GNFK32309G137789,4wd,SUV,black,12.0,39600.0
33990,ford,superdutyf550drw,good,8 cylinders,diesel,136250.0,clean,automatic,1FDUF5HT3EEB73528,4wd,truck,white,7.0,72200.0
8995,honda,crv,like new,4 cylinders,gas,177530.0,clean,automatic,3CZRE48579G704442,4wd,SUV,blue,12.0,27500.0
11995,mazda,cx5,excellent,4 cylinders,gas,130759.0,clean,automatic,JM3KE2DE0D0160520,fwd,SUV,grey,8.0,29000.0
24950,ford,f150,excellent,8 cylinders,gas,98410.0,clean,automatic,1FTFX1EF6BFA47607,4wd,truck,red,10.0,39250.0
42000,ford,f150supercrewplatinum4x,like new,8 cylinders,gas,30850.0,clean,automatic,1FTEW1EF6FFB32385,4wd,truck,custom,6.0,45500.0
7000,ford,f150,good,8 cylinders,gas,156598.0,clean,automatic,1FTVX12564NC65451,rwd,pickup,white,17.0,25500.0
22888,honda,accordexl,excellent,4 cylinders,gas,55018.0,clean,automatic,1HGCV2F61JA029087,fwd,sedan,silver,3.0,29650.0
32950,cadillac,xt5luxury,like new,6 cylinders,gas,33465.0,clean,automatic,1GYKNERS7KZ217114,fwd,SUV,custom,2.0,49820.0
15900,mazda,cx5,good,4 cylinders,gas,49391.0,clean,automatic,JM3KE2BY4G0628900,fwd,wagon,grey,5.0,23500.0
14900,chevrolet,express2500,excellent,8 cylinders,gas,178773.0,clean,automatic,1GCWGFCA2E1121241,rwd,van,white,7.0,32000.0
15995,toyota,tacoma,excellent,4 cylinders,gas,136802.0,clean,manual,5TEUX42N28Z545089,4wd,truck,black,13.0,29200.0
13995,ford,fusionse,good,4 cylinders,gas,77783.0,clean,automatic,3FA6P0H73GR357972,fwd,sedan,silver,5.0,23300.0
9497,chevrolet,cruze,good,4 cylinders,gas,143780.0,clean,automatic,1G1BE5SM9H7206615,fwd,sedan,silver,4.0,22000.0
35590,ram,1500crewcabbighorn,good,6 cylinders,other,22805.0,clean,other,1C6RR7LG2JS220638,4wd,pickup,black,3.0,40875.0
7500,chevrolet,impalalt,good,6 cylinders,gas,107621.0,clean,automatic,2G1WC58RX79256690,fwd,sedan,grey,14.0,25700.0
5395,honda,accordsdn,good,4 cylinders,gas,226684.0,clean,automatic,1HGCP267X8A157454,fwd,sedan,grey,13.0,23200.0
39995,cadillac,escalade,like new,8 cylinders,gas,85805.0,clean,automatic,1GYS3PKJ4FR577899,rwd,SUV,black,6.0,83500.0
11990,chrysler,200,good,4 cylinders,gas,69900.0,clean,automatic,1C3CCCABXFN731718,fwd,sedan,black,6.0,22995.0
35590,gmc,sierra1500doublecabsle,good,6 cylinders,gas,22299.0,clean,automatic,1GTV2MEH3JZ364674,4wd,pickup,silver,3.0,42500.0
26995,toyota,tundra4wdtruck,excellent,8 cylinders,gas,136211.0,clean,automatic,5TFAY5F12EX373713,4wd,pickup,white,7.0,48500.0
19490,lexus,is,good,6 cylinders,gas,99546.0,clean,automatic,JTHBF1D22E5014726,rwd,sedan,black,7.0,35000.0
37990,chevrolet,camarosscoupe2d,good,8 cylinders,gas,9704.0,clean,other,1G1FF1R79G0140582,rwd,coupe,red,5.0,38995.0
22900,mercedes-benz,eclass,excellent,6 cylinders,gas,53551.0,clean,automatic,WDDHF8JB1EB045496,4wd,sedan,white,7.0,54900.0
19990,dodge,journeycrossroadplus,good,6 cylinders,gas,25754.0,clean,other,3C4PDCGG2HT605580,fwd,other,white,4.0,31500.0
28590,cadillac,xt5sportutility4d,good,6 cylinders,gas,19302.0,clean,other,1GYKNARS8JZ152216,fwd,other,black,3.0,45000.0
9850,volkswagen,jetta,good,4 cylinders,gas,85155.0,clean,other,3VW4A7AJ5DM415359,fwd,sedan,black,8.0,29800.0
14500,chevrolet,traverse,good,6 cylinders,gas,23032.0,clean,automatic,1GNKRGED8BJ189181,fwd,SUV,silver,10.0,32800.0
14700,honda,crvexl,excellent,4 cylinders,gas,70672.0,salvage,automatic,2HKRM4H77FH677160,4wd,SUV,brown,6.0,29800.0
31990,buick,enclaveessencesport,good,6 cylinders,gas,20337.0,clean,other,5GAERBKW6LJ216038,fwd,SUV,silver,1.0,43100.0
9994,ford,edge,excellent,6 cylinders,gas,142828.0,clean,automatic,2FMDK4GC3DBC67233,4wd,SUV,black,8.0,29200.0
22590,nissan,maximas20175sedan,good,6 cylinders,gas,33165.0,clean,other,1N4AA6AP2HC453486,fwd,sedan,white,4.0,32990.0
32990,jeep,wranglerrubiconsport,good,6 cylinders,gas,42344.0,clean,other,1C4BJWCG1GL261390,4wd,other,silver,5.0,40190.0
24000,dodge,challengerrt,excellent,8 cylinders,gas,68000.0,lien,automatic,2C3CDYBT4CH226229,rwd,coupe,red,9.0,31900.0
32590,jeep,wranglerunlimitedsports,good,6 cylinders,other,38471.0,clean,other,1C4BJWDGXHL559503,4wd,other,black,4.0,34800.0
10250,bmw,328i,excellent,4 cylinders,gas,112466.0,clean,automatic,WBA3A5C58DF355271,rwd,sedan,black,8.0,36200.0
6245,nissan,leafsv4dhatchback,good,other,electric,89119.0,clean,automatic,1N4AZ0CP9DC421583,fwd,hatchback,blue,8.0,29900.0
10900,ford,f2504wd1ownercleancheaptruck,excellent,8 cylinders,gas,235861.0,clean,automatic,1FT7X2B67BEC96826,4wd,truck,red,10.0,40000.0
10990,lexus,es350,good,6 cylinders,gas,102078.0,clean,automatic,JTHBJ46G392324089,fwd,sedan,silver,12.0,35000.0
20995,kia,sorento,good,6 cylinders,gas,40727.0,clean,automatic,5XYPG4A59LG620081,fwd,SUV,silver,1.0,33500.0
24862,dodge,chargersxt,like new,6 cylinders,gas,36559.0,clean,automatic,2C3CDXBG0KH696253,rwd,sedan,black,2.0,29995.0
23900,honda,pilot,excellent,6 cylinders,gas,109180.0,clean,automatic,5FNYF6H93GB068019,4wd,SUV,white,5.0,43970.0
24995,subaru,wrx,excellent,4 cylinders,gas,57117.0,clean,other,JF1VA1B6XG9821435,4wd,sedan,grey,5.0,26995.0
30990,lexus,rx350sportutility4d,good,6 cylinders,other,27130.0,clean,other,2T2ZZMCA0HC058521,fwd,SUV,white,4.0,43300.0
4900,pontiac,g6gt,excellent,6 cylinders,gas,86000.0,clean,automatic,1G2ZH58N774177522,fwd,sedan,silver,14.0,26000.0
16600,audi,q3,excellent,4 cylinders,gas,108822.0,clean,automatic,WA1BCCFSXHR014032,fwd,SUV,black,4.0,31900.0
33990,gmc,sierra1500doublecabsle,good,6 cylinders,gas,24299.0,clean,other,1GTV2MEHXJZ346690,4wd,pickup,white,3.0,40500.0
4400,honda,odysseyex,excellent,6 cylinders,gas,194959.0,clean,automatic,5FNRL38467B131422,fwd,mini-van,silver,14.0,27000.0
13995,chevrolet,silverado1500,excellent,8 cylinders,gas,176140.0,clean,automatic,2GCEK19JX81214043,4wd,pickup,black,13.0,24500.0
12995,ford,fusions,excellent,4 cylinders,gas,63591.0,clean,automatic,3FA6P0G7XGR216382,fwd,sedan,black,5.0,22000.0
17500,ford,f150xlt,like new,8 cylinders,gas,101500.0,clean,automatic,1FTFX1EV4AFD18847,4wd,pickup,white,11.0,35000.0
16000,lexus,gx4704wd,excellent,8 cylinders,gas,179600.0,clean,automatic,JTJBT20X680166962,4wd,SUV,black,13.0,57000.0
48900,chevrolet,silverado3500hd,excellent,8 cylinders,diesel,138000.0,clean,automatic,1GC4K0E86FF139095,4wd,truck,red,6.0,59000.0
5996,honda,civicsdn,good,4 cylinders,gas,142523.0,clean,automatic,1HGFA16379L001111,fwd,sedan,silver,12.0,18675.0
17995,chevrolet,volt,excellent,4 cylinders,hybrid,30502.0,clean,automatic,1G1RC6S59HU191294,fwd,hatchback,white,4.0,34300.0
32995,ford,f350sd,excellent,8 cylinders,gas,95800.0,clean,automatic,1FT8W3B65FEB72802,4wd,truck,white,6.0,40500.0
28000,ford,f150,excellent,8 cylinders,gas,101815.0,clean,automatic,1FTEW1EF5GFC19437,4wd,truck,white,5.0,42900.0
8995,chrysler,300c,excellent,8 cylinders,gas,124266.0,clean,automatic,2C3KA63H68H177416,rwd,sedan,white,13.0,36000.0
26995,ford,edge,like new,4 cylinders,gas,32432.0,clean,automatic,2FMPK3J99JBC06565,fwd,SUV,blue,3.0,31495.0
37182,toyota,tundracrewmaxsr5,excellent,8 cylinders,gas,51145.0,clean,automatic,5TFDW5F17GX498809,4wd,truck,grey,5.0,43500.0
4600,jeep,liberty,excellent,6 cylinders,gas,145050.0,clean,automatic,1J4GL58K23W671108,4wd,SUV,red,18.0,28730.0
6800,ford,focus,like new,4 cylinders,gas,33012.0,clean,automatic,1FADP3E28DL118879,fwd,sedan,silver,8.0,17340.0
27990,gmc,sierra2500hdextendedcab,good,8 cylinders,gas,68696.0,clean,other,1GT220CG8CZ231238,4wd,pickup,black,9.0,38900.0
15995,lexus,sc430convertible,excellent,8 cylinders,gas,79590.0,clean,automatic,JTHFN48Y240050240,rwd,convertible,blue,17.0,57500.0
8750,bmw,330izhp,good,6 cylinders,gas,200000.0,clean,manual,WBAEV53424KM06825,rwd,sedan,silver,17.0,35000.0
9488,ford,focus,good,4 cylinders,gas,87218.0,clean,automatic,1FADP3F20GL309859,fwd,sedan,red,5.0,19500.0
10990,honda,accordsdn,like new,4 cylinders,gas,87973.0,clean,automatic,1HGCP2F34CA072714,fwd,sedan,grey,9.0,22000.0
6450,nissan,murano,excellent,6 cylinders,gas,168066.0,clean,automatic,JN8AZ18W09W114068,4wd,SUV,black,12.0,31400.0
37990,toyota,tundradoublecabsr,good,8 cylinders,gas,22870.0,clean,other,5TFUM5F13GX069124,4wd,pickup,black,5.0,42500.0
23990,lincoln,navigatorsportutility,good,8 cylinders,gas,63065.0,clean,other,5LMJJ2J54DEL09382,4wd,other,black,8.0,63400.0
4500,buick,lacrosse,excellent,6 cylinders,gas,49432.0,clean,automatic,2G4WC532851294413,fwd,sedan,brown,16.0,24500.0
19999,lexus,gx470awd,excellent,8 cylinders,gas,178077.0,clean,automatic,JTJBT20X370130578,4wd,SUV,brown,14.0,38500.0
4499,chevrolet,aveo,excellent,4 cylinders,gas,101770.0,clean,automatic,KL1TD56E09B303371,fwd,sedan,blue,12.0,14305.0
26995,jeep,wrangler,good,6 cylinders,gas,178690.0,clean,automatic,1C4BJWFG7DL515028,4wd,SUV,green,8.0,31800.0
11632,ford,escape,excellent,4 cylinders,gas,91423.0,clean,automatic,1FMCU0F72HUD60053,fwd,SUV,blue,4.0,23400.0
29990,chevrolet,coloradocrewcabwork,good,6 cylinders,gas,11401.0,clean,other,1GCGTBEN7J1162712,4wd,pickup,red,3.0,36600.0
22777,chevrolet,camaro,excellent,4 cylinders,gas,40644.0,clean,automatic,1G1FB1RX8H0215348,rwd,coupe,red,4.0,25000.0
5450,chevrolet,equinox,excellent,6 cylinders,gas,138000.0,clean,automatic,2CNDL73F256158836,4wd,SUV,grey,16.0,28500.0
18995,ford,f150,excellent,8 cylinders,gas,125047.0,clean,automatic,1FTFW1EF9CFB48550,4wd,pickup,black,9.0,40850.0
8995,ford,fusion,good,4 cylinders,gas,80000.0,clean,automatic,3FA6P0HD8FR166715,fwd,sedan,blue,6.0,23100.0
12995,bmw,x5awdxdrive35ipremium,excellent,6 cylinders,gas,114022.0,clean,automatic,5UXZV4C50D0B17348,4wd,SUV,silver,8.0,56000.0
11995,ford,fusion,excellent,4 cylinders,gas,101802.0,clean,automatic,3FA6P0HDXER201589,fwd,other,custom,7.0,23500.0
22995,volvo,s60t6premierplus,excellent,4 cylinders,gas,34247.0,clean,automatic,YV149MFC7F2317538,fwd,sedan,black,6.0,39900.0
17491,hyundai,sonatalimited,like new,4 cylinders,gas,44680.0,clean,automatic,5NPE34AFXJH717291,fwd,sedan,grey,3.0,23800.0
10499,jeep,libertylimited,excellent,6 cylinders,gas,120025.0,clean,automatic,1J4PN5GK5AW129803,4wd,SUV,blue,11.0,32100.0
23850,jeep,grandcherokee,excellent,6 cylinders,gas,49106.0,clean,automatic,1C4RJFAG7HC929275,4wd,SUV,grey,4.0,34800.0
29995,jeep,grandcherokeelaredo,like new,6 cylinders,gas,20005.0,clean,automatic,1C4RJFAG0LC132651,4wd,SUV,black,1.0,38700.0
10900,mini,cooperhardtops,excellent,4 cylinders,gas,92000.0,clean,automatic,WMWSV3C54CT387140,fwd,hatchback,blue,9.0,25000.0
8500,toyota,camry,good,4 cylinders,gas,125000.0,clean,automatic,4T1BF1FK5DU639460,fwd,sedan,blue,8.0,22400.0
40590,ford,f250superdutyregularcab,good,8 cylinders,other,9313.0,clean,other,1FTBF2B65KEC91136,4wd,pickup,white,2.0,49900.0
14338,honda,crzex,good,4 cylinders,electric,61895.0,clean,automatic,JHMZF1D66ES003425,fwd,hatchback,white,7.0,24600.0
6995,honda,civiclxsedan,excellent,4 cylinders,gas,84721.0,clean,automatic,1HGFA16577L136782,fwd,sedan,brown,14.0,18200.0
9500,honda,accordex,excellent,6 cylinders,gas,105115.0,clean,automatic,1HGCP36769A043751,fwd,sedan,grey,12.0,30345.0
59990,mercedes-benz,eclasse450,good,6 cylinders,gas,6337.0,clean,other,WDD1J6HB2LF129133,rwd,coupe,white,1.0,68500.0
21950,lexus,es350,good,6 cylinders,gas,51284.0,clean,automatic,JTHBK1GG4F2196600,fwd,sedan,blue,6.0,40150.0
12475,jeep,wrangler,good,6 cylinders,gas,158714.0,clean,manual,1C4AJWAG7CL283919,4wd,SUV,green,9.0,30000.0
10990,chevrolet,equinox,excellent,4 cylinders,gas,147163.0,clean,automatic,2GNFLCEK4C6141024,4wd,SUV,silver,9.0,24995.0
19800,ford,explorer,excellent,6 cylinders,gas,96281.0,clean,automatic,1FM5K8F81FGB54384,4wd,wagon,silver,6.0,45000.0
25990,cadillac,xt5sportutility4d,good,6 cylinders,gas,18990.0,clean,other,1GYKNARS5JZ107735,fwd,SUV,silver,3.0,42000.0
45995,ford,superdutyf250srw,good,8 cylinders,diesel,93607.0,clean,automatic,1FT7W2BT1HED96650,4wd,truck,white,4.0,57000.0
12995,ford,f250superduty,good,8 cylinders,diesel,244448.0,clean,automatic,1FTSW21R28EB08781,4wd,pickup,blue,13.0,39980.0
7995,chevrolet,cruze,excellent,4 cylinders,gas,80324.0,clean,automatic,1G1PA5SGXD7132949,fwd,sedan,custom,8.0,17500.0
21999,jeep,wrangler,excellent,6 cylinders,gas,94250.0,clean,automatic,1J8GA59188L545175,4wd,SUV,blue,13.0,33500.0
14900,ford,f150,good,8 cylinders,gas,144558.0,clean,automatic,1FTFW1EF8CFC43200,4wd,truck,red,9.0,35900.0
38990,ford,mustanggtpremiumcoupe2d,good,8 cylinders,gas,7653.0,clean,other,1FA6P8CF9L5130067,rwd,coupe,white,1.0,43000.0
20700,chevrolet,equinox,new,4 cylinders,gas,12727.0,clean,automatic,3GNAXHEVXLS580851,fwd,SUV,white,1.0,26000.0
6999,hyundai,elantragt,good,4 cylinders,gas,111710.0,clean,automatic,KMHD35LE9DU110150,rwd,hatchback,blue,8.0,17400.0
9500,subaru,outback,excellent,4 cylinders,gas,96763.0,clean,automatic,4S4BRCLC2B3314221,4wd,wagon,silver,10.0,31700.0
10995,toyota,rav4sport4x4,excellent,4 cylinders,gas,149919.0,clean,automatic,JTMRF4DV3B5038508,4wd,SUV,grey,10.0,28000.0
8245,toyota,corollale,good,4 cylinders,gas,152500.0,clean,automatic,2T1BURHE9FC272241,fwd,sedan,silver,6.0,18500.0
24990,dodge,chargersxtsedan4d,good,6 cylinders,gas,2108.0,clean,other,2C3CDXHG5GH302454,rwd,sedan,silver,5.0,27495.0
10000,chevrolet,cruzelimited,excellent,4 cylinders,gas,99728.0,clean,automatic,1G1PE5SB1G7111243,fwd,sedan,white,5.0,19500.0
4500,jeep,patriot,good,4 cylinders,gas,150436.0,clean,automatic,1C4NJPBAXCD622409,fwd,SUV,black,9.0,19500.0
13800,subaru,forester,excellent,4 cylinders,gas,62452.0,salvage,automatic,JF2SJABC2HH423647,4wd,SUV,silver,4.0,23500.0
32500,ford,f250superduty,excellent,8 cylinders,diesel,165697.0,clean,automatic,1FT7W2BT3BEB30893,4wd,truck,white,10.0,50000.0
48900,chevrolet,silverado2500hdltz,like new,8 cylinders,diesel,43034.0,rebuilt,automatic,1GC1KWEYXJF108821,4wd,truck,black,3.0,60000.0
14995,honda,odyssey,good,6 cylinders,gas,139000.0,clean,automatic,5FNRL5H93GB057352,fwd,van,custom,5.0,33500.0
7495,volkswagen,passat,excellent,4 cylinders,diesel,157118.0,clean,automatic,1VWBN7A39DC145213,fwd,sedan,grey,8.0,29900.0
23999,toyota,tundra4wdtruck,excellent,8 cylinders,gas,41976.0,clean,automatic,5TFUW5F15DX278788,rwd,truck,silver,8.0,38500.0
31590,acura,tlx35wtechnologypkg,good,6 cylinders,gas,19567.0,clean,automatic,19UUB2F66JA003906,fwd,sedan,black,3.0,37900.0
37999,toyota,tundrasr,excellent,8 cylinders,gas,52083.0,clean,automatic,5TFUY5F18GX558820,4wd,truck,white,5.0,48750.0
6300,kia,soulbase,excellent,4 cylinders,gas,121000.0,clean,manual,KNDJN2A24F7193965,fwd,SUV,grey,6.0,18600.0
8988,ford,escapexlt4x4,excellent,4 cylinders,gas,88076.0,clean,automatic,1FMCU9DG6BKA41233,4wd,SUV,grey,10.0,25800.0
3500,subaru,legacy25iawdsedan,good,4 cylinders,gas,186500.0,clean,automatic,4S3BL616057221098,4wd,sedan,silver,16.0,28200.0
26995,chevrolet,silverado1500ltz1lz,good,8 cylinders,other,125154.0,clean,automatic,3GCUKSECXEG402573,4wd,pickup,white,7.0,41000.0
26990,infiniti,qx6035sportutility,good,6 cylinders,gas,24374.0,clean,other,5N1AL0MN8GC521781,fwd,SUV,black,5.0,42000.0
7495,chrysler,200,good,4 cylinders,gas,42034.0,clean,automatic,1C3CCBBB8CN139397,fwd,sedan,blue,9.0,20000.0
7000,chevrolet,silverado2500hd,excellent,8 cylinders,gas,202615.0,clean,automatic,1GCHK29U14E308477,4wd,pickup,white,17.0,38900.0
17900,ram,1500,good,8 cylinders,gas,153943.0,clean,automatic,1C6RR7GT0DS689917,4wd,truck,white,8.0,35800.0
22990,ford,f450superduty4x4,excellent,8 cylinders,diesel,63964.0,clean,automatic,1FDXF47P26EA09510,4wd,pickup,blue,15.0,48500.0
33990,ford,mustanggtcoupe2d,good,8 cylinders,gas,23720.0,clean,other,1FA6P8CF2J5107386,rwd,coupe,blue,3.0,35500.0
5990,pontiac,g6,good,6 cylinders,gas,138877.0,clean,automatic,1G2ZH58NX74256313,fwd,sedan,silver,14.0,23700.0
7900,chevrolet,impala,excellent,6 cylinders,gas,121495.0,clean,automatic,2G1WG5E34D1210562,fwd,sedan,white,8.0,24500.0
16995,ford,transit,good,6 cylinders,gas,80384.0,clean,automatic,1FMZK1ZM3FKB33177,rwd,van,silver,6.0,30000.0
23590,kia,k900premiumsedan4d,good,6 cylinders,gas,55976.0,clean,automatic,KNALT4D34H6035520,rwd,sedan,silver,4.0,59900.0
11888,toyota,rav4,excellent,4 cylinders,gas,118300.0,clean,automatic,JTMBD33V286075779,4wd,SUV,silver,13.0,26000.0
26995,lexus,nx200t,excellent,4 cylinders,gas,73129.0,clean,automatic,JTJBARBZ0G2085259,4wd,SUV,red,5.0,38800.0
19900,ford,explorer,excellent,6 cylinders,gas,67381.0,clean,automatic,1FM5K8D80EGC53845,4wd,SUV,black,7.0,36470.0
17975,cadillac,escalade,good,8 cylinders,gas,78537.0,clean,automatic,1GYFK638X8R155665,4wd,SUV,blue,13.0,73795.0
12995,jeep,cherokee,excellent,4 cylinders,gas,71591.0,clean,automatic,1C4PJLCB6GW201001,fwd,SUV,grey,5.0,23100.0
19995,ford,explorer,good,6 cylinders,gas,117758.0,clean,automatic,1FM5K8B87JGB58194,4wd,wagon,white,3.0,40500.0
7200,hyundai,sonatagls,excellent,4 cylinders,gas,133813.0,clean,automatic,5NPEB4AC3DH665239,fwd,sedan,silver,8.0,22450.0
29590,chrysler,pacificatouringl,good,6 cylinders,other,40263.0,clean,other,2C4RC1BG4LR134602,fwd,van,blue,1.0,35990.0
3350,ford,fusionsel,excellent,6 cylinders,gas,174500.0,clean,automatic,3FAHP02117R156553,4wd,sedan,silver,14.0,26995.0
34990,toyota,tacomadoublecabpickup,good,6 cylinders,gas,1112.0,clean,other,5TFLU4EN2EX098976,4wd,pickup,white,7.0,35760.0
27995,chevrolet,silverado2500hd,good,8 cylinders,diesel,196615.0,clean,automatic,1GC1KYC83BF165510,4wd,truck,silver,10.0,56000.0
6750,toyota,avalonxls,excellent,6 cylinders,gas,154918.0,clean,automatic,4T1BK36B67U198482,fwd,sedan,red,14.0,33600.0
6999,ford,explorer,excellent,6 cylinders,gas,164138.0,clean,automatic,1FMEU7DE3AUB03542,4wd,SUV,silver,11.0,32200.0
9000,honda,civiclx,excellent,4 cylinders,gas,133000.0,clean,automatic,2HGFB2F56DH505191,fwd,sedan,white,8.0,19600.0
5700,jeep,grandcherokeelaredo,good,6 cylinders,gas,144781.0,clean,automatic,1J4GW48S41C681638,4wd,SUV,brown,20.0,31995.0
13500,nissan,rogue,excellent,4 cylinders,gas,28189.0,salvage,automatic,KNMAT2MV1GP701211,4wd,SUV,silver,5.0,27880.0
9999,dodge,grandcaravan,excellent,6 cylinders,gas,48888.0,clean,automatic,2C4RDGBG1JR190980,rwd,van,custom,3.0,28695.0
8350,bmw,328iawd,excellent,6 cylinders,gas,114000.0,clean,automatic,WBAPK7C50AA462236,4wd,sedan,blue,11.0,38000.0
17990,lexus,rx350,excellent,6 cylinders,gas,110397.0,clean,automatic,2T2BK1BAXDC188757,4wd,SUV,black,8.0,44500.0
30995,ford,explorer,excellent,6 cylinders,gas,69072.0,clean,automatic,1FM5K8HT5HGC41497,4wd,SUV,grey,4.0,55800.0
32000,bmw,m6,like new,10 cylinders,gas,38000.0,clean,manual,WBSEH93568CY24274,rwd,coupe,custom,13.0,108000.0
34777,chevrolet,silverado1500,excellent,8 cylinders,gas,102769.0,clean,automatic,3GCUKREC6HG190395,4wd,pickup,white,4.0,39200.0
7500,chevrolet,impalalt,good,6 cylinders,gas,70691.0,clean,automatic,2G1WB5ENXA1215731,fwd,sedan,red,11.0,23695.0
11993,mitsubishi,outlandersport,excellent,4 cylinders,gas,60006.0,clean,automatic,JA4AR3AW9GZ044982,4wd,SUV,grey,5.0,23495.0
34590,ford,mustanggtpremium,good,8 cylinders,gas,30970.0,clean,other,1FATP8FF6F5341651,rwd,other,white,6.0,40000.0
29990,chevrolet,silverado1500double,good,8 cylinders,gas,26129.0,clean,other,1GCVKREC7EZ196951,4wd,pickup,brown,7.0,38500.0
36990,chevrolet,camarolt1coupe2d,good,8 cylinders,gas,5535.0,clean,manual,1G1FE1R7XL0132908,rwd,coupe,black,1.0,41200.0
38990,jeep,wranglerunlimitedrubicon,good,6 cylinders,gas,20676.0,clean,other,1C4BJWFG3HL547853,4wd,other,red,4.0,43800.0
4200,chevrolet,impala,excellent,6 cylinders,gas,144000.0,clean,automatic,2G1WB5EK8A1173758,fwd,sedan,white,11.0,24500.0
6900,cadillac,ctsawd,good,6 cylinders,gas,107256.0,clean,automatic,1G6DG577690142365,4wd,sedan,blue,12.0,43000.0
34590,ford,mustanggtcoupe2d,good,8 cylinders,gas,9982.0,clean,other,1FA6P8CF0H5345974,rwd,coupe,black,4.0,42500.0
14000,chrysler,200,excellent,6 cylinders,gas,64239.0,clean,automatic,1C3CCCCG2FN541145,4wd,sedan,white,6.0,26445.0
13995,ford,fusionse,good,4 cylinders,gas,77783.0,clean,automatic,3FA6P0H73GR357972,fwd,sedan,silver,5.0,22000.0
41900,ford,f150,excellent,8 cylinders,gas,13596.0,clean,automatic,1FTEW1E53LFA27211,4wd,pickup,white,1.0,48500.0
36990,gmc,sierra2500hddoublecab,good,8 cylinders,gas,23190.0,clean,other,1GT22REG1GZ401351,4wd,pickup,black,5.0,40400.0
6995,chevrolet,sonic,good,4 cylinders,gas,76000.0,clean,automatic,1G1JA6SH5G4110321,fwd,hatchback,white,5.0,15500.0
8990,chevrolet,cruze,excellent,4 cylinders,gas,99767.0,clean,manual,1G1PF5SB2D7323478,fwd,sedan,black,8.0,20200.0
29400,jeep,wranglerunlimitedsahara,excellent,6 cylinders,gas,70942.0,clean,automatic,1C4HJWEG2DL607773,4wd,SUV,green,8.0,38500.0
4800,honda,crvex,good,4 cylinders,gas,200376.0,clean,automatic,JHLRD788X4C015059,4wd,SUV,black,17.0,24200.0
35590,gmc,sierra1500doublecabsle,good,6 cylinders,gas,22299.0,clean,automatic,1GTV2MEH3JZ364674,4wd,pickup,silver,3.0,42500.0
14700,ford,f150xlt,excellent,8 cylinders,gas,230223.0,clean,automatic,1FTFW1CF6EFB37964,rwd,pickup,blue,7.0,35100.0
13999,toyota,venzaleawd,good,4 cylinders,gas,101420.0,clean,automatic,4T3BA3BB7FU067026,4wd,wagon,silver,6.0,30700.0
33990,ford,superdutyf250srw,good,8 cylinders,diesel,49678.0,clean,automatic,1FTBF2BT2CEA75283,4wd,truck,white,9.0,53445.0
34990,lexus,rx350sportutility4d,good,6 cylinders,gas,21959.0,clean,other,2T2ZZMCAXJC097770,fwd,SUV,silver,3.0,45000.0
38990,infiniti,qx60luxesportutility,good,6 cylinders,gas,5279.0,clean,other,5N1DL0MN9LC508268,fwd,other,black,1.0,42300.0
5500,hyundai,elantra,excellent,4 cylinders,gas,97000.0,clean,automatic,KMHDH6AH0EU028457,fwd,coupe,white,7.0,18600.0
22000,chevrolet,corvette,like new,8 cylinders,gas,42700.0,clean,automatic,1G1YY22G025118825,rwd,coupe,silver,19.0,49000.0
46960,jeep,grandcherokee,excellent,8 cylinders,gas,16975.0,clean,automatic,1C4RJFBT0LC101587,4wd,SUV,black,1.0,48500.0
11974,ford,f150,excellent,8 cylinders,gas,153432.0,clean,automatic,1FTPW14524KD36056,4wd,truck,blue,17.0,33700.0
3200,honda,odyssey,good,6 cylinders,gas,208795.0,clean,automatic,5FNRL38238B103075,fwd,mini-van,grey,13.0,28330.0
8995,cadillac,escaladeesv,good,8 cylinders,gas,229505.0,clean,automatic,1GYFK26209R108856,4wd,SUV,white,12.0,83500.0
7498,ford,expedition,excellent,8 cylinders,gas,195672.0,clean,automatic,1FMFU18529LA11352,4wd,SUV,red,12.0,50050.0
7999,toyota,prius,good,4 cylinders,hybrid,148897.0,clean,automatic,JTDKN3DU1A0055972,fwd,hatchback,silver,11.0,24000.0
12537,volkswagen,jetta,excellent,4 cylinders,gas,62510.0,clean,automatic,3VW2B7AJ9HM412328,fwd,sedan,black,4.0,19500.0
9900,hyundai,elantrase,like new,4 cylinders,gas,62750.0,clean,automatic,5NPD74LF0HH095923,fwd,sedan,black,4.0,18900.0
10999,dodge,journey,good,6 cylinders,gas,121146.0,clean,automatic,3C4PDCBB7HT582471,fwd,SUV,white,4.0,27000.0
9950,pontiac,solstice,excellent,4 cylinders,gas,71561.0,clean,automatic,1G2MG35X88Y109618,rwd,convertible,silver,13.0,30495.0
44995,ram,2500,good,6 cylinders,diesel,118600.0,clean,automatic,3C6UR5FL3GG155743,4wd,truck,black,5.0,64900.0
11995,dodge,charger,excellent,8 cylinders,gas,120856.0,clean,automatic,2B3CM5CT7BH517381,4wd,sedan,black,10.0,36000.0
11795,chevrolet,express2500cargovan,good,8 cylinders,gas,177439.0,clean,automatic,1GCWGFCA8E1139663,fwd,van,blue,7.0,25000.0
4150,gmc,envoydenali,excellent,8 cylinders,gas,200000.0,clean,automatic,1GKET63M172116049,4wd,SUV,silver,14.0,45000.0
3995,kia,sedona,excellent,6 cylinders,gas,118179.0,clean,automatic,KNDMB233776173681,fwd,mini-van,black,14.0,26700.0
35990,ram,1500crewcabbighorn,good,8 cylinders,gas,21885.0,clean,other,1C6RR7LT8JS335046,4wd,pickup,white,3.0,43000.0
25990,gmc,acadiaslt2sportutility,good,6 cylinders,gas,70640.0,clean,other,1GKKNNLS8KZ159484,fwd,SUV,white,2.0,38500.0
12500,honda,accord,good,4 cylinders,gas,73189.0,clean,automatic,1HGCP2F75CA225099,fwd,sedan,grey,9.0,24000.0
47990,chevrolet,tahoeltsportutility,good,8 cylinders,gas,34216.0,clean,other,1GNSKBKC1KR138450,4wd,other,white,2.0,62895.0
13351,kia,soul,excellent,4 cylinders,gas,59491.0,clean,automatic,KNDJN2A24F7149075,fwd,sedan,white,6.0,16500.0
23590,chevrolet,camarosscoupe2d,good,8 cylinders,gas,38905.0,clean,other,2G1FK1EJ8B9122277,rwd,coupe,red,10.0,39800.0
6490,saturn,vue,excellent,4 cylinders,hybrid,98001.0,clean,automatic,5GZCZ33Z97S809671,fwd,SUV,blue,14.0,22820.0
42500,ford,f150raptorsvt,excellent,8 cylinders,gas,61940.0,clean,automatic,1FTFW1R64CFA43604,4wd,truck,red,9.0,45900.0
5388,honda,civicvp,good,4 cylinders,gas,221739.0,clean,automatic,19XFA1F31AE004453,fwd,sedan,grey,11.0,18425.0
10995,mazda,cx9,good,6 cylinders,gas,102061.0,clean,automatic,JM3TB3CV8B0331421,4wd,SUV,silver,10.0,34000.0
31995,mercedes-benz,eclass,excellent,4 cylinders,gas,39556.0,clean,automatic,WDDZF4JB3JA328074,rwd,sedan,grey,3.0,52000.0
34950,chevrolet,coloradoz71,excellent,6 cylinders,gas,21667.0,clean,automatic,1GCGTDE31G1377859,4wd,pickup,white,5.0,38500.0
38590,ford,f150supercrewcablariat,good,8 cylinders,other,41804.0,clean,other,1FTEW1EF4FFB55826,4wd,pickup,brown,6.0,48500.0
4951,toyota,camry,excellent,4 cylinders,gas,190500.0,clean,manual,4T1BE46K67U094250,fwd,sedan,red,14.0,23500.0
8990,hyundai,elantragthatchback,good,4 cylinders,gas,83314.0,clean,automatic,KMHD35LE6DU108288,fwd,hatchback,black,8.0,18600.0
14990,dodge,dart,good,4 cylinders,gas,76120.0,clean,automatic,1C3CDFFA4GD819556,fwd,sedan,red,5.0,19695.0
26990,infiniti,qx6035sportutility,good,6 cylinders,gas,24374.0,clean,other,5N1AL0MN8GC521781,fwd,SUV,black,5.0,42300.0
35590,jaguar,ftypev8sconvertible,good,8 cylinders,gas,76372.0,clean,other,SAJWA6GL8EMK00863,rwd,other,black,7.0,103000.0
38590,lexus,es350luxurysedan4d,good,6 cylinders,other,11599.0,clean,other,58ABZ1B16KU051206,fwd,sedan,white,2.0,39900.0
6999,ford,taurus,excellent,6 cylinders,gas,79000.0,clean,automatic,1FAHP24W48G179208,fwd,sedan,silver,13.0,26000.0
3050,ford,focusse,good,4 cylinders,gas,104859.0,clean,automatic,1FAFP34P43W302476,fwd,hatchback,grey,18.0,13995.0
22500,ford,f350dieselspowerstroke,excellent,8 cylinders,diesel,117000.0,clean,automatic,1FTSX31P04EC34519,4wd,pickup,silver,17.0,35000.0
39590,ford,mustanggtcoupe2d,good,8 cylinders,gas,1988.0,clean,other,1FA6P8CF9L5171928,rwd,coupe,black,1.0,43270.0
14995,gmc,acadia,excellent,6 cylinders,gas,139639.0,clean,automatic,1GKKVTED1CJ243567,4wd,SUV,white,9.0,48900.0
40000,volkswagen,atlas,excellent,6 cylinders,gas,21500.0,clean,automatic,1V2NR2CA1KC545006,4wd,SUV,blue,2.0,47800.0
12999,honda,pilotexl,excellent,6 cylinders,gas,114459.0,clean,automatic,5FNYF4H58CB057092,4wd,SUV,blue,9.0,38700.0
11995,volkswagen,jetta,excellent,4 cylinders,gas,63930.0,clean,automatic,3VW2K7AJ1EM439955,fwd,sedan,black,7.0,18500.0
15400,subaru,outback,excellent,4 cylinders,gas,104345.0,clean,automatic,4S4BSBJC0F3204923,4wd,SUV,black,6.0,30995.0
32590,cadillac,cts36luxurysedan4d,good,6 cylinders,gas,21335.0,clean,other,1G6AR5SS8J0137892,rwd,sedan,black,3.0,50000.0
25990,chevrolet,silverado1500regular,good,8 cylinders,other,82140.0,clean,automatic,1GCNKREC1EZ373672,4wd,pickup,black,7.0,38500.0
39990,ram,1500crewcabbighorn,good,6 cylinders,gas,19381.0,clean,other,1C6RRFFG8KN755883,4wd,pickup,red,2.0,40900.0
36900,chevrolet,tahoe,excellent,8 cylinders,gas,98000.0,clean,automatic,1GNSKBKC1JR159376,4wd,SUV,silver,3.0,56900.0
22995,chevrolet,corvette,good,8 cylinders,gas,87110.0,clean,manual,1G1YY12SX15131126,rwd,coupe,grey,20.0,49000.0
8862,buick,lucerne,excellent,6 cylinders,gas,63504.0,clean,automatic,1G4HD57258U170883,fwd,sedan,silver,13.0,32600.0
35990,jeep,wranglerunlimitedsports,good,6 cylinders,gas,36651.0,clean,other,1C4BJWDG4HL578953,4wd,other,black,4.0,36800.0
14495,dodge,durango,good,6 cylinders,gas,95394.0,clean,automatic,1D4RE4GG3BC674926,4wd,SUV,black,10.0,32965.0
12995,toyota,camry,good,4 cylinders,gas,64805.0,clean,automatic,4T1BE46K09U416352,fwd,sedan,black,12.0,22700.0
34500,honda,odyssey,like new,6 cylinders,gas,17498.0,clean,automatic,5FNRL6H78LB053165,fwd,mini-van,white,1.0,35500.0
31990,chrysler,pacificalimited,good,6 cylinders,gas,34925.0,clean,other,2C4RC1GG9KR731896,fwd,van,white,2.0,40000.0
13500,chevrolet,silverado1500,excellent,8 cylinders,gas,110000.0,clean,automatic,3GCPCSE03BG262961,rwd,pickup,blue,10.0,39600.0
16950,dodge,durango,excellent,8 cylinders,other,83347.0,clean,automatic,1C4SDHET1CC152791,rwd,other,black,9.0,43995.0
45000,ford,f150,excellent,8 cylinders,gas,20500.0,clean,automatic,1FTEW1EF6FFB82798,4wd,truck,silver,6.0,55500.0
7995,chevrolet,cruze,excellent,4 cylinders,gas,80324.0,clean,automatic,1G1PA5SGXD7132949,fwd,sedan,custom,8.0,18500.0
22500,jeep,wrangler,good,6 cylinders,gas,66811.0,clean,automatic,1C4AJWAG7EL327467,4wd,SUV,white,7.0,27895.0
18995,ford,f350xlt,good,8 cylinders,diesel,131000.0,clean,automatic,1FTWW33P64EC54677,4wd,pickup,white,17.0,48000.0
7490,mercedes-benz,cclass,excellent,6 cylinders,gas,146425.0,clean,automatic,WDDGF56X88F164044,rwd,sedan,silver,13.0,35000.0
19500,buick,enclave,excellent,6 cylinders,gas,22324.0,clean,automatic,5GAKVCED6CJ270485,4wd,SUV,grey,9.0,41000.0
26990,nissan,titansinglecabsv,good,8 cylinders,gas,41335.0,clean,other,1N6AA1R84HN570756,4wd,pickup,red,4.0,40190.0
26900,chevrolet,silverado1500,excellent,8 cylinders,gas,100300.0,clean,automatic,1GCVKREC4FZ253477,4wd,truck,silver,6.0,38400.0
29900,gmc,yukon,good,8 cylinders,gas,91665.0,clean,automatic,1GKS2AKC3FR526714,4wd,SUV,white,6.0,48700.0
39590,ford,mustanggtpremiumcoupe2d,good,8 cylinders,gas,1419.0,clean,other,1FA6P8CF5L5136223,rwd,coupe,white,1.0,43000.0
34590,ford,mustanggtpremium,good,8 cylinders,gas,30970.0,clean,other,1FATP8FF6F5341651,rwd,other,white,6.0,43500.0
38590,nissan,titanxdcrewcabpro4x,good,8 cylinders,diesel,43872.0,clean,other,1N6BA1F46GN510515,4wd,pickup,red,5.0,45000.0
14288,honda,accordsedansport,good,4 cylinders,gas,141523.0,clean,automatic,1HGCR2F54EA006775,fwd,sedan,white,7.0,23500.0
22900,buick,enclaveleather,like new,6 cylinders,gas,96788.0,clean,automatic,5GAKRBKD7HJ178540,fwd,SUV,black,4.0,40400.0
6975,jeep,grandcherokeelimited4x4,excellent,6 cylinders,diesel,133098.0,clean,automatic,1J8HR58M07C637680,4wd,SUV,silver,14.0,40705.0
2499,ford,explorer,excellent,6 cylinders,gas,173990.0,clean,automatic,1FMZU62EX2ZA34335,rwd,SUV,grey,19.0,25000.0
29965,chevrolet,silverado1500ltz,good,8 cylinders,other,108305.0,clean,automatic,3GCUKSECXEG178544,4wd,pickup,white,7.0,43000.0
11000,ford,f150,excellent,6 cylinders,gas,59256.0,clean,automatic,1FTMF1CM8CKE37578,rwd,pickup,green,9.0,27000.0
23990,lincoln,navigatorsportutility,good,8 cylinders,gas,63065.0,clean,other,5LMJJ2J54DEL09382,4wd,other,black,8.0,61640.0
4600,honda,civic,good,4 cylinders,gas,197222.0,clean,automatic,1HGFA16896L052987,fwd,sedan,black,15.0,19500.0
8570,lincoln,aviator,excellent,8 cylinders,gas,83237.0,clean,automatic,5LMEU88H04ZJ04050,4wd,SUV,white,17.0,45500.0
27990,toyota,tacomadoublecabpickup,good,6 cylinders,gas,67245.0,clean,other,5TFLU4EN4CX030112,4wd,pickup,silver,9.0,29200.0
14295,gmc,terrainsle2awd,like new,6 cylinders,gas,111979.0,clean,automatic,2GKFLWE3XF6207538,4wd,SUV,white,6.0,30900.0
5950,subaru,imprezasportwagon,excellent,4 cylinders,gas,168400.0,clean,automatic,JF1GH63698H814323,4wd,wagon,blue,13.0,22300.0
4995,nissan,maximasl,excellent,6 cylinders,gas,144000.0,clean,automatic,1N4BA41E05C820405,fwd,sedan,black,16.0,28990.0
31995,ford,f150,excellent,6 cylinders,gas,109500.0,clean,other,1FTEW1EG8FFB72542,4wd,truck,white,6.0,38900.0
36900,ford,f250superduty,excellent,8 cylinders,gas,73394.0,clean,automatic,1FT7W2B6XGEA62285,4wd,truck,white,5.0,42400.0
12995,mercedes-benz,glclassgl450,excellent,8 cylinders,gas,138484.0,clean,automatic,4JGBF71E48A416712,4wd,SUV,black,13.0,60000.0
5998,ford,fiestase,like new,4 cylinders,gas,89687.0,clean,automatic,3FADP4BJXEM202297,fwd,sedan,blue,7.0,16500.0
7995,toyota,rav4,excellent,4 cylinders,gas,92947.0,clean,automatic,JTMZD33V465001457,fwd,SUV,black,15.0,22750.0
6990,chevrolet,tahoe4x4,good,8 cylinders,gas,120766.0,clean,automatic,1GNEK13Z16J148104,4wd,SUV,red,15.0,42000.0
27990,gmc,sierra2500hdextendedcab,good,8 cylinders,gas,68696.0,clean,other,1GT220CG8CZ231238,4wd,pickup,black,9.0,38000.0
15989,lexus,rx350,good,6 cylinders,gas,97000.0,clean,automatic,2T2BK1BAXCC136043,4wd,SUV,silver,9.0,43950.0
43991,mercedes-benz,eclass,excellent,6 cylinders,gas,31481.0,clean,automatic,WDD1J6FB6JF046448,rwd,coupe,white,3.0,60000.0
37990,toyota,tundradoublecabsr,good,8 cylinders,gas,22870.0,clean,other,5TFUM5F13GX069124,4wd,pickup,black,5.0,43415.0
16000,chevrolet,silverado15004wd,excellent,8 cylinders,gas,145500.0,clean,automatic,1GCRKSE7XCZ235461,4wd,pickup,brown,9.0,40900.0
34990,jeep,grandcherokeetrailhawk,good,6 cylinders,gas,37509.0,clean,other,1C4RJFLG1JC138453,4wd,other,black,3.0,44600.0
26350,ford,edge,excellent,6 cylinders,gas,54600.0,clean,automatic,2FMPK4K83HBC05532,4wd,wagon,black,4.0,39990.0
25990,ford,mustanggtpremium,good,8 cylinders,gas,24122.0,clean,other,1ZVBP8FFXB5151039,rwd,other,blue,10.0,39995.0
11000,toyota,camry,excellent,6 cylinders,gas,105795.0,clean,automatic,4T1BK1FK5CU501749,fwd,sedan,red,9.0,25000.0
34990,gmc,canyoncrewcabslepickup,good,6 cylinders,gas,34425.0,clean,other,1GTG6CE36G1115577,4wd,pickup,red,5.0,35900.0
7500,audi,a8lquatro,good,8 cylinders,gas,150000.0,clean,automatic,WAUML44E44N024183,4wd,sedan,blue,17.0,56000.0
28990,toyota,4runnerlimitedsport,good,6 cylinders,gas,100176.0,clean,other,JTEBU5JR8E5184357,4wd,other,silver,7.0,34700.0
4999,ford,escapexltsport,excellent,6 cylinders,gas,143493.0,clean,automatic,1FMCU03G59KA53624,fwd,SUV,black,12.0,23970.0
17990,mitsubishi,outlandergtsport,good,6 cylinders,gas,59014.0,clean,other,JA4JZ4AX3FZ014258,4wd,other,silver,6.0,33500.0
52990,ford,superdutyf550drw,good,8 cylinders,diesel,15886.0,clean,automatic,1FDUF5HT8EEB30478,4wd,truck,white,7.0,73000.0
23965,subaru,outback25itouring,excellent,4 cylinders,gas,53377.0,clean,automatic,4S4BSATC1H3351150,4wd,hatchback,white,4.0,34495.0
18690,ford,explorer,excellent,6 cylinders,gas,90475.0,clean,automatic,1FM5K8GTXEGA04775,4wd,SUV,white,7.0,41800.0
31900,gmc,sierra1500,excellent,8 cylinders,gas,145000.0,clean,automatic,3GTU2VEC4FG242189,4wd,truck,grey,6.0,42300.0
49990,gmc,yukonsltsportutility4d,good,8 cylinders,other,33829.0,clean,other,1GKS2BKC1LR253175,4wd,SUV,black,1.0,55000.0
7995,ford,escape,excellent,6 cylinders,gas,84933.0,clean,automatic,1FMCU9DGXAKC30451,4wd,wagon,grey,11.0,26990.0
41590,lexus,rx350sportutility4d,good,6 cylinders,gas,14072.0,clean,automatic,2T2ZZMCA7KC122397,fwd,SUV,blue,2.0,45000.0
20590,chevrolet,impalaltsedan4d,good,6 cylinders,gas,50249.0,clean,other,2G1105S37J9139678,fwd,sedan,silver,3.0,28900.0
7490,honda,civic,good,4 cylinders,gas,153185.0,clean,manual,2HGFA55517H716930,fwd,sedan,black,14.0,21500.0
21990,chrysler,pacificatouringl,good,6 cylinders,gas,20941.0,clean,other,2C4RC1BG8HR796612,fwd,van,silver,4.0,34800.0
2995,ford,taurus,good,6 cylinders,gas,152974.0,clean,automatic,1FAHP53264A190465,fwd,sedan,blue,17.0,20310.0
27990,gmc,sierra2500hdextendedcab,good,8 cylinders,gas,68696.0,clean,other,1GT220CG8CZ231238,4wd,pickup,black,9.0,42600.0
39590,ford,mustanggtpremiumcoupe2d,good,8 cylinders,gas,1419.0,clean,other,1FA6P8CF5L5136223,rwd,coupe,white,1.0,42500.0
38990,infiniti,qx60luxesportutility,good,6 cylinders,gas,5279.0,clean,other,5N1DL0MN9LC508268,fwd,other,black,1.0,45300.0
27900,chevrolet,silverado3500hd,good,8 cylinders,diesel,170525.0,clean,automatic,1GB4KZC82EF172959,4wd,truck,white,7.0,46500.0
34990,gmc,canyoncrewcabslepickup,good,6 cylinders,gas,34425.0,clean,other,1GTG6CE36G1115577,4wd,pickup,red,5.0,40610.0
54995,ford,superdutyf350srw,excellent,8 cylinders,diesel,105525.0,clean,automatic,1FT8W3BT4FED65075,4wd,truck,black,6.0,59200.0
33950,chevrolet,express2500cargovan,good,8 cylinders,gas,21416.0,clean,automatic,1GCWGBFG9L1155411,rwd,van,white,1.0,34700.0
24995,ford,expeditionxlt,excellent,6 cylinders,gas,98595.0,clean,automatic,1FMJU1HT3HEA01828,rwd,SUV,grey,4.0,49000.0
41990,bmw,m3coupe2d,good,8 cylinders,gas,31572.0,clean,other,WBSKG9C54CE797966,rwd,coupe,blue,9.0,61500.0
29590,infiniti,qx6035sportutility,good,6 cylinders,gas,31153.0,clean,other,5N1DL0MN6HC541462,fwd,other,black,4.0,42250.0
34990,ford,mustanggtpremium,good,8 cylinders,gas,18650.0,clean,other,1FATP8FF5J5115190,rwd,convertible,black,3.0,42125.0
14470,toyota,camryse,good,4 cylinders,gas,65915.0,clean,automatic,4T1BF1FK3HU300430,fwd,sedan,black,4.0,24300.0
10290,kia,optima,good,4 cylinders,gas,72651.0,clean,automatic,5XXGM4A75DG246276,fwd,sedan,custom,8.0,22750.0
13950,toyota,camry,excellent,4 cylinders,gas,130000.0,clean,automatic,4T1BF1FK2FU485583,fwd,sedan,black,6.0,23600.0
36900,chevrolet,tahoe,excellent,8 cylinders,gas,98000.0,clean,automatic,1GNSKBKC1JR159376,4wd,SUV,silver,3.0,58500.0
29990,jeep,wranglersportsuv2d,good,6 cylinders,gas,28680.0,clean,other,1C4AJWAG4HL704941,4wd,other,black,4.0,30300.0
22900,jeep,grandcherokee,excellent,6 cylinders,gas,72000.0,clean,automatic,1C4RJFAG2GC365601,4wd,SUV,grey,5.0,39500.0
32619,ram,1500,excellent,8 cylinders,gas,89199.0,clean,automatic,1C6RR7NT8GS132454,4wd,pickup,blue,5.0,48690.0
37990,ford,mustanggtcoupe2d,good,8 cylinders,gas,337.0,clean,other,1FA6P8CF8K5199377,rwd,coupe,black,2.0,42500.0
19999,lexus,rx350,good,6 cylinders,gas,88302.0,clean,automatic,2T2BK1BA1DC176609,4wd,SUV,custom,8.0,46750.0
31990,ram,1500quadcabharvestpickup,good,6 cylinders,gas,27426.0,clean,other,1C6RR7GG8JS247420,4wd,pickup,white,3.0,38000.0
33990,gmc,sierra1500doublecabsle,good,8 cylinders,gas,33408.0,clean,other,1GTV2MEC1GZ365125,4wd,pickup,silver,5.0,39290.0
9495,bmw,x3,excellent,6 cylinders,gas,110520.0,clean,automatic,5UXWX5C56CL718440,4wd,SUV,black,9.0,44200.0
48900,chevrolet,silverado2500hdltz,like new,8 cylinders,diesel,43034.0,rebuilt,automatic,1GC1KWEYXJF108821,4wd,truck,black,3.0,60000.0
49990,ford,superdutyf550drw,good,8 cylinders,diesel,152701.0,clean,automatic,1FD0X5HT6FEC65813,4wd,truck,white,6.0,60000.0
36995,audi,a5sportback,excellent,4 cylinders,gas,14900.0,clean,automatic,WAUENCF56JA082899,4wd,hatchback,white,3.0,47500.0
11000,gmc,terrainslt2,excellent,6 cylinders,gas,172000.0,clean,automatic,2CTFLXE52B6264916,4wd,SUV,white,10.0,35800.0
1000,dodge,challenger,fair,6 cylinders,gas,58100.0,missing,automatic,2C3CDYAG4CH135238,fwd,sedan,black,9.0,24500.0
19590,lexus,es350sedan4d,good,6 cylinders,gas,35444.0,clean,other,JTHBK1EG1C2499106,fwd,sedan,silver,9.0,38850.0
37990,ram,1500crewcabbighorn,good,8 cylinders,gas,26610.0,clean,automatic,3C6RR7LTXJG197145,4wd,pickup,blue,3.0,40900.0
5995,volkswagen,newbeetleturbos,excellent,4 cylinders,gas,167000.0,clean,manual,3VWFE31C24M405573,fwd,hatchback,grey,17.0,23995.0
3500,dodge,caliber,excellent,4 cylinders,gas,202481.0,clean,automatic,1B3HB48B17D101644,fwd,wagon,grey,14.0,19000.0
9500,hyundai,elantralimited,excellent,6 cylinders,gas,105000.0,clean,automatic,5NPDH4AE8DH254933,fwd,sedan,custom,8.0,18600.0
32990,lexus,rx350sportutility4d,good,6 cylinders,gas,30472.0,clean,other,2T2ZZMCAXHC078095,fwd,SUV,black,4.0,42100.0
33590,lexus,gs350sedan4d,good,6 cylinders,gas,30814.0,clean,automatic,JTHBZ1BLXJA012999,rwd,sedan,white,3.0,50500.0
46990,chevrolet,corvettestingray,good,8 cylinders,gas,16966.0,clean,other,1G1YA3D74E5119018,rwd,other,white,7.0,52900.0
7500,volkswagen,tiguan20ts4motion,like new,4 cylinders,gas,110000.0,clean,automatic,WVGBV7AX1CW598997,4wd,SUV,silver,9.0,30800.0
4995,jeep,grandcherokee,good,8 cylinders,gas,182879.0,clean,automatic,1J4GW58N21C555746,4wd,SUV,silver,20.0,42300.0
23995,lexus,rx350fsport,excellent,6 cylinders,gas,77958.0,clean,automatic,2T2BK1BA9DC171772,4wd,SUV,grey,8.0,46350.0
5900,kia,spectra,excellent,4 cylinders,gas,110205.0,clean,automatic,KNAFE121585524411,fwd,sedan,white,13.0,15500.0
23995,chevrolet,silverado2500hd,excellent,8 cylinders,gas,106065.0,clean,automatic,1GB2CVCG4CZ157895,rwd,truck,white,9.0,30900.0
4990,ford,escape,good,4 cylinders,gas,161698.0,clean,automatic,1FMCU93729KA22514,4wd,SUV,grey,12.0,30100.0
13900,toyota,corolla,good,4 cylinders,gas,49502.0,clean,automatic,2T1BURHE0GC484799,fwd,sedan,silver,5.0,18700.0
12990,volkswagen,beetleturbocoupe,excellent,4 cylinders,gas,92209.0,clean,automatic,3VWV67AT2DM614389,fwd,hatchback,blue,8.0,24600.0
14995,chevrolet,silverado1500,good,8 cylinders,gas,119999.0,clean,automatic,1GCSKSE36AZ167297,4wd,truck,silver,11.0,35745.0
10995,volkswagen,passat,good,4 cylinders,gas,86268.0,clean,automatic,1VWCT7A33EC010398,4wd,sedan,black,7.0,29200.0
11999,nissan,altima,excellent,4 cylinders,gas,116406.0,clean,automatic,1N4AL3AP1FN883682,fwd,sedan,grey,6.0,23100.0
32990,jeep,wranglerunlimitedsport,good,6 cylinders,gas,30041.0,clean,other,1C4BJWDG5HL705371,4wd,other,silver,4.0,36500.0
22999,toyota,4runnersr54x4,excellent,6 cylinders,gas,128204.0,clean,automatic,JTEBU5JR6D5131655,4wd,SUV,black,8.0,39780.0
30000,toyota,tacoma,excellent,6 cylinders,gas,108665.0,clean,automatic,3TMDZ5BN0GM003274,4wd,truck,black,5.0,38500.0
16995,toyota,camry,good,4 cylinders,gas,100814.0,clean,automatic,4T1BF1FK5HU723350,fwd,other,blue,4.0,24000.0
13990,buick,enclaveleather,excellent,6 cylinders,gas,129094.0,clean,automatic,5GAKRCED4CJ106334,fwd,SUV,brown,9.0,42105.0
11588,hyundai,sonata24l,good,4 cylinders,gas,98933.0,clean,automatic,5NPE24AF2HH453948,fwd,sedan,white,4.0,24400.0
39590,ford,mustanggtcoupe2d,good,8 cylinders,gas,728.0,clean,other,1FA6P8CF3L5183234,rwd,coupe,blue,1.0,43000.0
29900,ford,expeditionplatinum4x4gas,excellent,6 cylinders,gas,72849.0,rebuilt,automatic,1FMJU1MT8HEA72402,4wd,SUV,white,4.0,77310.0
5200,jeep,grandcherokeelaredo,good,8 cylinders,gas,136500.0,clean,automatic,1J4HR48N06C118390,4wd,SUV,silver,15.0,38500.0
38590,lincoln,continentalsedan4d,good,6 cylinders,gas,1772.0,clean,other,1LN6L9UK4L5602632,fwd,sedan,black,1.0,49990.0
10875,honda,ridgeline,excellent,6 cylinders,gas,167752.0,clean,automatic,2HJYK16468H509770,4wd,truck,black,13.0,28300.0
9850,jaguar,xfportfolio,excellent,8 cylinders,gas,87000.0,clean,automatic,SAJWA0HB6CLS42258,rwd,sedan,silver,9.0,70000.0
12979,volkswagen,tiguan,good,4 cylinders,gas,64347.0,clean,automatic,WVGAV7AX8GW603758,fwd,SUV,black,5.0,26500.0
8699,ford,escapesel,excellent,4 cylinders,gas,135431.0,clean,automatic,1FMCU9HX5DUD85413,fwd,SUV,silver,8.0,32000.0
19900,gmc,sierra1500,excellent,8 cylinders,gas,169995.0,clean,automatic,3GTP1UEC8FG154899,rwd,pickup,black,6.0,38400.0
4990,ford,mustanggt,excellent,8 cylinders,gas,223936.0,clean,manual,1FAFP42X72F241292,rwd,coupe,blue,19.0,28700.0
35590,dodge,challengersrt8coupe2d,good,8 cylinders,gas,16796.0,clean,other,2B3CJ7DJ7BH589702,rwd,coupe,green,10.0,47000.0
24990,acura,tlx35wtechnologypkg,good,6 cylinders,other,45464.0,clean,other,19UUB2F50JA009286,fwd,sedan,blue,3.0,36500.0
38590,ford,f150supercrewcablariat,good,8 cylinders,other,41804.0,clean,other,1FTEW1EF4FFB55826,4wd,pickup,brown,6.0,42400.0
31995,gmc,sierra2500hd,good,8 cylinders,diesel,189468.0,clean,automatic,1GT121E85CF106917,4wd,truck,grey,9.0,56800.0
27990,infiniti,qx6035sportutility,good,6 cylinders,other,26355.0,clean,other,5N1DL0MN6HC547424,fwd,other,blue,4.0,44900.0
30590,toyota,avalonxsesedan4d,good,6 cylinders,gas,12988.0,clean,other,4T1BZ1FB3KU027505,fwd,sedan,white,2.0,35000.0
13600,hyundai,santafesport,excellent,4 cylinders,gas,0.0,clean,automatic,5XYZUDLB8GG370830,4wd,SUV,grey,5.0,33500.0
25777,lexus,es350,like new,6 cylinders,gas,71525.0,clean,automatic,58ABK1GG5HU071991,fwd,sedan,grey,4.0,38400.0
9900,ford,fusion,good,4 cylinders,gas,96903.0,clean,automatic,3FA6P0H73DR183008,fwd,sedan,purple,8.0,23400.0
3995,ford,escape,good,4 cylinders,gas,161400.0,clean,automatic,1FMCU0D76AKD10549,fwd,SUV,blue,11.0,24995.0
8000,ford,expedition,good,8 cylinders,gas,147538.0,clean,automatic,1FMFU18536LA35705,4wd,SUV,white,15.0,47970.0
7499,hyundai,sonata,excellent,4 cylinders,gas,121000.0,clean,automatic,5NPEB4AC3CH376022,fwd,sedan,red,9.0,21500.0
8850,lexus,rx350,excellent,6 cylinders,gas,180122.0,clean,automatic,2T2HK31U48C091948,4wd,SUV,black,13.0,42300.0
33990,gmc,sierra1500doublecabsle,good,8 cylinders,gas,33408.0,clean,other,1GTV2MEC1GZ365125,4wd,pickup,silver,5.0,43900.0
9900,nissan,altima,excellent,4 cylinders,gas,85554.0,clean,automatic,1N4AL3AP3EN352496,fwd,sedan,grey,7.0,24600.0
20200,ford,f150xlt,like new,8 cylinders,gas,138456.0,clean,automatic,1FTFW1CFXEKD53873,rwd,truck,silver,7.0,33500.0
8900,lexus,gx470,excellent,8 cylinders,gas,182000.0,clean,automatic,JTJBT20X840027636,4wd,SUV,white,17.0,48500.0
35590,dodge,challengersrt8coupe2d,good,8 cylinders,gas,16796.0,clean,other,2B3CJ7DJ7BH589702,rwd,coupe,green,10.0,43000.0
3995,pontiac,g6,good,6 cylinders,gas,133076.0,clean,automatic,1G2ZH158264198395,fwd,coupe,custom,15.0,26500.0
4500,jeep,libertyrenegade,good,6 cylinders,gas,150308.0,clean,automatic,1J4GL38K55W524272,4wd,SUV,green,16.0,27875.0
11699,gmc,terrain,good,6 cylinders,gas,99218.0,clean,automatic,2GKFLTE37D6310248,4wd,SUV,grey,8.0,33495.0
7000,mazda,mx5miata,excellent,4 cylinders,gas,134720.0,clean,manual,JM1NC25F660112655,rwd,convertible,silver,15.0,24000.0
7999,chevrolet,cruze,good,4 cylinders,gas,130001.0,clean,other,1G1P15SH8F7192935,fwd,sedan,silver,6.0,20020.0
24990,kia,sedonasxminivan4d,good,6 cylinders,gas,38995.0,clean,other,KNDMC5C15H6318862,fwd,van,brown,4.0,36000.0
11495,toyota,camry,good,4 cylinders,gas,89386.0,clean,automatic,4T1BF1FK7EU765661,fwd,sedan,grey,7.0,22700.0
25990,chevrolet,camaroltcoupe2d,good,6 cylinders,gas,21938.0,clean,other,1G1FB1RS0L0113491,rwd,coupe,green,1.0,27400.0
1899,chrysler,ptcruiser,good,4 cylinders,gas,153444.0,clean,automatic,3A4FY58B96T326102,fwd,sedan,black,15.0,20250.0
31590,jeep,wranglerunlimitedsahara,good,6 cylinders,gas,58118.0,clean,other,1C4BJWEG1FL764512,4wd,SUV,blue,6.0,33395.0
39590,ram,1500crewcablaramiepickup,good,8 cylinders,gas,55804.0,clean,other,1C6SRFRT5KN735634,4wd,pickup,brown,2.0,46900.0
48900,chevrolet,silverado2500hdltz,like new,8 cylinders,diesel,43034.0,rebuilt,automatic,1GC1KWEYXJF108821,4wd,truck,black,3.0,58500.0
15999,chevrolet,silverado1500lt,excellent,8 cylinders,gas,113144.0,clean,automatic,1GCEK29J59Z149682,4wd,pickup,black,12.0,33400.0
12500,kia,soulplus,excellent,4 cylinders,gas,73000.0,clean,automatic,KNDJP3A58F7148165,fwd,wagon,grey,6.0,20100.0
35590,ram,1500crewcabbighorn,good,6 cylinders,gas,30168.0,clean,other,1C6RR7LG8JS116526,4wd,pickup,white,3.0,38400.0
43590,lincoln,navigatorlselectsport,good,6 cylinders,gas,28475.0,clean,automatic,5LMJJ3JT1HEL08409,4wd,other,black,4.0,74930.0
40990,ford,mustanggtcoupe2d,good,8 cylinders,gas,39.0,clean,other,1FA6P8CFXL5190309,rwd,coupe,black,1.0,42500.0
29990,ford,superdutyf550drw,good,8 cylinders,diesel,54703.0,clean,manual,1FDAF57P23ED83719,4wd,truck,red,18.0,42000.0
26990,nissan,titansinglecabsv,good,8 cylinders,gas,41335.0,clean,other,1N6AA1R84HN570756,4wd,pickup,red,4.0,40500.0
23990,chevrolet,impalapremiersedan,good,6 cylinders,gas,37318.0,clean,other,1G1105S36LU101395,fwd,sedan,silver,1.0,35370.0
5300,hyundai,elantragls,excellent,4 cylinders,gas,85185.0,clean,automatic,KMHDU4AD1AU923303,fwd,sedan,blue,11.0,15500.0
6200,ford,f150,excellent,8 cylinders,gas,160000.0,clean,automatic,1FTMF1CW4AKE27760,rwd,pickup,silver,11.0,29500.0
6820,chrysler,200,excellent,6 cylinders,gas,107527.0,clean,automatic,1C3BC2FGXBN505182,fwd,sedan,blue,10.0,28000.0
30990,lincoln,continentalselectsedan,good,6 cylinders,gas,25786.0,clean,other,1LN6L9SK1K5600547,fwd,sedan,silver,2.0,51680.0
12999,jeep,grandcherokeelimited,excellent,6 cylinders,gas,175253.0,clean,automatic,1C4RJFBG0CC174462,4wd,SUV,white,9.0,42500.0
49990,ford,superdutyf550drw,good,8 cylinders,diesel,152701.0,clean,automatic,1FD0X5HT6FEC65813,4wd,truck,white,6.0,63400.0
37855,ford,explorer,excellent,6 cylinders,gas,90875.0,clean,automatic,1FM5K8HT9KGA74617,4wd,SUV,grey,2.0,59635.0
23990,ford,flexselsportutility4d,good,6 cylinders,gas,37924.0,clean,other,2FMGK5C89KBA18761,fwd,hatchback,white,2.0,32260.0
34990,ford,mustanggtpremium,good,8 cylinders,gas,18650.0,clean,other,1FATP8FF5J5115190,rwd,convertible,black,3.0,42500.0
12995,hyundai,tucson,excellent,4 cylinders,gas,88014.0,clean,automatic,KM8JUCAC5DU737742,4wd,SUV,silver,8.0,26500.0
4950,bmw,x330si,good,6 cylinders,gas,116199.0,salvage,automatic,WBXPC93447WF19087,4wd,SUV,black,14.0,42000.0
12995,buick,encore,excellent,4 cylinders,gas,77700.0,clean,automatic,KL4CJFSB6EB667673,4wd,SUV,custom,7.0,30100.0
17997,subaru,outback25itouring,good,4 cylinders,gas,58069.0,salvage,automatic,4S4BSATC5H3237183,4wd,SUV,brown,4.0,34800.0
4500,hyundai,sonata,excellent,4 cylinders,gas,153235.0,clean,automatic,5NPEB4AC1BH249445,fwd,sedan,white,10.0,20100.0
9999,chevrolet,tahoeltz4wd,excellent,8 cylinders,gas,206000.0,clean,automatic,1GNFK13007J131608,4wd,SUV,white,14.0,39210.0
35990,ford,mustanggtpremiumcoupe2d,good,8 cylinders,gas,4899.0,clean,other,1FA6P8CF9F5375018,rwd,coupe,red,6.0,38500.0
16950,dodge,durango,excellent,8 cylinders,other,83347.0,clean,automatic,1C4SDHET1CC152791,rwd,other,black,9.0,39500.0
11995,chrysler,300,excellent,6 cylinders,gas,115161.0,clean,automatic,2C3CCACG6CH207788,rwd,sedan,grey,9.0,43000.0
22000,gmc,sierra1500,good,8 cylinders,gas,162500.0,clean,automatic,3GTU2UEC6EG368692,4wd,pickup,white,7.0,39550.0
4888,hyundai,elantraglssedan,fair,4 cylinders,gas,161199.0,clean,automatic,KMHDU46D49U630662,fwd,sedan,red,12.0,15200.0
6490,chevrolet,impalaltz,good,6 cylinders,gas,132511.0,clean,automatic,2G1WC5E30D1237866,fwd,sedan,black,8.0,30710.0
18900,jeep,wrangler,excellent,6 cylinders,gas,84000.0,clean,manual,1C4AJWAG7CL223686,4wd,wagon,white,9.0,24900.0
21500,chevrolet,1500silverado,excellent,8 cylinders,gas,153229.0,clean,automatic,3GCPKSE36BG302186,4wd,pickup,green,10.0,40500.0
6900,nissan,leaf,excellent,other,electric,72000.0,clean,automatic,JN1AZ0CP1CT016216,fwd,sedan,silver,9.0,35000.0
13999,gmc,acadia,excellent,6 cylinders,gas,112886.0,clean,automatic,1GKKVRKD7EJ117563,4wd,SUV,grey,7.0,39850.0
29990,chevrolet,coloradoextendedcab,good,6 cylinders,gas,17302.0,clean,other,1GCHTCE37G1186784,4wd,pickup,red,5.0,36700.0
12991,subaru,legacy,excellent,6 cylinders,gas,99098.0,clean,automatic,4S3BMDP69D2002788,4wd,sedan,blue,8.0,32900.0
27990,dodge,chargerrtroadandtrack,good,8 cylinders,gas,53562.0,clean,other,2C3CDXCT3FH784652,rwd,sedan,blue,6.0,34000.0
35590,dodge,challengersrt8coupe2d,good,8 cylinders,gas,16796.0,clean,other,2B3CJ7DJ7BH589702,rwd,coupe,green,10.0,46000.0
13995,nissan,pathfindersv,excellent,6 cylinders,gas,101824.0,clean,automatic,5N1AR2MNXDC646657,fwd,SUV,white,8.0,27500.0
8999,hyundai,elantra,excellent,4 cylinders,gas,113499.0,clean,automatic,5NPDH4AE8CH083163,fwd,sedan,white,9.0,18800.0
11588,hyundai,sonata24l,good,4 cylinders,gas,98933.0,clean,automatic,5NPE24AF2HH453948,fwd,sedan,white,4.0,23900.0
30950,bmw,x1xdrive28i,excellent,4 cylinders,gas,18835.0,clean,automatic,WBXHT3C32J5L32059,4wd,SUV,custom,3.0,35900.0
12950,honda,crv,excellent,4 cylinders,gas,120000.0,clean,automatic,2HKRM4H56DH112409,4wd,SUV,white,8.0,27000.0
14999,kia,sportagelxawd,excellent,4 cylinders,gas,64000.0,clean,automatic,KNDPBCAC2G7824926,4wd,SUV,white,5.0,25300.0
39590,ford,mustanggtpremiumcoupe2d,good,8 cylinders,gas,1419.0,clean,other,1FA6P8CF5L5136223,rwd,coupe,white,1.0,42995.0
31590,acura,tlx35wtechnologypkg,good,6 cylinders,gas,19567.0,clean,automatic,19UUB2F66JA003906,fwd,sedan,black,3.0,36600.0
23795,nissan,rogue,excellent,4 cylinders,gas,20023.0,clean,automatic,KNMAT2MV3LP508858,4wd,SUV,black,1.0,31300.0
38590,chevrolet,corvettegrandsport,good,8 cylinders,gas,30237.0,clean,other,1G1YR3DW3B5102190,rwd,other,red,10.0,57790.0
8999,hyundai,elantra,excellent,4 cylinders,gas,77800.0,clean,automatic,5NPD84LF8HH021663,fwd,sedan,black,4.0,22600.0
5700,chevrolet,tahoe,good,8 cylinders,gas,155718.0,salvage,automatic,1GNFC13078R248277,rwd,SUV,black,13.0,38900.0
30330,honda,crv,like new,4 cylinders,gas,10419.0,clean,automatic,7FARW1H85JE013498,fwd,SUV,grey,3.0,30500.0
7995,mini,coopercountrymansall4,excellent,4 cylinders,gas,121000.0,clean,automatic,WMWZC5C59CWL59879,4wd,hatchback,red,9.0,29000.0
41590,buick,enclaveavenirsport,good,6 cylinders,gas,29010.0,clean,other,5GAERDKWXLJ231184,fwd,SUV,red,1.0,56100.0
25990,jeep,wranglerunlimitedsahara,good,6 cylinders,gas,83995.0,clean,other,1C4BJWEG2CL120352,4wd,other,silver,9.0,31000.0
9900,nissan,maxima354drsedan,excellent,4 cylinders,gas,134405.0,clean,automatic,1N4AA5AP4DC820036,fwd,sedan,black,8.0,30490.0
39990,infiniti,qx80sportutility4d,good,8 cylinders,gas,57403.0,clean,automatic,JN8AZ2NEXJ9193933,4wd,SUV,brown,3.0,66900.0
4400,chevrolet,cruzeltsedan,excellent,4 cylinders,gas,118680.0,clean,automatic,1G1PC5SH8C7281104,fwd,sedan,silver,9.0,19000.0
14988,honda,crvexl4x4,excellent,4 cylinders,gas,92119.0,clean,automatic,JHLRE4H70BC015393,4wd,SUV,blue,10.0,28450.0
64995,acura,nsx5spdopentop,excellent,6 cylinders,gas,52580.0,clean,manual,JH4NA21613T000124,rwd,coupe,black,18.0,90125.0
12988,kia,sportagelx,good,4 cylinders,gas,104199.0,clean,automatic,KNDPB3AC0F7709689,fwd,other,green,6.0,23300.0
11999,ford,f150,excellent,8 cylinders,gas,90307.0,clean,automatic,1FTRW12W05KC03012,rwd,pickup,green,16.0,28300.0
19995,chevrolet,tahoe,excellent,8 cylinders,gas,125000.0,clean,automatic,1GNUKBE07AR125288,4wd,SUV,white,11.0,47700.0
10500,hyundai,elantra,good,4 cylinders,gas,77000.0,clean,automatic,KMHDH4AEXFU443717,fwd,sedan,blue,6.0,18800.0
27990,gmc,sierra2500hdextendedcab,good,8 cylinders,gas,68696.0,clean,other,1GT220CG8CZ231238,4wd,pickup,black,9.0,42000.0
27590,ram,1500crewcabbighorn,good,6 cylinders,other,47811.0,clean,other,1C6RR7LG8ES332043,4wd,pickup,red,7.0,35000.0
22650,dodge,grandcaravan,like new,6 cylinders,gas,66000.0,clean,automatic,2C4RDGCG6ER181938,fwd,mini-van,silver,7.0,28500.0
40990,chevrolet,silverado1500,excellent,8 cylinders,gas,47021.0,clean,automatic,3GCUKREC4HG426686,4wd,pickup,blue,4.0,42600.0
31999,chevrolet,silveradohighcountry,like new,8 cylinders,gas,164635.0,clean,automatic,3GCUKTEJ2FG339166,4wd,truck,white,6.0,52000.0
8500,lexus,es350,like new,6 cylinders,gas,115000.0,clean,automatic,JTHBJ46G572069880,fwd,sedan,brown,14.0,34800.0
18990,ford,flex,good,6 cylinders,gas,90450.0,clean,automatic,2FMGK5D88FBA03687,fwd,SUV,silver,6.0,38900.0
2250,ford,mustanggt,fair,8 cylinders,gas,167577.0,salvage,automatic,1FAFP42X22F234881,rwd,coupe,black,19.0,26500.0
9995,chevrolet,cruzelt,like new,4 cylinders,gas,54830.0,clean,automatic,1G1PK5SB9E7387885,fwd,sedan,blue,7.0,19000.0
8995,chevrolet,equinox,good,6 cylinders,gas,93466.0,clean,automatic,2CNFLCEC1B6436478,4wd,SUV,silver,10.0,23700.0
24875,audi,a8,good,8 cylinders,gas,45459.0,clean,automatic,WAURVAFD3CN012091,4wd,sedan,grey,9.0,82900.0
19288,chevrolet,traverselt,good,6 cylinders,gas,94276.0,clean,automatic,1GNKRGKD5GJ347150,fwd,other,white,5.0,30500.0
11995,subaru,xvcrosstrek,good,4 cylinders,gas,104000.0,clean,automatic,JF2GPACC0F8241770,4wd,wagon,black,6.0,24995.0
49990,ford,superdutyf550drw,good,8 cylinders,diesel,98689.0,clean,automatic,1FD0W5HT7DEB10669,4wd,truck,white,8.0,66300.0
8990,chevrolet,equinox,good,4 cylinders,gas,127100.0,clean,automatic,2GNALFEK8D6411627,fwd,wagon,black,8.0,30180.0
10500,kia,sorento,excellent,4 cylinders,gas,106197.0,clean,manual,5XYKT4A60EG519884,fwd,SUV,red,7.0,23900.0
2995,pontiac,g6,excellent,6 cylinders,gas,198672.0,clean,automatic,1G2ZH18NX74171433,fwd,sedan,red,14.0,26925.0
3999,hyundai,sonatagls,good,4 cylinders,gas,169000.0,clean,automatic,5NPEB4AC2BH285497,fwd,sedan,grey,10.0,20500.0
6995,honda,civiclx,excellent,4 cylinders,gas,118847.0,clean,automatic,19XFA1F55AE067671,fwd,sedan,grey,11.0,18700.0
29990,toyota,tacomadoublecabpickup,good,6 cylinders,gas,43182.0,clean,other,3TMLU4EN4CM085701,4wd,pickup,white,9.0,31400.0
19950,audi,a3,excellent,4 cylinders,gas,38737.0,clean,automatic,WAUAUGFF1H1041091,fwd,sedan,black,4.0,33400.0
13900,subaru,legacy,like new,4 cylinders,gas,70587.0,clean,automatic,4S3BNBC61G3022619,4wd,sedan,blue,5.0,26495.0
7900,subaru,forester,excellent,4 cylinders,gas,148000.0,clean,automatic,JF2SHADCXCH445932,4wd,hatchback,grey,9.0,24895.0
4000,bmw,x5awd4dr48i,good,8 cylinders,gas,126485.0,clean,automatic,5UXFE83588L167748,4wd,SUV,black,13.0,60500.0
11495,dodge,charger,good,6 cylinders,gas,122635.0,clean,automatic,2C3CDXHG7CH140272,rwd,sedan,grey,9.0,27600.0
12495,honda,civiclx,excellent,4 cylinders,gas,12225.0,rebuilt,automatic,2HGFC2F59JH539635,fwd,sedan,black,3.0,20500.0
44990,ford,superdutyf550drw,good,8 cylinders,diesel,52307.0,clean,automatic,1FDUF5HT3CEA93689,4wd,truck,white,9.0,55000.0
4900,pontiac,vibe,excellent,4 cylinders,gas,141839.0,clean,automatic,5Y2SL638X5Z438175,fwd,hatchback,grey,16.0,20470.0
25990,dodge,grandcaravanpassengerse,good,6 cylinders,gas,28.0,clean,other,2C4RDGBG7KR782806,fwd,van,black,2.0,28760.0
25990,dodge,challengerrtclassic,good,8 cylinders,gas,37374.0,clean,other,2C3CDYBT2EH136869,rwd,coupe,white,7.0,31695.0
36999,bmw,m5,excellent,8 cylinders,gas,56928.0,clean,automatic,WBSFV9C58DD095759,rwd,sedan,black,8.0,89900.0
39788,ford,superdutyf250srw,good,8 cylinders,gas,58566.0,clean,automatic,1FD7X2A66KEC36498,rwd,truck,white,2.0,40000.0
10996,kia,sportage,good,4 cylinders,gas,95050.0,clean,automatic,KNDPBCAC1F7679683,4wd,wagon,blue,6.0,26500.0
15995,toyota,camryse,like new,4 cylinders,gas,61500.0,clean,automatic,4T1BF1FK1HU707842,fwd,sedan,black,4.0,23400.0
11490,bmw,x5awd4drxdrive35ipremium,excellent,6 cylinders,gas,150920.0,clean,automatic,5UXZV4C5XD0B02064,4wd,SUV,grey,8.0,63400.0
30900,chevrolet,silverado1500,good,8 cylinders,gas,114800.0,clean,automatic,3GCUKSEC4FG336264,4wd,truck,custom,6.0,41600.0
33990,ford,superdutyf250srw,good,8 cylinders,diesel,49678.0,clean,automatic,1FTBF2BT2CEA75283,4wd,truck,white,9.0,53000.0
28990,chevrolet,tahoelt4x4,excellent,8 cylinders,gas,108093.0,clean,automatic,1GNSKBKC8FR659168,4wd,SUV,red,6.0,54000.0
4000,honda,accordex,good,4 cylinders,gas,170321.0,clean,automatic,1HGCM56717A172515,fwd,sedan,silver,14.0,22755.0
5900,volkswagen,eos20turbo,excellent,4 cylinders,gas,149909.0,clean,automatic,WVWBA71F38V029590,fwd,convertible,white,13.0,30300.0
13788,dodge,journeyse,good,4 cylinders,gas,77201.0,clean,automatic,3C4PDCAB0GT203567,fwd,SUV,green,5.0,24800.0
18590,chrysler,300300csedan4d,good,8 cylinders,gas,57662.0,clean,automatic,2C3CCAET1DH509498,rwd,sedan,black,8.0,40000.0
41990,ford,mustanggtcoupe2d,good,8 cylinders,gas,561.0,clean,other,1FA6P8CFXL5169606,rwd,coupe,white,1.0,43000.0
19995,subaru,imprezasedanwrx,excellent,4 cylinders,gas,94665.0,clean,other,JF1GV7E60DG033721,4wd,sedan,white,8.0,29995.0
14700,honda,crvexl,excellent,4 cylinders,gas,70672.0,salvage,automatic,2HKRM4H77FH677160,4wd,SUV,brown,6.0,30500.0
10990,jeep,liberty,good,6 cylinders,gas,91049.0,clean,automatic,1J8GN28KX8W248582,4wd,SUV,green,13.0,26300.0
1000,dodge,journeysxtawd,good,6 cylinders,gas,210577.0,clean,automatic,3D4PH5FVXAT114053,4wd,mini-van,silver,11.0,26175.0
29990,chevrolet,silverado1500double,good,8 cylinders,gas,26129.0,clean,other,1GCVKREC7EZ196951,4wd,pickup,brown,7.0,40000.0
28590,chevrolet,camarosscoupe2d,good,8 cylinders,gas,16903.0,clean,other,2G1FT1EW5A9116525,rwd,coupe,yellow,11.0,36495.0
29990,chevrolet,coloradoextendedcab,good,6 cylinders,gas,17302.0,clean,other,1GCHTCE37G1186784,4wd,pickup,red,5.0,34200.0
18500,chevrolet,silverado2500hdwork,excellent,8 cylinders,diesel,274510.0,clean,automatic,1GC2KVC85BZ445687,4wd,truck,white,10.0,42600.0
14995,ford,explorer,excellent,6 cylinders,gas,128888.0,clean,automatic,1FM5K7F88EGB38837,fwd,SUV,red,7.0,40500.0
22999,cadillac,escaladeesv,good,8 cylinders,gas,114357.0,clean,automatic,1GYS4HEF3DR310129,4wd,SUV,black,8.0,75000.0
12900,volkswagen,touaregtdi,excellent,6 cylinders,diesel,124061.0,clean,automatic,WVGFK7A91AD001030,4wd,SUV,silver,11.0,45100.0
6195,hyundai,sonata,good,4 cylinders,gas,152462.0,clean,automatic,5NPET4AC7AH604033,fwd,sedan,silver,11.0,19800.0
33990,mercedes-benz,eclasse63amg,good,8 cylinders,gas,88107.0,clean,automatic,WDDHF7EB7CA570344,rwd,sedan,white,9.0,107000.0
31500,gmc,sierra,excellent,8 cylinders,gas,125843.0,clean,automatic,3GTU2WEJ9EG276082,4wd,pickup,silver,7.0,48760.0
25990,chevrolet,camaroltcoupe2d,good,6 cylinders,gas,21938.0,clean,other,1G1FB1RS0L0113491,rwd,coupe,green,1.0,27700.0
12900,lincoln,navigator,good,8 cylinders,gas,151000.0,clean,automatic,5LMJJ2J56CEL07132,4wd,SUV,black,9.0,61995.0
32498,gmc,sierraslt4x4,good,8 cylinders,gas,68442.0,clean,automatic,1GTV2NEC8GZ403567,4wd,truck,white,5.0,43250.0
24900,gmc,yukon,excellent,8 cylinders,gas,111000.0,clean,automatic,1GKS2EEFXCR278017,4wd,SUV,black,9.0,71935.0
19750,honda,civiclxsedan,like new,4 cylinders,gas,30000.0,clean,automatic,2HGFC2F54JH557282,fwd,sedan,silver,3.0,20200.0
29990,chevrolet,coloradoextendedcab,good,6 cylinders,gas,17302.0,clean,other,1GCHTCE37G1186784,4wd,pickup,red,5.0,35400.0
18788,mazda,cx5sport,good,4 cylinders,gas,38300.0,clean,automatic,JM3KE2BY9G0706720,fwd,other,black,5.0,24000.0
20988,jeep,cherokeetrailhawk,good,6 cylinders,gas,74081.0,clean,automatic,1C4PJMBS3FW587463,4wd,other,red,6.0,34000.0
25990,dodge,grandcaravanpassengerse,good,6 cylinders,gas,28.0,clean,other,2C4RDGBG7KR782806,fwd,van,black,2.0,28700.0
9799,chrysler,300,excellent,6 cylinders,gas,80705.0,clean,automatic,2C3CCAAG1EH327715,rwd,sedan,grey,7.0,35000.0
6500,acura,mdx,good,6 cylinders,gas,192000.0,clean,automatic,2HNYD286X8H544759,4wd,SUV,grey,13.0,48500.0
23990,kia,cadenzapremiumsedan4d,good,6 cylinders,gas,32366.0,clean,other,KNALC4J18J5097291,fwd,sedan,black,3.0,40000.0
9995,chevrolet,suburbanltz,excellent,8 cylinders,gas,258180.0,clean,automatic,3GNFK16337G103776,4wd,SUV,silver,14.0,44125.0
42900,ford,superdutyf250srw,excellent,8 cylinders,diesel,145000.0,clean,automatic,1FT7W2BT2DEB73222,4wd,truck,black,8.0,54995.0
35590,ram,1500crewcabbighorn,good,8 cylinders,gas,22401.0,clean,other,1C6RR7LT4HS667558,4wd,pickup,blue,4.0,39620.0
6995,lincoln,mkz,excellent,6 cylinders,gas,110214.0,clean,automatic,3LNHL2GCXAR612094,fwd,sedan,red,11.0,35995.0
12991,cadillac,dts,excellent,8 cylinders,gas,49876.0,clean,automatic,1G6KD5E60BU139938,rwd,sedan,red,10.0,40000.0
19499,honda,crv,excellent,4 cylinders,gas,44302.0,clean,automatic,5J6RM4H37GL049782,4wd,SUV,grey,5.0,28000.0
9500,ford,transitconnect,excellent,4 cylinders,gas,219581.0,clean,automatic,NM0LS7F7XE1147431,fwd,van,white,7.0,24600.0
24995,toyota,86,excellent,4 cylinders,gas,17532.0,clean,manual,JF1ZNAA13H9707712,fwd,coupe,orange,4.0,26900.0
4950,ford,focusse,excellent,4 cylinders,gas,86000.0,clean,automatic,1FADP3F22DL145509,fwd,sedan,silver,8.0,19995.0
29590,ford,expeditionxltsport,good,6 cylinders,gas,70760.0,clean,other,1FMJU1JT1HEA52352,4wd,SUV,blue,4.0,57000.0
7495,audi,a3,excellent,6 cylinders,gas,121415.0,clean,automatic,WAUKD78P06A110389,4wd,sedan,red,15.0,33300.0
18988,hyundai,santafesport24l,good,4 cylinders,gas,58612.0,clean,automatic,5XYZT3LB5JG561030,fwd,other,silver,3.0,25995.0
13495,audi,a3,like new,4 cylinders,diesel,60094.0,clean,automatic,WAUKJAFM8CA001608,fwd,hatchback,silver,9.0,32900.0
17990,infiniti,fxfx35sportutility,good,6 cylinders,gas,52984.0,clean,other,JNRAS18U69M102033,rwd,other,white,12.0,46000.0
13999,gmc,acadia,excellent,6 cylinders,gas,112886.0,clean,automatic,1GKKVRKD7EJ117563,4wd,SUV,grey,7.0,39125.0
8995,honda,civic,good,4 cylinders,gas,79904.0,rebuilt,automatic,1HGFA16879L005249,fwd,sedan,grey,12.0,18500.0
15500,lexus,gx470,good,8 cylinders,gas,142812.0,clean,automatic,JTJBT20X070130604,4wd,SUV,white,14.0,48500.0
38590,chevrolet,corvettegrandsport,good,8 cylinders,gas,30237.0,clean,other,1G1YR3DW3B5102190,rwd,other,red,10.0,57900.0
17999,subaru,wrxpremium,good,4 cylinders,gas,80000.0,lien,manual,JF1VA1E67G9825549,4wd,sedan,grey,5.0,30500.0
20590,chrysler,300limitedsedan4d,good,6 cylinders,gas,71021.0,clean,other,2C3CCAEG6JH123125,rwd,sedan,black,3.0,36500.0
39995,ford,f250,like new,8 cylinders,gas,98899.0,clean,automatic,1FT7W2B68HED47505,4wd,truck,white,4.0,50000.0
38590,chevrolet,corvettegrandsport,good,8 cylinders,gas,30237.0,clean,other,1G1YR3DW3B5102190,rwd,other,red,10.0,58000.0
32495,toyota,tundra4x4,like new,8 cylinders,gas,101920.0,clean,automatic,5TFUY5F16GX505551,4wd,truck,brown,5.0,48750.0
39990,lexus,is350fsportsedan4d,good,6 cylinders,gas,8820.0,clean,other,JTHGZ1B26L5035835,rwd,sedan,white,1.0,43100.0
23990,jeep,wranglersaharasport,good,6 cylinders,gas,66649.0,clean,other,1C4AJWBG1CL242975,4wd,other,red,9.0,32790.0
23450,pontiac,g8gt,excellent,8 cylinders,gas,67730.0,clean,automatic,6G2EC57Y59L230142,rwd,sedan,silver,12.0,32900.0
24975,chevrolet,silverado2500hd,good,8 cylinders,gas,172232.0,clean,automatic,1GC2KUEGXFZ139962,4wd,truck,white,6.0,40000.0
6800,mercedes-benz,rclass,excellent,6 cylinders,gas,161453.0,clean,automatic,4JGCB65E57A059480,4wd,SUV,silver,14.0,49900.0
4995,pontiac,vibe,excellent,4 cylinders,gas,131000.0,clean,automatic,5Y2SL64893Z440124,fwd,wagon,grey,18.0,17100.0
6990,chevrolet,malibult4drsedanw,excellent,6 cylinders,gas,122000.0,clean,automatic,1G1ZJ57708F226741,fwd,sedan,blue,13.0,24500.0
10995,cadillac,escaladesportutility,good,8 cylinders,gas,121112.0,clean,automatic,1GYEK63N52R127460,4wd,SUV,white,19.0,57700.0
37990,chevrolet,corvettegrandsport,good,8 cylinders,other,56302.0,clean,other,1G1YS3DW5A5103103,rwd,other,red,11.0,58100.0
16795,toyota,tacoma,excellent,4 cylinders,gas,152696.0,clean,other,5TEUX42N49Z632400,4wd,truck,blue,12.0,28400.0
9950,nissan,altima,excellent,4 cylinders,gas,57000.0,clean,automatic,1N4AL3AP9FC417283,fwd,sedan,brown,6.0,23500.0
28901,ram,1500,excellent,8 cylinders,gas,112622.0,clean,automatic,1C6RR7PT9ES166381,4wd,truck,white,7.0,49350.0
27995,audi,q5premiumplusawd,excellent,4 cylinders,gas,55787.0,clean,automatic,WA1L2AFP1HA003507,4wd,SUV,white,4.0,45700.0
10995,cadillac,escalade,excellent,8 cylinders,gas,154719.0,clean,automatic,1GYFK63807R121295,4wd,other,white,14.0,68345.0
15999,volkswagen,jetta,excellent,4 cylinders,gas,38560.0,clean,automatic,3VWDB7AJ2HM259140,fwd,sedan,grey,4.0,20400.0
6695,honda,civic,excellent,4 cylinders,gas,119987.0,clean,automatic,1HGFA16579L019366,fwd,sedan,silver,12.0,19500.0
45590,lexus,gx460sportutility4d,good,8 cylinders,gas,10958.0,clean,other,JTJBM7FX5K5215094,4wd,SUV,black,2.0,86200.0
4995,subaru,outback,good,4 cylinders,gas,184000.0,clean,automatic,4S4BP62C867348736,4wd,wagon,silver,15.0,28495.0
9900,lexus,is,good,6 cylinders,gas,159936.0,clean,automatic,JTHBE262382015119,rwd,sedan,white,13.0,33750.0
22990,acura,rlxsedan4d,good,6 cylinders,gas,37367.0,clean,other,JH4KC1F54FC000615,fwd,sedan,silver,6.0,60800.0
25990,mercedes-benz,eclasse550,good,8 cylinders,gas,42045.0,clean,automatic,WDDKJ7DB6DF216826,rwd,coupe,white,8.0,61650.0
16995,rover,sport,excellent,8 cylinders,gas,83000.0,clean,automatic,SALSF2D48CA757994,4wd,SUV,black,9.0,65950.0
18990,chevrolet,silverado2500hd,excellent,8 cylinders,diesel,175348.0,clean,automatic,1GCHK29628E140470,4wd,truck,blue,13.0,39800.0
17990,ford,taurus,good,6 cylinders,gas,120834.0,clean,automatic,1FAHP2KT4GG133269,4wd,sedan,blue,5.0,40700.0
9300,acura,rsx,salvage,4 cylinders,gas,123940.0,salvage,manual,JH4DC53036S019316,fwd,coupe,black,15.0,22500.0
20995,ram,1500,excellent,8 cylinders,gas,107000.0,clean,automatic,1C6RR6KTXDS628611,rwd,pickup,red,8.0,28000.0
5900,subaru,forester,good,4 cylinders,gas,178612.0,clean,automatic,JF2SHBBC8CH459207,fwd,SUV,grey,9.0,24400.0
33725,audi,sq5premiumplus,excellent,6 cylinders,gas,70821.0,clean,automatic,WA1A4AFY3J2009528,4wd,SUV,grey,3.0,59100.0
10999,mazda,6,excellent,4 cylinders,gas,121937.0,clean,automatic,JM1GJ1V64E1120125,fwd,sedan,black,7.0,24500.0
34990,jeep,grandcherokeetrailhawk,good,6 cylinders,gas,37509.0,clean,other,1C4RJFLG1JC138453,4wd,other,black,3.0,45100.0
13500,honda,civiclxsedan,like new,4 cylinders,gas,13705.0,clean,automatic,19XFB2F55EE270665,fwd,sedan,silver,7.0,19445.0
7990,dodge,avenger,excellent,4 cylinders,gas,117963.0,clean,automatic,1C3CDZABXEN109375,fwd,sedan,silver,7.0,19800.0
14995,toyota,corolla,like new,4 cylinders,gas,52583.0,clean,automatic,5YFBURHE4KP885751,fwd,sedan,custom,2.0,19500.0
32990,chevrolet,corvettecoupe2d,good,8 cylinders,gas,20190.0,clean,other,1G1YF2DWXB5110886,rwd,coupe,blue,10.0,57995.0
32590,cadillac,cts36luxurysedan4d,good,6 cylinders,gas,21335.0,clean,other,1G6AR5SS8J0137892,rwd,sedan,black,3.0,53660.0
32900,ram,1500expresscrewcab,like new,8 cylinders,gas,75189.0,clean,automatic,3C6RR7KT9GG149033,4wd,truck,red,5.0,42300.0
5900,toyota,priustouring,excellent,4 cylinders,gas,138000.0,clean,automatic,JTDKB20U997859593,fwd,hatchback,blue,12.0,23900.0
25999,ford,f150xlt4x4,excellent,8 cylinders,gas,94168.0,clean,automatic,1FTFW1EF5EFB40674,4wd,truck,white,7.0,39500.0
20590,chrysler,300limitedsedan4d,good,6 cylinders,gas,71021.0,clean,other,2C3CCAEG6JH123125,rwd,sedan,black,3.0,36400.0
25500,ford,f350superdutyxlt,excellent,8 cylinders,gas,117000.0,lien,automatic,1FT8X3B64CEA91542,4wd,truck,silver,9.0,42600.0
36990,toyota,4runnersr5sportutility,good,6 cylinders,gas,33909.0,clean,other,JTEBU5JR6K5679412,4wd,other,black,2.0,40300.0
41590,buick,enclaveavenirsport,good,6 cylinders,gas,29010.0,clean,other,5GAERDKWXLJ231184,fwd,SUV,red,1.0,48600.0
26990,nissan,titansinglecabsv,good,8 cylinders,gas,41335.0,clean,other,1N6AA1R84HN570756,4wd,pickup,red,4.0,41000.0
38900,toyota,4runner,excellent,6 cylinders,gas,73000.0,clean,automatic,JTEBU5JR4H5429529,4wd,SUV,grey,4.0,42100.0
17275,jeep,grandcherokee,good,6 cylinders,gas,98170.0,clean,automatic,1C4RJFAGXFC691774,4wd,SUV,grey,6.0,36500.0
26985,ford,f250superduty,excellent,8 cylinders,diesel,119206.0,clean,automatic,1FT7W2BT2BEA71528,4wd,pickup,white,10.0,46500.0
18883,gmc,acadiaslt,excellent,6 cylinders,gas,99000.0,clean,automatic,1GKKVSKD2GJ110708,4wd,SUV,white,5.0,40500.0
10478,cadillac,escaladeesv,excellent,8 cylinders,gas,193105.0,clean,automatic,1GYFK66868R256441,4wd,SUV,white,13.0,66410.0
21590,jaguar,xfportfoliosedan4d,good,8 cylinders,gas,27537.0,clean,other,SAJWA0HB0CLS44622,rwd,sedan,blue,9.0,57950.0
6200,subaru,forester25x,excellent,4 cylinders,gas,101000.0,clean,automatic,JF1SG63667H720198,4wd,SUV,red,14.0,22995.0
36900,mercedes-benz,slclass,excellent,8 cylinders,gas,29984.0,clean,automatic,WDBSK71F09F152898,rwd,convertible,black,12.0,102500.0
5950,mini,coopers,excellent,4 cylinders,gas,90000.0,clean,manual,WMWRH33527TJ44132,fwd,convertible,blue,14.0,25000.0
8990,chevrolet,equinox,good,4 cylinders,gas,127100.0,clean,automatic,2GNALFEK8D6411627,fwd,wagon,black,8.0,29500.0
33995,dodge,challenger,excellent,8 cylinders,gas,22500.0,clean,other,2B3CJ7DW7AH283710,rwd,sedan,black,11.0,38500.0
27990,toyota,tacomadoublecabpickup,good,6 cylinders,gas,67245.0,clean,other,5TFLU4EN4CX030112,4wd,pickup,silver,9.0,31400.0
10995,mercedes-benz,sclass,excellent,8 cylinders,gas,82008.0,clean,automatic,WDBNG83J15A455931,4wd,sedan,grey,16.0,55000.0
36990,gmc,sierra2500hddoublecab,good,8 cylinders,gas,23190.0,clean,other,1GT22REG1GZ401351,4wd,pickup,black,5.0,40000.0
3499,chevrolet,aveo,good,4 cylinders,gas,105950.0,clean,automatic,KL1TG66636B566472,fwd,hatchback,blue,15.0,12995.0
8988,mazda,mazda3isport,good,4 cylinders,gas,115390.0,clean,automatic,JM1BL1UP1D1755901,fwd,sedan,white,8.0,19800.0
35990,ford,mustanggtpremiumcoupe2d,good,8 cylinders,gas,4899.0,clean,other,1FA6P8CF9F5375018,rwd,coupe,red,6.0,39500.0
9495,lexus,es350,excellent,6 cylinders,gas,167327.0,clean,automatic,JTHBK1EGXA2365661,fwd,sedan,grey,11.0,35650.0
31990,ford,superdutyf250srw,good,8 cylinders,gas,101335.0,clean,automatic,1FDBF2B69DEB79406,4wd,truck,white,8.0,40300.0
19999,chevrolet,tahoe,excellent,8 cylinders,gas,141131.0,clean,automatic,1GNSKCE02DR323763,4wd,SUV,white,8.0,49915.0
5300,honda,accordexl,good,6 cylinders,gas,183552.0,clean,automatic,1HGCP36868A039397,fwd,sedan,white,13.0,27800.0
8998,mazda,mazda2,good,4 cylinders,gas,97542.0,clean,automatic,JM1DE1KZ5C0138528,fwd,hatchback,grey,9.0,15500.0
4500,acura,rdx,good,4 cylinders,gas,71490.0,rebuilt,automatic,5J8TB2H51AA004283,fwd,SUV,silver,11.0,36000.0
23590,chevrolet,camarosscoupe2d,good,8 cylinders,gas,38905.0,clean,other,2G1FK1EJ8B9122277,rwd,coupe,red,10.0,42500.0
28900,audi,q7,good,6 cylinders,gas,94601.0,clean,automatic,WA1LAAF71HD007817,4wd,SUV,white,4.0,60000.0
6995,ford,focustitaniumhatchback4d,excellent,4 cylinders,gas,127814.0,clean,automatic,1FADP3N25EL149749,fwd,hatchback,silver,7.0,22845.0
24850,gmc,sierra1500sle4x4,excellent,8 cylinders,gas,138000.0,clean,automatic,1GTV2UEC1FZ298332,4wd,truck,black,6.0,41000.0
39590,ford,mustanggtcoupe2d,good,8 cylinders,gas,1988.0,clean,other,1FA6P8CF9L5171928,rwd,coupe,black,1.0,43500.0
16988,ram,promastercitycargovan,good,4 cylinders,gas,89068.0,clean,automatic,ZFBERFAB1H6D84092,fwd,van,white,4.0,23800.0
32990,infiniti,qx80sportutility4d,good,8 cylinders,gas,55612.0,clean,automatic,JN8AZ2NF5G9611039,rwd,other,black,5.0,80000.0
27990,gmc,sierra2500hdextendedcab,good,8 cylinders,gas,68696.0,clean,other,1GT220CG8CZ231238,4wd,pickup,black,9.0,41000.0
4995,nissan,muranosaws,excellent,6 cylinders,gas,173685.0,clean,automatic,JN8AZ1MW3AW106072,4wd,SUV,white,11.0,34400.0
32990,ford,mustanggtcoupe2d,good,8 cylinders,gas,27726.0,clean,other,1FA6P8CF8J5184067,rwd,coupe,red,3.0,36000.0
34985,ford,edgeselawd,new,4 cylinders,gas,1.0,clean,automatic,2FMPK4J9XLBB50578,4wd,SUV,red,1.0,36605.0
6449,ford,focus,good,4 cylinders,gas,128402.0,clean,automatic,1FAHP3HN4BW183585,fwd,sedan,black,10.0,19995.0
12995,kia,soulplus,like new,4 cylinders,gas,55035.0,clean,automatic,KNDJP3A51G7380351,fwd,hatchback,black,5.0,22000.0
4995,toyota,avalonxlssedan4d,good,6 cylinders,other,255000.0,clean,automatic,4T1BK36B98U268798,fwd,sedan,silver,13.0,34995.0
6500,porsche,cayenne,like new,8 cylinders,gas,93100.0,clean,automatic,WP1AB29P24LA66854,4wd,truck,black,17.0,40000.0
33990,gmc,sierra1500crewcabslt,good,8 cylinders,other,72397.0,clean,other,3GTU2VEC0EG398759,4wd,pickup,white,7.0,46500.0
16200,honda,hrvlx,excellent,4 cylinders,gas,80400.0,clean,manual,3CZRU5G3XGM730184,fwd,hatchback,black,5.0,20000.0
6995,dodge,dart,good,4 cylinders,gas,78300.0,clean,automatic,1C3CDFBA1DD176293,fwd,sedan,blue,8.0,19500.0
50988,ford,f350sd,good,8 cylinders,diesel,15731.0,clean,automatic,1FD8W3HT2KEF72951,4wd,truck,white,2.0,75900.0
34590,ford,mustanggtpremium,good,8 cylinders,gas,30970.0,clean,other,1FATP8FF6F5341651,rwd,other,white,6.0,42400.0
33990,gmc,sierra1500doublecabsle,good,6 cylinders,gas,24299.0,clean,other,1GTV2MEHXJZ346690,4wd,pickup,white,3.0,42800.0
25000,bmw,m3coupe,excellent,8 cylinders,gas,96099.0,clean,automatic,WBSKG9C57BE368108,rwd,coupe,black,10.0,53900.0
19550,lexus,rx350,excellent,6 cylinders,gas,104000.0,clean,automatic,2T2BK1BA3FC287374,4wd,SUV,black,6.0,43500.0
9800,kia,soul,good,4 cylinders,gas,76117.0,clean,automatic,KNDJT2A53C7445782,fwd,wagon,white,9.0,15200.0
13995,toyota,camryxle,excellent,4 cylinders,gas,74795.0,clean,automatic,4T1BF1FK3HU788911,4wd,sedan,black,4.0,24000.0
9995,subaru,outback,good,4 cylinders,gas,130803.0,clean,automatic,4S4BRBKCXB3352369,4wd,wagon,blue,10.0,30995.0
4595,ford,taurus,good,6 cylinders,gas,93000.0,clean,automatic,1FAFP53UB6A146981,fwd,sedan,grey,15.0,18995.0
37990,toyota,tundradoublecabsr,good,8 cylinders,gas,22870.0,clean,other,5TFUM5F13GX069124,4wd,pickup,black,5.0,43900.0
32500,ford,f250superduty,excellent,8 cylinders,diesel,165697.0,clean,other,1FT7W2BT3BEB30893,4wd,truck,white,10.0,46000.0
45425,ford,f250sd,excellent,8 cylinders,diesel,89437.0,clean,automatic,1FT7W2BT6FEA39431,4wd,pickup,red,6.0,54500.0
2900,volkswagen,jettagls,excellent,4 cylinders,gas,123816.0,clean,automatic,3VWSK69M53M038916,fwd,sedan,red,18.0,19600.0
18999,mercedes-benz,glclass,excellent,8 cylinders,gas,64896.0,clean,automatic,4JGBF7BE6BA708979,4wd,SUV,grey,10.0,68100.0
9995,chevrolet,impalalimited,like new,6 cylinders,gas,91039.0,clean,automatic,2G1WA5E37F1122836,fwd,sedan,grey,6.0,27350.0
6997,pontiac,solstice,excellent,4 cylinders,gas,131239.0,clean,manual,1G2MB33B06Y100589,rwd,convertible,black,15.0,26500.0
34590,chevrolet,silverado1500double,good,6 cylinders,gas,29499.0,clean,other,1GCVKREH6GZ228691,4wd,pickup,silver,5.0,40000.0
11999,toyota,4runner,excellent,6 cylinders,gas,185956.0,clean,automatic,JTEBU14R050063985,4wd,SUV,silver,16.0,30000.0
17550,jeep,renegade,excellent,4 cylinders,gas,71444.0,clean,automatic,ZACCJABB7JPG83969,fwd,SUV,white,3.0,25000.0
34590,ford,mustanggtpremium,good,8 cylinders,gas,30970.0,clean,other,1FATP8FF6F5341651,rwd,other,white,6.0,40025.0
33990,gmc,sierra1500doublecabsle,good,6 cylinders,gas,24299.0,clean,other,1GTV2MEHXJZ346690,4wd,pickup,white,3.0,38000.0
4995,bmw,330ci2drconvertible,good,6 cylinders,gas,239000.0,clean,automatic,WBABW53414PL45096,rwd,convertible,black,17.0,30000.0
13500,ford,transitconnect,excellent,4 cylinders,gas,119037.0,clean,automatic,NM0LS7E70F1208188,rwd,van,white,6.0,21500.0
39590,lincoln,continentalreserve,good,6 cylinders,other,7528.0,clean,other,1LN6L9RP9K5606808,fwd,sedan,black,2.0,61600.0
16950,ford,excursionxlt,excellent,8 cylinders,gas,108391.0,clean,automatic,1FMNU41L94EC04567,4wd,SUV,red,17.0,38500.0
8100,honda,odyssey,excellent,6 cylinders,gas,101000.0,clean,automatic,5FNRL38677B060314,fwd,mini-van,blue,14.0,32000.0
5490,ford,fusion,good,4 cylinders,gas,151183.0,clean,automatic,3FAHP07Z79R206051,fwd,sedan,grey,12.0,21000.0
29590,ford,expeditionxltsport,good,6 cylinders,gas,70760.0,clean,other,1FMJU1JT1HEA52352,4wd,SUV,blue,4.0,50000.0
25500,ford,f350superdutyxlt,excellent,8 cylinders,gas,117000.0,lien,automatic,1FT8X3B64CEA91542,4wd,truck,silver,9.0,46860.0
21995,ford,f150,good,6 cylinders,gas,164828.0,clean,automatic,1FTEW1EG6HKD86309,4wd,truck,black,4.0,48900.0
15688,honda,accordsedanexl,good,4 cylinders,gas,130798.0,clean,automatic,1HGCR2F88FA242874,fwd,sedan,blue,6.0,30500.0
20590,chrysler,300limitedsedan4d,good,6 cylinders,gas,71021.0,clean,other,2C3CCAEG6JH123125,rwd,sedan,black,3.0,38500.0
34590,chevrolet,silverado1500double,good,6 cylinders,gas,29499.0,clean,other,1GCVKREH6GZ228691,4wd,pickup,silver,5.0,42000.0
4600,kia,forte,good,4 cylinders,gas,53683.0,rebuilt,automatic,KNAFU4A26B5350953,fwd,sedan,silver,10.0,14900.0
11995,chevrolet,silveradolt4x4,excellent,8 cylinders,gas,164320.0,clean,automatic,1GCEK19J78Z219711,4wd,truck,white,13.0,30000.0
34990,jeep,grandcherokeetrailhawk,good,6 cylinders,gas,37509.0,clean,other,1C4RJFLG1JC138453,4wd,other,black,3.0,43600.0
36990,gmc,sierra1500doublecabsle,good,8 cylinders,gas,23424.0,clean,other,2GTV2MECXJ1106083,4wd,pickup,black,3.0,41100.0
12750,subaru,wrx,excellent,4 cylinders,gas,59911.0,clean,automatic,JF1VA1B62H9829739,4wd,sedan,black,4.0,27295.0
24590,dodge,challengersxtcoupe2d,good,6 cylinders,gas,31936.0,clean,automatic,2C3CDZAG7HH665569,rwd,coupe,white,4.0,27300.0
31590,ford,f150supercrewcabfx4,good,8 cylinders,other,54152.0,clean,other,1FTFW1EF7EKF88437,4wd,pickup,blue,7.0,39950.0
34590,chevrolet,silverado1500double,good,6 cylinders,gas,29499.0,clean,other,1GCVKREH6GZ228691,4wd,pickup,silver,5.0,40000.0
13500,subaru,xvcrosstrek,good,4 cylinders,gas,109878.0,clean,manual,JF2GPACC6F9277277,4wd,SUV,grey,6.0,24850.0
10800,toyota,highlandersport,excellent,6 cylinders,gas,167621.0,clean,automatic,JTEEK3EH1A2151463,4wd,SUV,black,11.0,35355.0
37590,dodge,challengerrtcoupe2d,good,8 cylinders,gas,1937.0,clean,other,2C3CDZBT8LH250667,rwd,coupe,green,1.0,38000.0
9995,hyundai,veloster,good,4 cylinders,gas,77000.0,clean,automatic,KMHTC6AD7HU306637,fwd,coupe,silver,4.0,20400.0
6800,toyota,sienna,excellent,6 cylinders,gas,147163.0,clean,automatic,5TDZA23C44S215745,fwd,mini-van,blue,17.0,26500.0
30990,jeep,wranglerunlimitedsport,good,6 cylinders,gas,43039.0,clean,other,1C4BJWDG6HL650381,4wd,SUV,silver,4.0,36400.0
19995,ford,f250,excellent,8 cylinders,diesel,241707.0,clean,automatic,1FTSW21R28EB04617,4wd,pickup,blue,13.0,44110.0
7495,mazda,mazda6,excellent,4 cylinders,gas,118263.0,clean,automatic,1YVHZ8BH9C5M19699,fwd,sedan,grey,9.0,221000.0
23999,toyota,tundra4wdtruck,excellent,8 cylinders,gas,41976.0,clean,automatic,5TFUW5F15DX278788,rwd,truck,silver,8.0,37500.0
26990,nissan,titansinglecabsv,good,8 cylinders,gas,41335.0,clean,other,1N6AA1R84HN570756,4wd,pickup,red,4.0,40800.0
4000,hyundai,sonatagls4drsedan,good,6 cylinders,gas,49511.0,clean,automatic,KMHWF35HX4A942402,fwd,sedan,white,17.0,22900.0
8200,honda,pilotexl4wd,excellent,6 cylinders,gas,184832.0,clean,automatic,5FNYF4H69AB024124,4wd,SUV,grey,11.0,36500.0
29990,ram,1500quadcabtradesman,good,6 cylinders,other,31622.0,clean,other,1C6RR7FG7HS699550,4wd,pickup,white,4.0,35500.0
25590,ford,mustangv6convertible2d,good,6 cylinders,gas,11325.0,clean,other,1FATP8EM6H5342611,rwd,convertible,red,4.0,30800.0
31990,dodge,chargergtsedan4d,good,6 cylinders,other,10410.0,clean,other,2C3CDXHG7LH122869,rwd,sedan,white,1.0,33500.0
25995,subaru,legacylimited,like new,4 cylinders,gas,23136.0,clean,automatic,4S3BWAN6XL3002125,4wd,sedan,white,1.0,34000.0
17900,toyota,tacomadoublecabsr5,excellent,6 cylinders,gas,136674.0,clean,automatic,5TEGN92N92Z080009,fwd,truck,silver,19.0,18500.0
6495,acura,mdx,good,6 cylinders,gas,228657.0,clean,automatic,2HNYD18816H522416,4wd,SUV,white,15.0,42850.0
37990,jeep,grandcherokeelimitedx,good,6 cylinders,gas,15143.0,clean,other,1C4RJFBG6LC234292,4wd,other,black,1.0,40000.0
17900,jeep,grandcherokee,excellent,8 cylinders,gas,137172.0,clean,automatic,1C4RJFJT6EC501271,4wd,SUV,black,7.0,58800.0
1900,buick,century,good,6 cylinders,gas,224807.0,clean,automatic,2G4WS52J421246771,fwd,sedan,brown,19.0,23200.0
6400,kia,sorentolx,excellent,4 cylinders,gas,106400.0,clean,automatic,5XYKT3A10DG360362,fwd,SUV,black,8.0,24250.0
6995,chrysler,300,good,6 cylinders,gas,52258.0,clean,automatic,2C3KA53G26H455842,rwd,sedan,green,15.0,28500.0
33990,mercedes-benz,eclasse63amg,good,8 cylinders,gas,88107.0,clean,automatic,WDDHF7EB7CA570344,rwd,sedan,white,9.0,101000.0
36990,ram,1500crewcabbighorn,good,8 cylinders,gas,27716.0,clean,other,1C6RR7LT3JS276326,4wd,pickup,blue,3.0,38500.0
38990,chevrolet,sssedan4d,good,8 cylinders,gas,48774.0,clean,other,6G3F15RW3FL103161,rwd,sedan,red,6.0,39995.0
21864,nissan,rogue,good,4 cylinders,gas,39571.0,clean,automatic,JN8AT2MV4HW005969,4wd,SUV,custom,4.0,25100.0
41990,mercedes-benz,sclasss550,good,8 cylinders,gas,30483.0,clean,other,WDDUG8CB9EA015080,rwd,sedan,silver,7.0,101000.0
48590,cadillac,escaladeesvpremium,good,8 cylinders,gas,73547.0,clean,other,1GYS4JKJ1HR294891,4wd,other,black,4.0,87990.0
39995,chevrolet,silverado3500hd4x4,like new,8 cylinders,gas,42522.0,clean,automatic,1GB4KYCG5HF134082,4wd,truck,white,4.0,45600.0
12995,ford,escape,excellent,4 cylinders,gas,112054.0,clean,automatic,1FMCU9GX8EUB63127,4wd,SUV,black,7.0,26835.0
24995,bmw,740lixdriveawd,excellent,6 cylinders,gas,73619.0,clean,automatic,WBAYF4C50DD127827,4wd,sedan,black,8.0,74500.0
30990,infiniti,qx6035sportutility,good,6 cylinders,gas,22821.0,clean,automatic,5N1DL0MN5JC501394,fwd,SUV,blue,3.0,45000.0
4475,buick,lucerne,good,6 cylinders,gas,156117.0,clean,automatic,1G4HD57M29U112099,fwd,sedan,silver,12.0,35325.0
19999,chevrolet,avalanche,good,8 cylinders,gas,135897.0,clean,automatic,3GNTKGE70CG305172,4wd,SUV,white,9.0,46500.0
10900,toyota,corolla,excellent,4 cylinders,gas,0.0,clean,automatic,2T1BURHE2EC023889,fwd,sedan,blue,7.0,18500.0
9900,ford,fusion,good,4 cylinders,gas,96903.0,clean,automatic,3FA6P0H73DR183008,fwd,sedan,purple,8.0,23500.0
39900,chevrolet,suburban1500,excellent,8 cylinders,gas,55200.0,rebuilt,automatic,1GNSCJKC3JR203112,rwd,SUV,silver,3.0,72300.0
19995,infiniti,qx50,excellent,6 cylinders,gas,37300.0,clean,automatic,JN1BJ0RR4GM263993,4wd,SUV,black,5.0,39950.0
4500,honda,element,excellent,4 cylinders,gas,182365.0,clean,automatic,5J6YH18947L002700,fwd,SUV,grey,14.0,24000.0
23900,rover,discoverysport,excellent,4 cylinders,gas,60412.0,clean,automatic,SALCR2BG3GH553173,4wd,SUV,black,5.0,45500.0
5500,subaru,forester,good,4 cylinders,gas,113000.0,clean,manual,JF1SG65626G733600,4wd,SUV,silver,15.0,22800.0
7995,subaru,outback,excellent,4 cylinders,gas,167724.0,clean,automatic,4S4BP61C187323634,4wd,wagon,custom,13.0,23795.0
7400,subaru,legacy,excellent,4 cylinders,gas,132732.0,rebuilt,automatic,4S3BMBK69B3228171,4wd,sedan,blue,10.0,26995.0
35990,dodge,challengerrtcoupe2d,good,8 cylinders,gas,1548.0,clean,other,2C3CDZBT9LH119053,rwd,coupe,black,1.0,35995.0
26990,acura,rdxtechnologyand,good,6 cylinders,gas,30386.0,clean,other,5J8TB3H59JL009998,fwd,other,silver,3.0,38900.0
23703,dodge,grandcaravan,excellent,6 cylinders,gas,39360.0,clean,automatic,2C4RDGEG1KR595315,fwd,mini-van,red,2.0,31495.0
15730,jeep,patriot,excellent,4 cylinders,gas,29258.0,clean,automatic,1C4NJPFA1GD536504,fwd,SUV,red,5.0,21500.0
35590,ram,1500crewcabbighorn,good,8 cylinders,gas,22401.0,clean,other,1C6RR7LT4HS667558,4wd,pickup,blue,4.0,40000.0
6750,honda,civicsport,good,4 cylinders,gas,123588.0,rebuilt,automatic,19XFB2F59CE364898,fwd,sedan,black,9.0,19750.0
34590,chevrolet,silverado1500double,good,6 cylinders,gas,29499.0,clean,other,1GCVKREH6GZ228691,4wd,pickup,silver,5.0,38500.0
8950,chevrolet,silverado1500,good,8 cylinders,gas,190507.0,clean,automatic,1GCEK14088E218279,4wd,truck,white,13.0,33500.0
39590,ram,1500crewcablaramiepickup,good,8 cylinders,gas,55804.0,clean,other,1C6SRFRT5KN735634,4wd,pickup,brown,2.0,48500.0
20988,toyota,camryse,good,4 cylinders,gas,73228.0,clean,automatic,4T1B11HK1JU005019,fwd,sedan,white,3.0,24300.0
18790,toyota,rav4,excellent,4 cylinders,gas,70710.0,clean,automatic,2T3WFREV6HW388537,fwd,SUV,white,4.0,28290.0
11995,honda,accord,like new,6 cylinders,gas,61811.0,clean,automatic,1HGCS2B8XBA008708,fwd,coupe,grey,10.0,32000.0
10595,chevrolet,equinox,good,4 cylinders,gas,109356.0,clean,automatic,2GNALCEK1E6252286,fwd,SUV,custom,7.0,24000.0
13515,volkswagen,jetta,excellent,4 cylinders,gas,71862.0,clean,automatic,3VWD17AJ0FM352366,rwd,sedan,black,6.0,22700.0
7999,honda,pilotexl,good,6 cylinders,gas,196000.0,clean,automatic,5FNYF4H55BB079534,4wd,SUV,blue,10.0,38200.0
24995,dodge,chargerseawd,like new,6 cylinders,gas,42422.0,clean,automatic,2C3CDXFG2GH282053,4wd,sedan,black,5.0,31890.0
10950,acura,mdx,good,6 cylinders,gas,147800.0,clean,automatic,2HNYD28279H503777,4wd,SUV,white,12.0,45000.0
6495,fiat,500loungeconvertible,good,4 cylinders,gas,101000.0,clean,automatic,3C3CFFER6DT554856,fwd,convertible,white,8.0,19900.0
3495,pontiac,g5coupe,good,4 cylinders,gas,134450.0,rebuilt,automatic,1G2AS18H297105419,fwd,coupe,green,12.0,16250.0
10795,chevrolet,traverselt,excellent,6 cylinders,gas,127596.0,clean,automatic,1GNKRGKD9DJ260492,fwd,SUV,grey,8.0,29960.0
5500,lexus,ls430,excellent,8 cylinders,gas,273000.0,clean,automatic,JTHBN30F030109612,rwd,sedan,silver,18.0,57650.0
10995,cadillac,cts4,good,6 cylinders,gas,92340.0,clean,automatic,1G6DS57V790123319,rwd,sedan,purple,12.0,45000.0
17999,chevrolet,suburban,like new,8 cylinders,gas,117000.0,clean,automatic,3GNFK16368G181714,4wd,wagon,white,13.0,40000.0
7500,honda,element,excellent,4 cylinders,gas,192000.0,clean,automatic,5J6YH18553L019769,fwd,SUV,silver,18.0,24600.0
14775,ram,1500,excellent,8 cylinders,gas,184366.0,clean,automatic,1C6RR7GT8DS697148,4wd,pickup,orange,8.0,39200.0
18495,ram,1500,good,8 cylinders,gas,116882.0,clean,automatic,1C6RR6GT5ES322751,rwd,truck,grey,7.0,39980.0
10495,toyota,rav4,excellent,4 cylinders,gas,125800.0,clean,automatic,2T3DF4DV0AW052674,4wd,SUV,red,11.0,28900.0
37590,mercedes-benz,clsclasscls63,good,8 cylinders,other,65130.0,clean,automatic,WDDLJ7EB2CA049797,rwd,coupe,blue,9.0,103500.0
28922,jeep,wranglerunlimitedsport,good,6 cylinders,gas,80190.0,clean,automatic,1C4BJWDG7GL249646,4wd,other,black,5.0,30500.0
11995,lincoln,mkz,good,6 cylinders,gas,129110.0,clean,automatic,3LN6L2JK5DR800503,4wd,sedan,red,8.0,35950.0
17995,audi,a320tpremiumplus,excellent,4 cylinders,gas,79407.0,clean,automatic,WAUJ8GFF6G1048993,4wd,sedan,grey,5.0,39900.0
9995,jeep,compass,excellent,4 cylinders,gas,111600.0,clean,automatic,1C4NJDEB8ED646195,4wd,SUV,blue,7.0,25500.0
38750,jaguar,ftype,excellent,6 cylinders,gas,54922.0,clean,automatic,SAJWA6FC2E8K03347,rwd,convertible,black,7.0,92500.0
6495,mercedes-benz,eclass,excellent,6 cylinders,gas,139071.0,clean,automatic,WDBUF87X99B358201,4wd,other,black,12.0,54900.0
13750,jeep,compasshighaltitude,excellent,4 cylinders,gas,76500.0,clean,automatic,1C4NJDEB5FD155018,4wd,SUV,green,6.0,25000.0
31590,lexus,rx350sportutility4d,good,6 cylinders,gas,28185.0,clean,other,2T2ZZMCAXHC078839,fwd,SUV,silver,4.0,41250.0
35488,chevrolet,silverado15004wdlt,good,8 cylinders,gas,77171.0,clean,automatic,3GCUKREC9FG364103,4wd,pickup,grey,6.0,38500.0
17995,chevrolet,silverado1500,excellent,8 cylinders,gas,151701.0,clean,automatic,3GCPKSE7XDG270977,4wd,truck,black,8.0,40500.0
32875,audi,q5,good,4 cylinders,gas,44787.0,clean,automatic,WA1BNAFY2J2041744,4wd,SUV,black,3.0,48200.0
37990,toyota,tundradoublecabsr,good,8 cylinders,gas,22870.0,clean,other,5TFUM5F13GX069124,4wd,pickup,black,5.0,46000.0
18787,ford,transitcargovan,good,6 cylinders,gas,138712.0,clean,automatic,1FTNR2ZG1FKA67467,rwd,van,white,6.0,34500.0
30590,dodge,challengerrtcoupe2d,good,8 cylinders,gas,5720.0,clean,other,2C3CDZBT2GH316605,rwd,coupe,black,5.0,32350.0
11994,jeep,liberty,like new,6 cylinders,gas,88415.0,clean,automatic,1C4PJMAK0CW199183,4wd,SUV,silver,9.0,29290.0
16995,volkswagen,passat,excellent,4 cylinders,gas,49236.0,clean,automatic,1VWBT7A39HC002161,fwd,sedan,white,4.0,25000.0
7995,jeep,liberty,excellent,6 cylinders,gas,102453.0,clean,automatic,1J4GL58K34W299053,4wd,SUV,silver,17.0,26995.0
12995,kia,optimalx,excellent,4 cylinders,gas,93496.0,clean,automatic,5XXGM4A71FG430004,fwd,sedan,black,6.0,22600.0
39990,ford,mustanggtcoupe2d,good,8 cylinders,gas,549.0,clean,other,1FA6P8CFXL5174241,rwd,coupe,blue,1.0,42695.0
14500,toyota,rav4,good,4 cylinders,gas,126391.0,clean,automatic,2T3RFREV1DW089626,4wd,SUV,blue,8.0,28600.0
5200,hyundai,accentgs,excellent,4 cylinders,gas,30000.0,clean,automatic,KMHCM36C69U134761,fwd,hatchback,orange,12.0,11800.0
17695,subaru,outback,excellent,4 cylinders,gas,85875.0,clean,automatic,4S4BSBNC7G3287388,4wd,SUV,silver,5.0,33495.0
7491,volkswagen,jetta,excellent,4 cylinders,gas,96935.0,clean,automatic,3VWD17AJ8FM251446,fwd,sedan,red,6.0,20500.0
31990,ram,1500quadcabharvestpickup,good,6 cylinders,gas,27426.0,clean,other,1C6RR7GG8JS247420,4wd,pickup,white,3.0,39500.0
10495,cadillac,srx,good,6 cylinders,gas,134203.0,clean,automatic,3GYFNBE36CS504800,fwd,SUV,custom,9.0,45700.0
9675,ford,mustang,good,6 cylinders,gas,108915.0,clean,automatic,1ZVHT80N495138223,rwd,coupe,red,12.0,23200.0
5990,toyota,highlander,good,6 cylinders,gas,160973.0,clean,automatic,JTEHF21A510030371,4wd,SUV,silver,20.0,29000.0
12990,ford,f150,good,8 cylinders,gas,150075.0,clean,automatic,1FTPW12V18FC02740,rwd,truck,white,13.0,27800.0
13999,honda,accord,excellent,4 cylinders,gas,97264.0,clean,automatic,1HGCR2F80EA272384,fwd,sedan,white,7.0,28600.0
12995,jeep,wrangler,excellent,6 cylinders,gas,172439.0,clean,automatic,1J4FA24147L139699,4wd,SUV,red,14.0,24500.0
34590,toyota,tacomadoublecabsr5,good,6 cylinders,gas,35680.0,clean,other,5TFCZ5AN4KX176828,4wd,pickup,red,2.0,36700.0
28800,chevrolet,silverado1500,excellent,8 cylinders,gas,139676.0,clean,automatic,3GCUKREC2FG191556,4wd,truck,white,6.0,39995.0
40590,ford,f250superdutyregularcab,good,8 cylinders,other,9313.0,clean,other,1FTBF2B65KEC91136,4wd,pickup,white,2.0,40900.0
12995,hyundai,sonatahybrid,excellent,4 cylinders,hybrid,93000.0,clean,automatic,KMHE24L14GA011692,fwd,sedan,red,5.0,22750.0
37995,gmc,sierra2500hd,good,8 cylinders,diesel,180600.0,clean,automatic,1GT12ZE83FF143533,4wd,truck,white,6.0,59750.0
31900,lexus,nx200t,excellent,4 cylinders,gas,29101.0,clean,automatic,JTJYARBZ8K2136302,fwd,SUV,white,2.0,39900.0
9995,chevrolet,traverse,excellent,6 cylinders,gas,126299.0,clean,automatic,1GNKRGED0BJ156028,fwd,SUV,silver,10.0,31825.0
27900,jeep,wranglerunlimited,excellent,6 cylinders,gas,93000.0,clean,automatic,1C4BJWDG6GL291774,4wd,wagon,white,5.0,29995.0
10999,ford,f150,excellent,6 cylinders,gas,204361.0,clean,automatic,1FTMF1CM6CKE09343,rwd,pickup,white,9.0,30500.0
29900,ford,expeditionplatinum4x4gas,excellent,6 cylinders,gas,72849.0,rebuilt,automatic,1FMJU1MT8HEA72402,4wd,SUV,white,4.0,74900.0
31990,chrysler,pacificalimited,good,6 cylinders,gas,34925.0,clean,other,2C4RC1GG9KR731896,fwd,van,white,2.0,41000.0
4950,honda,crv,good,4 cylinders,gas,172900.0,clean,automatic,3CZRE38538G703040,fwd,SUV,blue,13.0,24100.0
36900,toyota,4runnersr54x4,excellent,6 cylinders,gas,39000.0,clean,automatic,JTEBU5JR0H5470126,4wd,SUV,blue,4.0,39900.0
9995,toyota,corolla,good,4 cylinders,gas,121939.0,clean,automatic,5YFBURHE2EP145376,fwd,sedan,blue,7.0,18900.0
18995,subaru,forester,excellent,4 cylinders,gas,24141.0,clean,other,JF2SJADC3GH565016,4wd,SUV,grey,5.0,25800.0
14900,chevrolet,silverado1500,excellent,8 cylinders,gas,146000.0,clean,automatic,1GCEK14C47Z578599,4wd,truck,red,14.0,30900.0
2450,jeep,compass,excellent,4 cylinders,gas,128408.0,clean,automatic,1J4NF1FB8BD197427,4wd,SUV,white,10.0,24940.0
17950,chevrolet,corvetteconvertible,excellent,8 cylinders,gas,92851.0,clean,automatic,1G1YY36U765110653,rwd,convertible,blue,15.0,50000.0
18497,audi,q730tpremiumplus,excellent,6 cylinders,gas,107015.0,clean,automatic,WA1LGAFE4ED012339,4wd,SUV,grey,7.0,60000.0
29990,dodge,challenger,good,8 cylinders,gas,56624.0,clean,other,2C3CDZBT6HH619419,rwd,coupe,black,4.0,33500.0
11995,ford,e350van,excellent,8 cylinders,gas,91100.0,clean,automatic,1FBNE31L57DA47002,rwd,van,silver,14.0,26200.0
51990,chevrolet,corvettestingrayz51,good,8 cylinders,gas,7389.0,clean,other,1G1YH3D76F5119261,rwd,convertible,black,6.0,54900.0
9295,jeep,liberty,good,6 cylinders,gas,62758.0,clean,automatic,1J8GN28K59W521333,4wd,SUV,black,12.0,26190.0
27990,gmc,sierra2500hdextendedcab,good,8 cylinders,gas,68696.0,clean,other,1GT220CG8CZ231238,4wd,pickup,black,9.0,40500.0
37990,toyota,tundradoublecabsr,good,8 cylinders,gas,22870.0,clean,other,5TFUM5F13GX069124,4wd,pickup,black,5.0,45490.0
23900,mercedes-benz,eclass,good,6 cylinders,gas,34356.0,clean,automatic,WDDHF5KB5EB008920,rwd,sedan,black,7.0,54000.0
7999,toyota,corollale,excellent,4 cylinders,gas,89000.0,clean,automatic,5YFBU4EE2DP179789,fwd,sedan,white,8.0,18900.0
25990,gmc,acadiaslt2sportutility,good,6 cylinders,gas,70640.0,clean,other,1GKKNNLS8KZ159484,fwd,SUV,white,2.0,39600.0
7495,toyota,corollale,excellent,4 cylinders,gas,53000.0,rebuilt,automatic,2T1BU4EE1DC966054,fwd,sedan,silver,8.0,18000.0
9900,chevrolet,equinoxlt,good,4 cylinders,gas,143214.0,clean,automatic,2GNALBEK6F6214046,fwd,SUV,blue,6.0,25200.0
14487,jeep,cherokee,good,6 cylinders,gas,101088.0,clean,automatic,1C4PJMCS8FW636381,4wd,wagon,silver,6.0,31990.0
19990,chevrolet,avalanchels4x4,good,8 cylinders,gas,100981.0,clean,automatic,3GNTKEE73DG372774,4wd,pickup,silver,8.0,39500.0
45300,ram,3500bighorn,excellent,6 cylinders,diesel,34125.0,rebuilt,automatic,3C63R3LL4JG236634,4wd,truck,black,3.0,60745.0
46800,gmc,sierra2500hd,like new,8 cylinders,diesel,114785.0,clean,automatic,1GT120E88FF575739,4wd,truck,blue,6.0,70000.0
15599,jeep,renegade,good,4 cylinders,gas,55098.0,clean,automatic,ZACCJABB9JPH77528,fwd,SUV,blue,3.0,25295.0
30998,ford,explorerxlt,excellent,6 cylinders,gas,14141.0,clean,automatic,1FM5K8D86JGB05127,4wd,SUV,white,3.0,40400.0
35590,dodge,challengersrt8coupe2d,good,8 cylinders,gas,16796.0,clean,other,2B3CJ7DJ7BH589702,rwd,coupe,green,10.0,47000.0
10000,chevrolet,cruzelimited,excellent,4 cylinders,gas,99728.0,clean,automatic,1G1PE5SB1G7111243,fwd,sedan,white,5.0,19900.0
15995,audi,a3tdi,excellent,4 cylinders,diesel,67000.0,clean,automatic,WAUCJGFF4F1069174,fwd,sedan,brown,6.0,36400.0
17990,lincoln,mkzsedan4d,good,6 cylinders,gas,41750.0,clean,automatic,3LN6L2GK7DR810957,fwd,sedan,white,8.0,36100.0
6997,pontiac,solstice,excellent,4 cylinders,gas,131239.0,clean,manual,1G2MB33B06Y100589,rwd,convertible,black,15.0,27995.0
8499,kia,sorento,excellent,4 cylinders,gas,124144.0,clean,automatic,5XYKT3A15BG085603,fwd,SUV,black,10.0,25000.0
35590,chevrolet,corvetteconvertible,good,8 cylinders,gas,31879.0,clean,other,1G1YC3DW6A5101146,rwd,other,red,11.0,62900.0
27500,chevrolet,silverado2500hd,excellent,8 cylinders,diesel,127381.0,clean,automatic,1GC4KXB62AF110438,4wd,truck,blue,11.0,42500.0
11995,nissan,roguesawd,excellent,4 cylinders,gas,105000.0,clean,automatic,5N1AT2MV6GC752643,4wd,SUV,black,5.0,27000.0
9980,hyundai,elantragt,excellent,4 cylinders,gas,99440.0,clean,automatic,KMHD35LE7DU151893,fwd,hatchback,silver,8.0,17900.0
24775,mazda,mx5miatarf,good,4 cylinders,gas,14277.0,clean,automatic,JM1NDAL70H0106808,rwd,coupe,custom,4.0,31490.0
12988,jeep,patriotlatitude,good,4 cylinders,gas,103694.0,clean,automatic,1C4NJPFB6HD182828,fwd,other,silver,4.0,23870.0
9995,ford,escapese,excellent,4 cylinders,gas,92473.0,clean,automatic,1FMCU0GX3EUA55591,4wd,sedan,black,7.0,23700.0
30999,toyota,4runner,excellent,6 cylinders,gas,103345.0,clean,automatic,JTEBU5JR0G5286402,4wd,SUV,black,5.0,36000.0
3500,chevrolet,silveradowt4x4,good,8 cylinders,gas,282405.0,clean,automatic,1GCEK19V54Z177620,4wd,truck,white,17.0,32100.0
38590,ford,f150supercrewcablariat,good,8 cylinders,other,41804.0,clean,other,1FTEW1EF4FFB55826,4wd,pickup,brown,6.0,43300.0
8500,chevrolet,coloradonworktruck,excellent,4 cylinders,gas,127151.0,clean,automatic,1GCCSBF93C8130627,rwd,pickup,white,9.0,19400.0
3500,subaru,impreza,good,4 cylinders,gas,187245.0,clean,automatic,JF1GD67585H511932,4wd,sedan,blue,16.0,19600.0
7995,volkswagen,newbeetle,good,5 cylinders,gas,44123.0,clean,automatic,3VWRW31C97M510805,fwd,hatchback,green,14.0,20500.0
12995,dodge,durango,excellent,6 cylinders,gas,167528.0,clean,automatic,1C4RDJFG3DC684441,4wd,SUV,white,8.0,38895.0
16995,jeep,wrangler,good,6 cylinders,gas,117139.0,clean,automatic,1J4FA54117L130587,4wd,SUV,black,14.0,25800.0
28590,lexus,es350sedan4d,good,6 cylinders,other,14711.0,clean,other,58ABK1GG0HU069176,fwd,sedan,white,4.0,38780.0
19995,chevrolet,silverado1500,excellent,8 cylinders,gas,166707.0,clean,automatic,1GCSKSEA6AZ224922,4wd,pickup,white,11.0,38700.0
11995,ford,f350,good,8 cylinders,gas,145411.0,clean,automatic,1FDSF30L34ED29850,rwd,truck,white,17.0,24900.0
9491,ford,focusse,excellent,4 cylinders,gas,74098.0,clean,automatic,1FADP3F21HL265405,fwd,sedan,grey,4.0,19500.0
46990,mercedes-benz,slclasssl550,good,8 cylinders,other,28834.0,clean,other,WDDJK7DA9EF024737,rwd,convertible,blue,7.0,103000.0
22777,cadillac,ats,excellent,4 cylinders,gas,39340.0,clean,automatic,1G6AA5RX2J0123138,rwd,sedan,black,3.0,34000.0
31990,buick,enclaveessencesport,good,6 cylinders,gas,20337.0,clean,other,5GAERBKW6LJ216038,fwd,SUV,silver,1.0,45000.0
24995,ford,f250sd,good,8 cylinders,gas,135750.0,clean,automatic,1FT7W2B66BEC04690,4wd,truck,blue,10.0,43500.0
29990,toyota,tacomadoublecabpickup,good,6 cylinders,gas,43182.0,clean,other,3TMLU4EN4CM085701,4wd,pickup,white,9.0,30900.0
11100,honda,crv,good,4 cylinders,gas,107775.0,clean,automatic,5J6RE4H40BL098935,4wd,SUV,grey,10.0,26900.0
21995,infiniti,qx80,like new,8 cylinders,gas,98500.0,clean,automatic,JN8AZ2NF7E9553254,rwd,SUV,silver,7.0,62500.0
10800,nissan,roguesawd,excellent,4 cylinders,gas,50000.0,rebuilt,automatic,JN8AS5MV8DW654074,4wd,SUV,grey,8.0,23800.0
34990,ford,mustanggtpremium,good,8 cylinders,gas,18650.0,clean,other,1FATP8FF5J5115190,rwd,convertible,black,3.0,42800.0
33990,ford,mustanggtcoupe2d,good,8 cylinders,gas,9788.0,clean,other,1FA6P8CF7H5319470,rwd,coupe,black,4.0,38500.0
36990,gmc,sierra2500hddoublecab,good,8 cylinders,gas,23190.0,clean,other,1GT22REG1GZ401351,4wd,pickup,black,5.0,38500.0
34990,ram,1500quadcabbighorn,good,6 cylinders,other,22064.0,clean,other,1C6RR7GG0JS247282,4wd,pickup,silver,3.0,41500.0
34997,lexus,rx330,excellent,6 cylinders,gas,35185.0,clean,automatic,2T2BZMCA4HC119483,4wd,SUV,silver,4.0,47100.0
9950,hyundai,sonatase,excellent,4 cylinders,gas,80000.0,rebuilt,automatic,5NPE24AF5GH306053,fwd,sedan,grey,5.0,23500.0
10990,lexus,es350,good,6 cylinders,gas,102078.0,clean,automatic,JTHBJ46G392324089,fwd,sedan,silver,12.0,35900.0
15500,ford,f150,excellent,8 cylinders,gas,136505.0,clean,automatic,1FTFX1EF2BFD33390,4wd,truck,black,10.0,38500.0
15995,gmc,yukonslt24wdv8,excellent,8 cylinders,gas,149171.0,clean,automatic,1GKFK13057J159515,4wd,SUV,blue,14.0,45000.0
5500,honda,pilotexl,excellent,6 cylinders,gas,197000.0,clean,automatic,5FNYF18258B037815,4wd,SUV,black,13.0,32000.0
6900,toyota,tundra,fair,6 cylinders,gas,166000.0,clean,automatic,5TBBT48122S243550,fwd,pickup,black,19.0,33500.0
4495,honda,odyssey,excellent,6 cylinders,gas,188760.0,clean,automatic,5FNRL18634B129435,fwd,mini-van,blue,17.0,28500.0
6650,acura,tsxsedan,excellent,4 cylinders,gas,160223.0,clean,automatic,JH4CL96968C010328,fwd,sedan,silver,13.0,31700.0
6900,lincoln,towncarsignature,excellent,8 cylinders,gas,76400.0,clean,automatic,1LNHM82W23Y603475,rwd,sedan,white,18.0,48600.0
15995,jeep,cherokee,good,4 cylinders,gas,95895.0,clean,automatic,1C4PJLCB3JD523436,fwd,SUV,silver,3.0,26000.0
14990,ford,escapeseawd,excellent,4 cylinders,gas,94276.0,clean,automatic,1FMCU9G90HUA28908,4wd,SUV,white,4.0,30700.0
10990,buick,enclave,good,6 cylinders,gas,152000.0,clean,automatic,5GAKVDED5CJ357865,4wd,SUV,white,9.0,48500.0
43952,ford,f250sd,good,8 cylinders,diesel,93294.0,clean,automatic,1FT7W2BT5GEA63687,4wd,truck,white,5.0,53300.0
31990,ram,1500crewcabexpresspickup,good,8 cylinders,gas,15498.0,clean,other,3C6RR7KT2HG689972,4wd,pickup,silver,4.0,40000.0
6895,jeep,libertylimited,good,6 cylinders,gas,107500.0,clean,automatic,1J4GL58K07W519531,4wd,SUV,custom,14.0,31755.0
31000,gmc,sierra2500hd,excellent,8 cylinders,diesel,184000.0,clean,automatic,1GT4K1B67AF119195,4wd,truck,grey,11.0,46000.0
14750,hyundai,kona,like new,4 cylinders,gas,55000.0,clean,automatic,KM8K1CAA1KU304346,4wd,hatchback,white,2.0,26500.0
38990,chevrolet,camarozl1coupe2d,good,8 cylinders,gas,27610.0,clean,other,2G1FL1EP8D9800045,rwd,coupe,black,8.0,55495.0
6995,ford,focusse,excellent,4 cylinders,gas,78000.0,clean,automatic,1FADP3F29DL258664,fwd,sedan,silver,8.0,18800.0
8990,ford,edgelimited4drcrossove,like new,6 cylinders,gas,144000.0,clean,automatic,2FMDK4KC5BBA53901,4wd,SUV,white,10.0,36635.0
9495,ford,escapeselawd,excellent,4 cylinders,gas,145000.0,clean,automatic,1FMCU9H92DUA81392,4wd,SUV,grey,8.0,30500.0
4995,chevrolet,impala,good,6 cylinders,gas,212590.0,clean,automatic,2G1WG5EK6B1191131,fwd,sedan,silver,10.0,27000.0
25995,ford,f150xlt,like new,8 cylinders,gas,117602.0,clean,automatic,1FTEW1CF0FKD44337,rwd,pickup,grey,6.0,34700.0
29590,ford,expeditionxltsport,good,6 cylinders,gas,70760.0,clean,other,1FMJU1JT1HEA52352,4wd,SUV,blue,4.0,57985.0
8990,ford,escape,excellent,4 cylinders,gas,101981.0,clean,automatic,1FMCU0F73DUC41874,fwd,SUV,black,8.0,23995.0
18995,ford,f150fx44x4extra,good,8 cylinders,other,160524.0,clean,automatic,1FTFW1EF0BFA95140,4wd,pickup,silver,10.0,40100.0
9995,mercury,mariner,excellent,4 cylinders,gas,102000.0,clean,automatic,4M2CN9H71BKJ03112,4wd,SUV,silver,10.0,32400.0
38900,chevrolet,silverado1500lt4x4,excellent,8 cylinders,gas,33548.0,clean,automatic,1GCVKREC7HZ219388,4wd,truck,white,4.0,42400.0
33590,toyota,fjcruisersportutility,good,6 cylinders,gas,73719.0,clean,other,JTEBU4BF6CK143562,4wd,other,black,9.0,37800.0
8988,ford,escape,excellent,6 cylinders,gas,84103.0,clean,automatic,1FMCU0DGXCKB31725,fwd,SUV,black,9.0,28950.0
6495,ford,fusionsport,good,6 cylinders,gas,108626.0,clean,automatic,3FAHP0KC8AR431408,fwd,sedan,black,11.0,21500.0
7900,gmc,yukondenali,excellent,8 cylinders,gas,191529.0,clean,automatic,1GKEK63U85J103335,4wd,SUV,blue,16.0,48500.0
7975,jeep,patriot,good,4 cylinders,gas,143346.0,clean,automatic,1C4NJRFBXED726948,4wd,SUV,black,7.0,24745.0
16950,toyota,highlander,good,6 cylinders,gas,125997.0,clean,automatic,5TDBKRFH8FS183822,4wd,wagon,black,6.0,42600.0
11990,honda,civicsedan,excellent,4 cylinders,gas,23707.0,clean,automatic,2HGFB2F59EH514971,fwd,sedan,grey,7.0,20000.0
36990,gmc,sierra2500hddoublecab,good,8 cylinders,gas,23190.0,clean,other,1GT22REG1GZ401351,4wd,pickup,black,5.0,45755.0
39990,chevrolet,tahoelssportutility,good,8 cylinders,gas,31992.0,clean,other,1GNSKAKC9JR179028,4wd,SUV,black,3.0,51500.0
7600,kia,rio,excellent,4 cylinders,gas,85000.0,clean,automatic,KNADM5A32F6494103,fwd,hatchback,black,6.0,15000.0
14995,ford,explorerbase,good,6 cylinders,gas,77597.0,clean,automatic,1FMHK7B85BGA85822,fwd,other,silver,10.0,28995.0
38600,toyota,tundrasr5trd4x4,excellent,8 cylinders,gas,39200.0,clean,automatic,5TFUY5F13GX492094,4wd,truck,silver,5.0,45400.0
38875,ford,f250sd,good,8 cylinders,gas,100403.0,clean,automatic,1FT7W2BT5CEB52203,4wd,truck,custom,9.0,50000.0
30495,lexus,rx350,good,6 cylinders,gas,61245.0,clean,automatic,2T2BZMCA0GC046305,4wd,SUV,silver,5.0,46900.0
18900,kia,soul,excellent,4 cylinders,gas,65875.0,clean,automatic,KNDJP3A5XJ7889748,fwd,hatchback,white,3.0,21000.0
5995,saturn,vue,good,6 cylinders,gas,143584.0,clean,automatic,5GZCZ63407S874043,4wd,SUV,red,14.0,27500.0
18995,ford,f350dually,good,8 cylinders,diesel,131000.0,clean,automatic,1FTWW33P64EC54677,4wd,pickup,white,17.0,38500.0
45590,acura,mdxadvancepkgsport,good,6 cylinders,gas,3687.0,clean,other,5J8YD3H8XLL007383,fwd,SUV,white,1.0,58900.0
31795,chevrolet,silverado1500lt4x4,excellent,8 cylinders,gas,100439.0,clean,automatic,3GCUKREC3FG163300,4wd,truck,blue,6.0,38500.0
28788,ford,f150,good,8 cylinders,gas,100764.0,clean,automatic,1FTEW1EFXGKE39017,4wd,truck,white,5.0,42500.0
8900,toyota,prius,good,4 cylinders,hybrid,76335.0,clean,automatic,JTDKB20U283333571,fwd,hatchback,silver,13.0,22900.0
16900,chrysler,300,good,6 cylinders,gas,56978.0,clean,automatic,2C3CCAAG2GH206677,rwd,sedan,blue,5.0,34000.0
5500,nissan,murano,good,6 cylinders,gas,156700.0,clean,automatic,JN8AZ08W46W545034,4wd,SUV,black,15.0,32000.0
6800,honda,accordexl,good,6 cylinders,gas,100064.0,clean,automatic,1HGCM66517A058535,fwd,sedan,red,14.0,27280.0
4999,toyota,priushybrid,excellent,4 cylinders,hybrid,142154.0,clean,automatic,JTDKB20U777553022,fwd,hatchback,black,14.0,23900.0
6400,honda,crv,good,4 cylinders,gas,192569.0,clean,automatic,3CZRE48588G700463,4wd,SUV,blue,13.0,27000.0
47990,ford,superdutyf550drw,good,8 cylinders,diesel,39253.0,clean,automatic,1FDUF5HT8EEA80861,4wd,truck,white,7.0,58500.0
24900,dodge,grandcaravan,good,6 cylinders,gas,63378.0,clean,automatic,2C4RDGCGXGR321072,fwd,van,black,5.0,27795.0
83995,chevrolet,corvettezr1,like new,8 cylinders,gas,6150.0,clean,manual,1G1YN2DT6A5800089,rwd,coupe,red,11.0,112000.0
9988,ford,fusionse,good,4 cylinders,gas,119000.0,clean,automatic,3FA6P0H79FR237950,fwd,sedan,silver,6.0,23500.0
27000,chevrolet,corvette,excellent,8 cylinders,gas,58000.0,clean,automatic,1G1YY36U975123826,rwd,convertible,red,14.0,50000.0
16995,audi,a730tquattro,excellent,6 cylinders,gas,138206.0,clean,automatic,WAUSGAFC3CN005113,4wd,sedan,black,9.0,61000.0
25990,dodge,challengerrtclassic,good,8 cylinders,gas,37374.0,clean,other,2C3CDYBT2EH136869,rwd,coupe,white,7.0,28500.0
12995,ford,f350xltcrewcab4x4,excellent,8 cylinders,gas,290000.0,clean,manual,1FTWW31PX5EA62585,4wd,truck,red,16.0,38450.0
9995,honda,odyssey,excellent,6 cylinders,gas,160964.0,clean,automatic,5FNRL3H71AB043413,fwd,mini-van,blue,11.0,30600.0
3995,dodge,caliber,good,4 cylinders,gas,130101.0,clean,automatic,1B3HB28B97D569187,fwd,hatchback,white,14.0,17755.0
9995,ford,explorerlimnavpanaroof,excellent,6 cylinders,gas,170777.0,clean,automatic,1FM5K7F81EGA48879,fwd,SUV,black,7.0,37995.0
13900,ford,fusion,excellent,4 cylinders,gas,28273.0,clean,automatic,3FA6P0H71DR315800,fwd,sedan,red,8.0,22995.0
37990,ford,mustanggtcoupe2d,good,8 cylinders,gas,337.0,clean,other,1FA6P8CF8K5199377,rwd,coupe,black,2.0,38200.0
5900,acura,tl,excellent,6 cylinders,gas,115000.0,clean,automatic,19UUA66244A058379,fwd,sedan,blue,17.0,29225.0
15900,mazda,cx5,good,4 cylinders,gas,49391.0,clean,automatic,JM3KE2BY4G0628900,fwd,wagon,grey,5.0,24795.0
4900,buick,century,excellent,6 cylinders,gas,71000.0,clean,automatic,2G4WS52J231222874,fwd,sedan,silver,18.0,21500.0
7500,hyundai,tucson,good,4 cylinders,gas,108000.0,rebuilt,automatic,KM8JU3AG6EU826627,fwd,SUV,grey,7.0,23495.0
9995,acura,tsx,excellent,4 cylinders,gas,141166.0,clean,automatic,JH4CW2H61CC002423,fwd,wagon,black,9.0,35500.0
25990,mercedes-benz,eclasse550,good,8 cylinders,gas,42045.0,clean,automatic,WDDKJ7DB6DF216826,rwd,coupe,white,8.0,60500.0
26990,nissan,titansinglecabsv,good,8 cylinders,gas,41335.0,clean,other,1N6AA1R84HN570756,4wd,pickup,red,4.0,40860.0
29990,chevrolet,coloradoextendedcab,good,6 cylinders,gas,17302.0,clean,other,1GCHTCE37G1186784,4wd,pickup,red,5.0,37400.0
27990,infiniti,q5030tluxesedan4d,good,6 cylinders,gas,11902.0,clean,other,JN1EV7AP3KM514886,rwd,sedan,silver,2.0,45400.0
31000,ford,f150,good,6 cylinders,gas,95330.0,clean,automatic,1FTFW1ET8EFB61864,4wd,truck,black,7.0,38500.0
4000,toyota,camry,good,4 cylinders,gas,163191.0,rebuilt,automatic,4T4BF1FK2CR192610,fwd,sedan,black,9.0,22900.0
4750,ford,explorereddiebauer4x4,good,6 cylinders,gas,226444.0,clean,automatic,1FMEU74E18UA18998,4wd,SUV,red,14.0,36000.0
6950,kia,soul,excellent,4 cylinders,gas,122000.0,clean,manual,KNDJT2A50C7421536,fwd,sedan,silver,9.0,15500.0
16995,chevrolet,equinoxlt,excellent,4 cylinders,gas,19870.0,rebuilt,automatic,2GNAXSEV0J6335209,4wd,SUV,white,3.0,30500.0
29590,ford,expeditionxltsport,good,6 cylinders,gas,70760.0,clean,other,1FMJU1JT1HEA52352,4wd,SUV,blue,4.0,54575.0
15975,chevrolet,traxltsportutility,like new,4 cylinders,gas,21269.0,clean,automatic,KL7CJPSB4GB566479,4wd,SUV,black,5.0,22000.0
6499,chevrolet,impalass,like new,8 cylinders,gas,141336.0,clean,automatic,2G1WD57C491156760,fwd,sedan,silver,12.0,23900.0
10995,toyota,4runner,excellent,8 cylinders,gas,251800.0,clean,automatic,JTEBT14R630025192,4wd,SUV,silver,18.0,39000.0
32590,cadillac,cts36luxurysedan4d,good,6 cylinders,gas,21335.0,clean,other,1G6AR5SS8J0137892,rwd,sedan,black,3.0,45000.0
29990,chevrolet,coloradoextendedcab,good,6 cylinders,gas,17302.0,clean,other,1GCHTCE37G1186784,4wd,pickup,red,5.0,37400.0
9995,volkswagen,tiguansel,excellent,4 cylinders,gas,108371.0,clean,automatic,WVGBV7AX8CW569822,4wd,SUV,black,9.0,30400.0
36590,lexus,ls460sedan4d,good,8 cylinders,gas,43813.0,clean,other,JTHBL5EF7G5140522,rwd,sedan,white,5.0,73000.0
31990,toyota,tacomaaccesscabsr5,good,6 cylinders,gas,23401.0,clean,other,5TFSZ5AN3HX093881,4wd,pickup,white,4.0,35600.0
5400,fiat,500,excellent,4 cylinders,gas,88349.0,clean,automatic,3C3CFFARXCT310339,fwd,hatchback,green,9.0,16500.0
8995,dodge,nitrort40lsport4x4,excellent,6 cylinders,gas,96800.0,clean,automatic,1D8GU58X19W526182,4wd,SUV,silver,12.0,30600.0
2995,acura,mdxawd,excellent,6 cylinders,gas,1.0,clean,automatic,2HNYD18885H511346,4wd,SUV,white,16.0,44000.0
3000,chrysler,sebringconvertible,excellent,6 cylinders,gas,118806.0,clean,automatic,1C3EL55R14N268926,fwd,convertible,silver,17.0,22900.0
29990,toyota,tacomadoublecabpickup,good,6 cylinders,gas,43182.0,clean,other,3TMLU4EN4CM085701,4wd,pickup,white,9.0,30700.0
4000,subaru,baja,good,4 cylinders,gas,229824.0,clean,manual,4S4BT61C836106656,4wd,pickup,red,18.0,22800.0
7996,dodge,journey,good,6 cylinders,gas,131076.0,clean,automatic,3C4PDDBG7CT307340,4wd,wagon,white,9.0,29690.0
11495,honda,accord,good,4 cylinders,gas,107882.0,clean,other,1HGCR2E54DA212582,fwd,sedan,black,8.0,23000.0
33990,ram,1500crewcabtradesman,good,8 cylinders,gas,17033.0,clean,other,3C6RR7KT7HG794054,4wd,pickup,blue,4.0,41100.0
11450,jeep,libertysport4x4,excellent,6 cylinders,gas,59996.0,clean,automatic,1C4PJMAK2CW140670,4wd,SUV,silver,9.0,28610.0
16222,honda,crvlx,good,4 cylinders,gas,69587.0,clean,automatic,3CZRM3H39EG712497,fwd,other,blue,7.0,24000.0
4995,buick,lesabrelimited,excellent,6 cylinders,gas,122716.0,clean,automatic,1G4HR54K15U140720,fwd,sedan,white,16.0,28100.0
24590,chrysler,300touringlsedan4d,good,6 cylinders,gas,15557.0,clean,other,2C3CCAAG9KH637025,rwd,sedan,black,2.0,30200.0
14995,jeep,wrangler,good,6 cylinders,gas,122000.0,clean,automatic,1J4FA24139L733350,4wd,SUV,blue,12.0,25900.0
6999,cadillac,cts,excellent,6 cylinders,gas,126111.0,clean,automatic,1G6DP577060134354,rwd,sedan,white,15.0,36800.0
23990,chevrolet,silverado3500classic,good,8 cylinders,gas,32853.0,clean,automatic,1GBJC34U87E120320,rwd,truck,white,14.0,30500.0
3600,volkswagen,jettagl,good,5 cylinders,gas,113000.0,rebuilt,automatic,3VWPF71K96M660076,fwd,sedan,grey,15.0,19900.0
8000,toyota,4runnersr54wd,good,6 cylinders,gas,199000.0,clean,automatic,JTEBU14R178094604,4wd,SUV,blue,14.0,30000.0
5000,toyota,tundra,good,6 cylinders,gas,185000.0,clean,automatic,5TBJN321X1S130145,rwd,truck,grey,20.0,23000.0
8500,subaru,forester,excellent,4 cylinders,gas,118369.0,clean,automatic,JF2SH6BC0AH791808,4wd,SUV,black,11.0,23500.0
11330,honda,accordex,like new,4 cylinders,gas,93774.0,clean,automatic,1HGCP2F71CA228811,fwd,sedan,red,9.0,23955.0
33990,ford,mustanggtcoupe2d,good,8 cylinders,gas,9788.0,clean,other,1FA6P8CF7H5319470,rwd,coupe,black,4.0,41995.0
11995,jeep,grandcherokee,excellent,6 cylinders,gas,150289.0,clean,automatic,1J4RR6GG0BC684479,4wd,SUV,black,10.0,42995.0
21995,honda,hrvlxawd,excellent,4 cylinders,gas,13155.0,clean,automatic,3CZRU6H3XKM743661,4wd,SUV,silver,2.0,25000.0
23500,subaru,crosstrek,like new,4 cylinders,gas,32591.0,clean,automatic,JF2GTABC6JH239074,4wd,wagon,orange,3.0,24995.0
8500,kia,optimahybrid,excellent,4 cylinders,gas,91000.0,clean,automatic,KNAGM4AD8C5018942,fwd,sedan,silver,9.0,23700.0
6500,honda,pilot,excellent,6 cylinders,gas,207800.0,clean,automatic,5FNYF28716B029080,fwd,SUV,white,15.0,34350.0
6969,hyundai,accentgs,good,4 cylinders,gas,71989.0,clean,automatic,KMHCM3AC7AU172334,fwd,hatchback,silver,11.0,14500.0
38990,mercedes-benz,sclasss550,good,8 cylinders,other,59809.0,clean,other,WDDUG8CB9EA066420,rwd,sedan,black,7.0,98100.0
47995,chevrolet,silverado3500hdlt,good,8 cylinders,gas,14530.0,clean,automatic,1GB4KZCG3JF243197,rwd,pickup,white,3.0,57600.0
2500,ford,taurus,good,6 cylinders,gas,127400.0,salvage,automatic,1FAFP52203G182432,fwd,sedan,grey,18.0,18800.0
15600,honda,pilotexlawd,excellent,6 cylinders,gas,120000.0,clean,automatic,5FNYF4H62DB506583,4wd,SUV,white,8.0,39920.0
39990,ford,mustanggtcoupe2d,good,8 cylinders,gas,549.0,clean,other,1FA6P8CFXL5174241,rwd,coupe,blue,1.0,42500.0
8995,toyota,sienna,good,6 cylinders,gas,141117.0,clean,automatic,5TDZA23C14S081471,fwd,mini-van,grey,17.0,26600.0
29590,ford,expeditionxltsport,good,6 cylinders,gas,70760.0,clean,other,1FMJU1JT1HEA52352,4wd,SUV,blue,4.0,60000.0
7898,kia,fortelxsedan,like new,4 cylinders,gas,62327.0,clean,manual,3KPFK4A76HE066434,fwd,sedan,silver,4.0,16000.0
9495,nissan,altima,good,4 cylinders,gas,83823.0,clean,automatic,1N4AL3AP1FC233228,fwd,sedan,black,6.0,23800.0
8900,rover,sport,excellent,8 cylinders,gas,130000.0,clean,automatic,SALSK25408A129364,4wd,SUV,black,13.0,62000.0
7495,mercedes-benz,cclass,good,6 cylinders,gas,129000.0,clean,automatic,WDDGF8BB6AR090428,4wd,sedan,black,11.0,38800.0
13900,bmw,650i,excellent,4 cylinders,gas,119322.0,clean,automatic,WBAEA53589CV92540,fwd,coupe,blue,12.0,60000.0
17995,audi,a320tpremiumplus,excellent,4 cylinders,gas,79407.0,clean,automatic,WAUJ8GFF6G1048993,4wd,sedan,grey,5.0,38900.0
17995,jeep,grandcherokeelimited4wd,excellent,8 cylinders,gas,114188.0,clean,automatic,1C4RJFBT7DC545230,4wd,SUV,silver,8.0,46500.0
34590,chevrolet,silverado1500double,good,6 cylinders,gas,29499.0,clean,other,1GCVKREH6GZ228691,4wd,pickup,silver,5.0,40000.0
10900,toyota,prius,good,4 cylinders,hybrid,102912.0,clean,automatic,JTDKN3DU0F0443475,rwd,hatchback,grey,6.0,24300.0
34590,chevrolet,silverado1500double,good,6 cylinders,gas,29499.0,clean,other,1GCVKREH6GZ228691,4wd,pickup,silver,5.0,40000.0
43900,ford,f250superduty,excellent,8 cylinders,gas,24005.0,clean,automatic,1FT7X2B63HEE67869,4wd,truck,white,4.0,44000.0
9877,hyundai,sonata,excellent,4 cylinders,gas,97456.0,clean,automatic,5NPEC4AC3DH683026,fwd,sedan,white,8.0,25000.0
5495,honda,civic,new,4 cylinders,gas,157000.0,clean,automatic,2HGFA1F54AH315057,fwd,sedan,grey,11.0,18650.0
11999,acura,tlbase,good,6 cylinders,gas,94893.0,clean,automatic,19UUA8F20AA800204,fwd,sedan,grey,11.0,36700.0
9997,ford,mustang,excellent,8 cylinders,gas,82841.0,clean,automatic,1FAFP45X73F417920,rwd,convertible,yellow,18.0,28500.0
24950,ford,mustangsaleenconvertible,excellent,8 cylinders,gas,57205.0,clean,manual,1FAFP45X82F107418,rwd,convertible,red,19.0,26995.0
32990,gmc,sierra1500doublecabsle,good,6 cylinders,other,34725.0,clean,other,1GTV2MEH0HZ285750,4wd,pickup,white,4.0,41800.0
35990,ram,1500crewcabbighorn,good,8 cylinders,gas,21885.0,clean,other,1C6RR7LT8JS335046,4wd,pickup,white,3.0,40900.0
8995,cadillac,sts,good,8 cylinders,gas,101811.0,clean,automatic,1G6DZ67A190170862,rwd,sedan,silver,12.0,50500.0
37990,chevrolet,camarosscoupe2d,good,8 cylinders,gas,9704.0,clean,other,1G1FF1R79G0140582,rwd,coupe,red,5.0,38500.0
8999,subaru,outback,excellent,6 cylinders,gas,169634.0,clean,automatic,4S4BRDLC8B2316891,4wd,wagon,black,10.0,31995.0
49995,ford,f450sd,good,8 cylinders,diesel,119732.0,clean,automatic,1FT8W4DT8FEC43127,4wd,truck,red,6.0,70100.0
29990,toyota,tacomadoublecabpickup,good,6 cylinders,gas,43182.0,clean,other,3TMLU4EN4CM085701,4wd,pickup,white,9.0,31000.0
3500,honda,accord,fair,4 cylinders,gas,235000.0,clean,automatic,JHMCP268X8C036885,fwd,sedan,silver,13.0,28300.0
12000,nissan,nv200sv,excellent,4 cylinders,gas,78000.0,clean,automatic,3N6CM0KN4FK717462,fwd,van,white,6.0,20600.0
17950,jeep,grandcherokee4x4,excellent,6 cylinders,gas,99000.0,clean,automatic,1J4RR4GG6BC675807,4wd,SUV,brown,10.0,34800.0
15995,ford,edge,good,6 cylinders,gas,119976.0,clean,automatic,2FMPK4J84GBC13848,4wd,wagon,blue,5.0,34500.0
19995,ford,f150,excellent,8 cylinders,gas,110322.0,clean,automatic,1FTFX1EF8DFA70308,4wd,pickup,silver,8.0,41300.0
6999,honda,crv,excellent,4 cylinders,gas,170193.0,clean,automatic,SHSRD78845U344284,4wd,SUV,grey,16.0,24995.0
4995,volkswagen,routan,excellent,6 cylinders,gas,119000.0,clean,automatic,2V8HW34179R501674,fwd,van,silver,12.0,28700.0
11999,volkswagen,gti,excellent,4 cylinders,gas,112312.0,clean,automatic,3VWTT7AU0FM056702,fwd,hatchback,black,6.0,27000.0
31990,ford,superdutyf550drw,good,8 cylinders,diesel,59429.0,clean,automatic,1FDAW57P46ED02529,4wd,truck,red,15.0,55000.0
6250,nissan,altima25s,good,4 cylinders,gas,157000.0,clean,automatic,1N4AL3AP6DC141528,fwd,sedan,black,8.0,22000.0
21900,honda,pilot,excellent,6 cylinders,gas,62786.0,clean,automatic,5FNYF5H48GB022359,fwd,SUV,white,5.0,34800.0
48900,chevrolet,silverado2500hdltz,like new,8 cylinders,diesel,43034.0,rebuilt,automatic,1GC1KWEYXJF108821,4wd,truck,black,3.0,58200.0
32995,lincoln,continentalreserve,excellent,6 cylinders,gas,41083.0,clean,automatic,1LN6L9NCXH5600186,4wd,sedan,green,4.0,68000.0
6450,nissan,murano,excellent,6 cylinders,gas,168066.0,clean,automatic,JN8AZ18W09W114068,4wd,SUV,black,12.0,33500.0
22995,ford,focussthatchback,like new,4 cylinders,gas,10209.0,clean,manual,1FADP3L92JL313789,fwd,hatchback,white,3.0,24999.0
13895,buick,encore,excellent,4 cylinders,gas,98836.0,clean,automatic,KL4CJHSB6DB141036,4wd,SUV,black,8.0,30600.0
8990,hyundai,veloster,good,4 cylinders,gas,61828.0,clean,other,KMHTC6AD8CU023267,fwd,hatchback,orange,9.0,18500.0
45425,ford,f250sd,excellent,8 cylinders,diesel,89437.0,clean,automatic,1FT7W2BT6FEA39431,4wd,pickup,red,6.0,55400.0
11999,honda,fitexhatchback4d,like new,4 cylinders,gas,24573.0,clean,automatic,3HGGK5H86JM727661,fwd,hatchback,yellow,3.0,19990.0
31990,dodge,chargergtsedan4d,good,6 cylinders,other,10410.0,clean,other,2C3CDXHG7LH122869,rwd,sedan,white,1.0,34400.0
1500,jeep,wranglerunlimitedx,like new,6 cylinders,gas,116000.0,clean,manual,1J4GA391X8L577714,4wd,SUV,blue,13.0,28500.0
12995,ford,escapese,excellent,4 cylinders,gas,74919.0,clean,automatic,1FMCU0GX8EUA72113,fwd,SUV,white,7.0,24300.0
26590,acura,tlx35sedan4d,good,6 cylinders,gas,21619.0,clean,other,19UUB2F37JA008344,fwd,sedan,black,3.0,33500.0
6495,honda,crv,good,4 cylinders,gas,140930.0,clean,automatic,5J6RE38758L007719,fwd,SUV,blue,13.0,27200.0
16991,ford,escape,excellent,4 cylinders,gas,78287.0,clean,automatic,1FMCU9GD4HUA04454,4wd,SUV,grey,4.0,28400.0
5999,ford,mustang,good,8 cylinders,gas,95185.0,rebuilt,manual,1FAFP42X33F347322,rwd,coupe,grey,18.0,29300.0
19499,ford,fusiontitanium,excellent,4 cylinders,gas,46686.0,clean,automatic,3FA6P0D94HR222377,4wd,sedan,grey,4.0,35300.0
31900,porsche,cayenne,good,6 cylinders,hybrid,61943.0,clean,automatic,WP1AE2A28FLA50183,4wd,wagon,brown,6.0,87000.0
27590,jeep,grandcherokeelaredosport,good,6 cylinders,gas,25276.0,clean,other,1C4RJFAG0JC170314,4wd,other,black,3.0,34500.0
17850,chevrolet,cruzepremier,excellent,4 cylinders,gas,19146.0,clean,automatic,3G1BF6SM7JS628795,fwd,sedan,grey,3.0,22500.0
16900,toyota,corolla,excellent,4 cylinders,gas,34788.0,clean,automatic,2T1BURHE7JC045350,fwd,sedan,silver,3.0,18500.0
15999,acura,rdx,excellent,6 cylinders,gas,93400.0,clean,automatic,5J8TB4H57DL010903,4wd,SUV,silver,8.0,35990.0
10999,gmc,yukonxlslt,excellent,8 cylinders,gas,187000.0,clean,automatic,1GKS2KE3XBR223232,4wd,SUV,white,10.0,57700.0
37990,chevrolet,camarosscoupe2d,good,8 cylinders,gas,9704.0,clean,other,1G1FF1R79G0140582,rwd,coupe,red,5.0,38500.0
9850,chevrolet,cruze,good,4 cylinders,gas,60965.0,clean,automatic,1G1PE5SB8E7391160,fwd,sedan,blue,7.0,22500.0
10488,hyundai,elantralimited,excellent,4 cylinders,gas,72000.0,clean,automatic,5NPDH4AE1DH245815,fwd,sedan,white,8.0,18850.0
33990,ford,superdutyf550drw,good,8 cylinders,diesel,136250.0,clean,automatic,1FDUF5HT3EEB73528,4wd,truck,white,7.0,61100.0
10450,hyundai,santafesportawd,excellent,4 cylinders,gas,129220.0,clean,automatic,5XYZTDLBXDG050259,4wd,SUV,grey,8.0,31400.0
36995,ford,f150,excellent,8 cylinders,gas,440.0,clean,automatic,1FTMF1C50LKF22990,rwd,pickup,black,1.0,38420.0
11000,cadillac,cts,excellent,6 cylinders,gas,86079.0,clean,automatic,1G6DS5E37D0141796,4wd,sedan,red,8.0,64000.0
23900,lexus,is250,excellent,6 cylinders,gas,80654.0,clean,automatic,JTHBF1D25E5008564,rwd,sedan,white,7.0,35500.0
37990,toyota,tundradoublecabsr,good,8 cylinders,gas,22870.0,clean,other,5TFUM5F13GX069124,4wd,pickup,black,5.0,49600.0
3999,chevrolet,cobalt,good,4 cylinders,gas,157895.0,clean,automatic,1G1AT58H697137685,fwd,sedan,red,12.0,17000.0
41990,lincoln,continentalreserve,good,6 cylinders,gas,9345.0,clean,other,1LN6L9RP8K5604130,fwd,sedan,blue,2.0,64000.0
14777,kia,soul,excellent,4 cylinders,gas,58470.0,clean,automatic,KNDJP3A57J7558707,fwd,SUV,blue,3.0,22000.0
19995,subaru,imprezasedanwrx,excellent,4 cylinders,gas,94665.0,clean,other,JF1GV7E60DG033721,4wd,sedan,white,8.0,29995.0
6995,buick,regal,good,4 cylinders,gas,143923.0,clean,automatic,2G4GN5EX3F9253486,fwd,sedan,blue,6.0,32200.0
38590,chevrolet,corvettegrandsport,good,8 cylinders,gas,32086.0,clean,automatic,1G1YW3DW4C5101754,rwd,convertible,white,9.0,60100.0
43900,ford,f350lariat4x4diesel,excellent,8 cylinders,diesel,154244.0,clean,automatic,1FT8W3DT5FEA07061,4wd,pickup,black,6.0,58800.0
5900,chevrolet,equinoxlt,good,6 cylinders,gas,150900.0,clean,automatic,2CNFLDEY1A6265330,fwd,SUV,grey,11.0,26500.0
7000,chevrolet,silverado,excellent,8 cylinders,gas,169000.0,clean,automatic,3GCEC14V27G168026,rwd,pickup,white,14.0,25495.0
10000,chevrolet,cruzelimited,excellent,4 cylinders,gas,99728.0,clean,automatic,1G1PE5SB1G7111243,fwd,sedan,white,5.0,19900.0
9900,ford,f150,good,8 cylinders,gas,212006.0,clean,automatic,1FTFX1EF0BKD97502,4wd,pickup,white,10.0,39800.0
14700,honda,crvexl,excellent,4 cylinders,gas,70672.0,salvage,automatic,2HKRM4H77FH677160,4wd,SUV,brown,6.0,30700.0
8000,ford,expedition,good,8 cylinders,gas,147538.0,clean,automatic,1FMFU18536LA35705,4wd,SUV,white,15.0,45505.0
27995,jeep,renegadedeserthawksport,like new,4 cylinders,gas,27679.0,clean,automatic,ZACCJBCB1HPE76492,4wd,offroad,white,4.0,30200.0
29990,toyota,tacomadoublecabpickup,good,6 cylinders,gas,43182.0,clean,other,3TMLU4EN4CM085701,4wd,pickup,white,9.0,30000.0
22250,nissan,leafsvplushatchback4d,excellent,other,electric,16450.0,clean,automatic,1N4BZ1CP6KC313090,fwd,hatchback,white,2.0,29900.0
13999,honda,pilot,good,6 cylinders,gas,157096.0,clean,automatic,5FNYF4H60DB501396,4wd,SUV,white,8.0,39500.0
16500,jeep,wranglerunlimited,excellent,6 cylinders,gas,82170.0,clean,manual,1J4GA39138L599151,4wd,SUV,red,13.0,29200.0
36990,gmc,sierra2500hddoublecab,good,8 cylinders,gas,23190.0,clean,other,1GT22REG1GZ401351,4wd,pickup,black,5.0,40785.0
32995,infiniti,qx60,excellent,6 cylinders,gas,27306.0,clean,automatic,5N1DL0MM7LC509894,4wd,SUV,grey,1.0,45900.0
17990,lincoln,mkzsedan4d,good,6 cylinders,gas,41750.0,clean,automatic,3LN6L2GK7DR810957,fwd,sedan,white,8.0,35590.0
14999,ram,1500tradesman,good,8 cylinders,gas,169882.0,clean,automatic,1C6RR6FT4ES100459,rwd,pickup,white,7.0,29500.0
36990,gmc,sierra2500hddoublecab,good,8 cylinders,gas,23190.0,clean,other,1GT22REG1GZ401351,4wd,pickup,black,5.0,48900.0
49990,ford,superdutyf550drw,good,8 cylinders,diesel,152701.0,clean,automatic,1FD0X5HT6FEC65813,4wd,truck,white,6.0,60500.0
7999,honda,civic,good,4 cylinders,gas,104517.0,clean,automatic,2HGFA1F61AH532302,fwd,sedan,red,11.0,19720.0
2999,ford,focusse,like new,4 cylinders,gas,227000.0,clean,automatic,1FAHP35N19W258919,fwd,sedan,black,12.0,15800.0
6800,toyota,tundra,excellent,8 cylinders,gas,192921.0,clean,automatic,5TBRT34181S177812,rwd,pickup,silver,20.0,28500.0
29488,chevrolet,silverado15004wd,good,8 cylinders,other,24469.0,clean,automatic,3GCPKPEA9DG328229,4wd,pickup,white,8.0,34000.0
15999,gmc,sierradenali,excellent,8 cylinders,gas,263700.0,clean,automatic,3GTP2XE22BG166997,4wd,truck,grey,10.0,50800.0
6800,bmw,528i,good,6 cylinders,gas,109412.0,clean,automatic,WBANU5C53AC365154,rwd,sedan,black,11.0,46300.0
11400,toyota,tundra,excellent,6 cylinders,gas,188983.0,clean,automatic,5TFRU54168X013074,rwd,truck,blue,13.0,29200.0
45300,ram,3500bighorn,excellent,6 cylinders,diesel,34125.0,rebuilt,automatic,3C63R3LL4JG236634,4wd,truck,black,3.0,59450.0
27590,lincoln,mkxreservesport,good,6 cylinders,gas,48039.0,clean,other,2LMPJ6LR9JBL12696,fwd,other,white,3.0,47780.0
17895,ford,superdutyf250,excellent,8 cylinders,diesel,209405.0,clean,automatic,1FTSW21P76EB75890,4wd,truck,white,15.0,38500.0
34395,ford,f150,excellent,8 cylinders,gas,15174.0,clean,automatic,1FTMF1C55KKE18879,rwd,pickup,white,2.0,40730.0
39995,ram,5500tradesman,good,6 cylinders,diesel,91687.0,clean,automatic,3C7WRNAL8FG626988,rwd,pickup,white,6.0,67500.0
32445,chevrolet,silverado1500lt,good,8 cylinders,other,99592.0,clean,automatic,3GCUKREC1EG480684,4wd,pickup,white,7.0,38500.0
41990,ford,mustanggtcoupe2d,good,8 cylinders,gas,561.0,clean,other,1FA6P8CFXL5169606,rwd,coupe,white,1.0,42500.0
6900,honda,odysseyexlwdvd,excellent,6 cylinders,gas,143000.0,clean,automatic,5FNRL38707B409581,fwd,mini-van,silver,14.0,32300.0
26590,hyundai,genesis38sedan4d,good,6 cylinders,gas,17620.0,clean,other,KMHGN4JE9FU050863,rwd,sedan,silver,6.0,38500.0
6599,chrysler,200,excellent,4 cylinders,gas,107000.0,clean,automatic,1C3BC1FB1BN603273,fwd,sedan,blue,10.0,19995.0
33495,jeep,wranglerjk,good,6 cylinders,gas,80448.0,clean,automatic,1C4BJWEG8JL844463,4wd,SUV,black,3.0,38500.0
23995,subaru,outback,excellent,4 cylinders,gas,32270.0,clean,automatic,4S4BSAFC4K3340758,4wd,SUV,red,2.0,30500.0
36995,chevrolet,silverado1500ltz71,like new,8 cylinders,gas,47695.0,clean,automatic,3GCUKREC7GG362545,4wd,truck,red,5.0,38500.0
6995,subaru,outback,excellent,4 cylinders,gas,112720.0,clean,automatic,4S4BP60C197341473,4wd,wagon,green,12.0,22995.0
9995,dodge,magnumsxt,excellent,6 cylinders,gas,91611.0,clean,automatic,2D4GZ37V48H171948,4wd,wagon,grey,13.0,32000.0
15995,chevrolet,equinoxlt,excellent,6 cylinders,gas,38300.0,clean,automatic,2GNFLGE39E6103565,4wd,SUV,blue,7.0,30935.0
3000,honda,accordse,good,6 cylinders,gas,192455.0,clean,automatic,1HGCM66834A039412,fwd,sedan,red,17.0,25300.0
6495,chevrolet,sparklt,excellent,4 cylinders,gas,78353.0,clean,automatic,KL8CD6S90EC444655,fwd,sedan,black,7.0,13410.0
5440,buick,terrazacxl,excellent,6 cylinders,gas,108234.0,clean,automatic,5GADX33L16D102737,4wd,mini-van,silver,15.0,34800.0
31995,ford,f350dieselpowerstroke4x4,like new,8 cylinders,diesel,138238.0,clean,automatic,1FT8W3BT3EEA78812,4wd,truck,white,7.0,60500.0
16900,toyota,corolla,excellent,4 cylinders,gas,34788.0,clean,automatic,2T1BURHE7JC045350,fwd,sedan,silver,3.0,18400.0
22500,jeep,grandcherokeelimited4x4,excellent,6 cylinders,gas,97000.0,clean,automatic,1C4RJFBG1FC776131,4wd,SUV,grey,6.0,40000.0
36990,gmc,sierra2500hddoublecab,good,8 cylinders,gas,23190.0,clean,other,1GT22REG1GZ401351,4wd,pickup,black,5.0,41900.0
27500,subaru,wrxsti,excellent,4 cylinders,gas,48199.0,clean,manual,JF1VA2W6XF9805461,4wd,sedan,blue,6.0,30000.0
13949,honda,accordsdnlx,good,4 cylinders,gas,100171.0,clean,automatic,1HGCR2F32DA063392,fwd,sedan,white,8.0,22795.0
9995,chrysler,200,good,4 cylinders,gas,62582.0,clean,automatic,1C3CCCAB4FN715062,fwd,sedan,black,6.0,23200.0
15997,porsche,boxster,excellent,6 cylinders,gas,72173.0,clean,automatic,WP0CB29894U660614,rwd,convertible,black,17.0,54900.0
14995,chevrolet,malibult,excellent,4 cylinders,gas,44980.0,clean,automatic,1G11C5SL0EF221854,fwd,sedan,silver,7.0,23000.0
11995,acura,mdxawdtechpkgnav1owner,excellent,6 cylinders,gas,146261.0,clean,automatic,2HNYD2H69BH506348,4wd,SUV,white,10.0,45515.0
7495,hyundai,elantra,good,4 cylinders,gas,140000.0,clean,automatic,5NPDH4AE9EH529758,fwd,sedan,blue,7.0,19700.0
9500,dodge,dakota,excellent,6 cylinders,gas,93469.0,clean,automatic,1D7HE38K39S818017,rwd,pickup,white,12.0,22300.0
2950,ford,focuslx,good,4 cylinders,gas,144000.0,clean,automatic,1FAFP33P14W104084,fwd,sedan,brown,17.0,14695.0
15995,ford,escape,good,4 cylinders,gas,67358.0,clean,automatic,1FMCU0JX1EUE05129,fwd,SUV,black,7.0,30710.0
27990,lincoln,mkxreservesport,good,6 cylinders,gas,23857.0,clean,other,2LMTJ6LR2GBL45983,fwd,other,white,5.0,54000.0
7500,chevrolet,traverse,good,6 cylinders,gas,142000.0,clean,automatic,1GNLVFED2AS146894,4wd,SUV,custom,11.0,36000.0
35590,lincoln,navigatorlselectsport,good,6 cylinders,gas,76216.0,clean,automatic,5LMJJ3JT0HEL13925,4wd,SUV,white,4.0,74900.0
29990,chevrolet,coloradocrewcabwork,good,6 cylinders,gas,11401.0,clean,other,1GCGTBEN7J1162712,4wd,pickup,red,3.0,33800.0
5995,ford,f150,good,8 cylinders,gas,211178.0,clean,automatic,1FTPW12535KE37059,rwd,pickup,white,16.0,24800.0
37998,chevrolet,silverado1500lt4x4,like new,8 cylinders,gas,37048.0,clean,automatic,1GCVKREC8HZ205497,4wd,truck,red,4.0,39900.0
20974,nissan,leafshatchback4d,like new,other,electric,33585.0,clean,automatic,1N4AZ1CP7JC316896,fwd,hatchback,grey,3.0,29990.0
6999,mazda,mazda3,good,4 cylinders,gas,65000.0,clean,automatic,JM1BL1UP3D1825155,fwd,sedan,black,8.0,18495.0
13000,bmw,x5xdrive35isportactivity,excellent,6 cylinders,gas,93236.0,clean,automatic,5UXZV4C56BL401608,4wd,SUV,blue,10.0,52500.0
25990,chevrolet,camaroltcoupe2d,good,6 cylinders,gas,21938.0,clean,other,1G1FB1RS0L0113491,rwd,coupe,green,1.0,27000.0
4300,ford,explorer,excellent,6 cylinders,gas,125050.0,clean,automatic,1FMZU73E15UB23006,4wd,SUV,grey,16.0,30700.0
25590,ford,mustangv6convertible2d,good,6 cylinders,gas,11325.0,clean,other,1FATP8EM6H5342611,rwd,convertible,red,4.0,28990.0
3675,jaguar,xj8l,excellent,8 cylinders,gas,135135.0,clean,automatic,SAJDA23C41LF22814,rwd,sedan,red,20.0,60000.0
13999,gmc,yukon,good,8 cylinders,gas,145855.0,clean,automatic,1GKS1CE03CR145862,rwd,SUV,white,9.0,49000.0
26900,dodge,grandcaravan,like new,6 cylinders,gas,59108.0,clean,automatic,2C4RDGBG5KR698970,fwd,mini-van,white,2.0,28795.0
5500,ford,focus,good,4 cylinders,gas,155920.0,clean,automatic,1FAHP3N28CL101788,fwd,hatchback,white,9.0,24100.0
26499,ford,f150xlt4x4,excellent,8 cylinders,gas,99277.0,clean,automatic,1FTEW1EF2FFA16486,4wd,truck,black,6.0,40500.0
39700,ford,f150xlt4x4,like new,6 cylinders,gas,31220.0,clean,automatic,1FTEW1EP5HFA09219,4wd,pickup,red,4.0,42500.0
4900,honda,accord,excellent,4 cylinders,gas,220209.0,clean,automatic,JHMCM56397C002868,fwd,sedan,silver,14.0,24345.0
5490,toyota,camrysolara,excellent,6 cylinders,gas,193000.0,clean,automatic,4T1CA38P76U100008,fwd,sedan,red,15.0,26500.0
37990,jeep,wranglerunlimitedsport,good,6 cylinders,gas,21020.0,clean,other,1C4HJXDG8KW551602,4wd,other,black,2.0,38500.0
21590,buick,lacrosseessencesedan4d,good,6 cylinders,gas,71405.0,clean,other,1G4ZP5SS2JU133346,fwd,sedan,white,3.0,38500.0
19999,ford,f150kingranch4x4,excellent,8 cylinders,gas,139270.0,clean,automatic,1FTFW1EV0AKB23130,4wd,truck,white,11.0,42000.0
15950,ford,f150supercabxl,like new,8 cylinders,gas,57000.0,clean,automatic,1FTRX12849KB76076,rwd,pickup,white,12.0,24500.0
27990,gmc,sierra2500hdextendedcab,good,8 cylinders,gas,68696.0,clean,other,1GT220CG8CZ231238,4wd,pickup,black,9.0,44000.0
37590,chevrolet,corvettegrandsport,good,8 cylinders,gas,42017.0,clean,other,1G1YW2DW4B5109555,rwd,coupe,red,10.0,57300.0
38590,ram,1500crewcabbighorn,good,6 cylinders,gas,28556.0,clean,other,1C6RRFFGXKN695394,4wd,pickup,white,2.0,39600.0
8900,ford,fusionse,excellent,4 cylinders,gas,102111.0,clean,automatic,3FA6P0H93GR331356,fwd,sedan,black,5.0,24000.0
22599,ford,explorer,good,6 cylinders,gas,74619.0,clean,automatic,1FM5K7D88JGC56495,fwd,SUV,custom,3.0,35705.0
35900,gmc,sierra2500hd,excellent,8 cylinders,diesel,163000.0,clean,automatic,1GT121E80CF143079,4wd,truck,red,9.0,57000.0
7495,honda,fit,like new,4 cylinders,gas,97000.0,rebuilt,manual,3HGGK5G59HM700505,fwd,hatchback,silver,4.0,19500.0
35590,dodge,challengersrt8coupe2d,good,8 cylinders,gas,16796.0,clean,other,2B3CJ7DJ7BH589702,rwd,coupe,green,10.0,43800.0
38895,ram,2500tradesman4x4,like new,8 cylinders,gas,50711.0,clean,automatic,3C6UR5HJ7JG416665,4wd,truck,white,3.0,44000.0
7995,dodge,dart,excellent,4 cylinders,gas,119225.0,clean,automatic,1C3CDFBA5DD103749,fwd,other,white,8.0,19695.0
26995,chevrolet,silverado1500ltlt2,good,8 cylinders,gas,129495.0,clean,automatic,3GCUKREC0FG308616,4wd,pickup,white,6.0,38500.0
5900,chrysler,300,excellent,8 cylinders,gas,164223.0,clean,automatic,2C3KA63H56H523498,rwd,sedan,silver,15.0,38800.0
25999,subaru,wrx,excellent,4 cylinders,gas,105055.0,clean,manual,JF1VA1L60G9811754,4wd,sedan,blue,5.0,31995.0
13595,toyota,camry,good,4 cylinders,gas,104016.0,clean,automatic,4T1BF1FK0GU562176,fwd,sedan,grey,5.0,23400.0
12995,ford,escapetitanium,excellent,4 cylinders,gas,77200.0,clean,automatic,1FMCU9JX9EUD76340,4wd,SUV,white,7.0,32500.0
14900,subaru,crosstrek,excellent,4 cylinders,gas,30000.0,rebuilt,automatic,JF2GTAAC0K8282733,4wd,wagon,silver,2.0,22395.0
30995,chevrolet,silverado1500,excellent,8 cylinders,gas,57567.0,clean,automatic,3GCPKTE74DG302411,4wd,truck,black,8.0,39500.0
9999,ford,excursion,excellent,8 cylinders,gas,139263.0,clean,automatic,1FMNU42L21EC12696,rwd,SUV,green,20.0,38500.0
9900,chrysler,200,excellent,4 cylinders,gas,0.0,clean,automatic,1C3CCCAB2FN625036,fwd,sedan,grey,6.0,23900.0
9495,ford,escapeselawd,excellent,4 cylinders,gas,145000.0,clean,automatic,1FMCU9H92DUA81392,4wd,SUV,grey,8.0,28995.0
41990,lexus,is350fsportsedan4d,good,6 cylinders,gas,8104.0,clean,other,JTHGZ1B23L5035873,rwd,sedan,white,1.0,42000.0
24995,chevrolet,corvette,good,8 cylinders,gas,63800.0,clean,automatic,1G1YY34U155134870,rwd,convertible,yellow,16.0,50000.0
13498,toyota,tacoma,good,6 cylinders,gas,134847.0,clean,automatic,3TMJU62N27M044707,rwd,truck,white,14.0,24850.0
2650,honda,odysseyexl,good,6 cylinders,gas,189900.0,clean,automatic,5FNRL38796B005757,fwd,mini-van,blue,15.0,35000.0
6900,ford,f150,fair,8 cylinders,gas,111000.0,clean,automatic,1FTRW08LX3KA74264,4wd,truck,white,18.0,35490.0
31495,chevrolet,silverado1500lt4x4,like new,8 cylinders,gas,86766.0,clean,automatic,1GCVKREC0EZ244483,4wd,truck,white,7.0,38500.0
14890,chevrolet,express2500cargovan,excellent,8 cylinders,gas,167675.0,clean,automatic,1GCWGFCF1F1276490,rwd,van,white,6.0,29325.0
10965,ford,fusion,excellent,4 cylinders,gas,156925.0,clean,automatic,1FA6P0HD1G5112354,fwd,sedan,silver,5.0,22770.0
17995,chevrolet,suburban1500ls4wdv,excellent,8 cylinders,gas,142279.0,clean,automatic,1GNSKHE7XCR264227,4wd,SUV,white,9.0,43750.0
24695,chevrolet,silverado1500,excellent,8 cylinders,gas,80700.0,clean,automatic,1GCRCREC5EZ413685,rwd,truck,custom,7.0,35000.0
8950,subaru,xvcrosstrekpremium4wd,excellent,4 cylinders,gas,159672.0,clean,automatic,JF2GPACCXE8250040,4wd,SUV,black,7.0,22800.0
8997,ford,explorersporttrac,excellent,5 cylinders,gas,153898.0,clean,automatic,1FMEU31K27UA32796,rwd,SUV,silver,14.0,29000.0
10991,subaru,forester,excellent,4 cylinders,gas,65000.0,clean,automatic,JF2SHABCXCH412397,4wd,sedan,blue,9.0,25800.0
29990,toyota,fjcruisersportutility,good,6 cylinders,gas,103360.0,clean,other,JTEBU4BF3CK145026,4wd,other,white,9.0,30130.0
13995,hyundai,sonata24l,excellent,4 cylinders,gas,71747.0,clean,automatic,5NPE24AF5HH484658,fwd,sedan,blue,4.0,23300.0
64995,chevrolet,silverado2500hdduramax,like new,8 cylinders,diesel,69496.0,clean,automatic,1GC1KWE80GF159835,4wd,truck,red,5.0,68000.0
15890,dodge,charger,excellent,6 cylinders,gas,73242.0,clean,automatic,2C3CDXBG9FH794932,rwd,sedan,grey,6.0,27000.0
4500,honda,accordlx,good,4 cylinders,gas,147000.0,clean,automatic,1HGCM56363A128033,fwd,sedan,black,18.0,19400.0
34990,ram,1500quadcabbighorn,good,6 cylinders,other,22064.0,clean,other,1C6RR7GG0JS247282,4wd,pickup,silver,3.0,40195.0
3500,honda,civic,good,4 cylinders,gas,130250.0,clean,manual,1HGEM21595L031299,fwd,coupe,red,16.0,19000.0
11299,honda,civicsedan,excellent,4 cylinders,gas,107428.0,clean,automatic,19XFB2F53FE084835,fwd,sedan,grey,6.0,19700.0
8999,ford,focus,excellent,4 cylinders,gas,84580.0,clean,automatic,1FADP3F29FL252592,fwd,sedan,red,6.0,19600.0
5995,hyundai,santafegls,good,6 cylinders,gas,106844.0,clean,automatic,KM8SC73D36U090300,4wd,SUV,silver,15.0,24000.0
14977,kia,sorentoex,excellent,4 cylinders,gas,110197.0,clean,automatic,5XYPH4A17GG027531,fwd,SUV,black,5.0,32800.0
14995,chevrolet,tahoepolice,excellent,8 cylinders,gas,142600.0,clean,automatic,1GNLC2E07ER181942,rwd,SUV,black,7.0,49000.0
19450,ram,1500,excellent,8 cylinders,gas,108182.0,clean,automatic,3C6JR6AT5DG500721,rwd,truck,white,8.0,26905.0
29990,chevrolet,silverado1500double,good,8 cylinders,gas,26129.0,clean,other,1GCVKREC7EZ196951,4wd,pickup,brown,7.0,38500.0
21700,jeep,wranglerrubicon,excellent,6 cylinders,gas,128481.0,clean,manual,1J4GA69188L520381,4wd,SUV,blue,13.0,31900.0
8495,hyundai,sonata,good,4 cylinders,gas,124000.0,clean,automatic,5NPE34AF6FH153419,fwd,sedan,brown,6.0,23000.0
37990,toyota,tundradoublecabsr,good,8 cylinders,gas,22870.0,clean,other,5TFUM5F13GX069124,4wd,pickup,black,5.0,42700.0
29590,ford,expeditionxltsport,good,6 cylinders,gas,70760.0,clean,other,1FMJU1JT1HEA52352,4wd,SUV,blue,4.0,58610.0
28500,gmc,yukonxl,excellent,8 cylinders,gas,110000.0,clean,automatic,1GKS1HKC4FR222593,rwd,SUV,red,6.0,57700.0
14950,ford,explorer,excellent,6 cylinders,gas,117764.0,clean,automatic,1FM5K8D84DGC71103,4wd,SUV,blue,8.0,38800.0
5400,infiniti,qx56sportutility,excellent,8 cylinders,gas,181000.0,clean,automatic,5N3AA08C35N807139,4wd,SUV,grey,16.0,56400.0
34590,chevrolet,silverado1500double,good,6 cylinders,gas,29499.0,clean,other,1GCVKREH6GZ228691,4wd,pickup,silver,5.0,38300.0
29990,chevrolet,silverado1500double,good,8 cylinders,gas,26129.0,clean,other,1GCVKREC7EZ196951,4wd,pickup,brown,7.0,38400.0
11515,hyundai,veloster,excellent,4 cylinders,gas,81171.0,clean,automatic,KMHTC6AD2FU239667,fwd,coupe,black,6.0,19500.0
28995,ford,superdutyf250srw,excellent,8 cylinders,diesel,186985.0,clean,automatic,1FT7W2BT8FEA73855,4wd,truck,red,6.0,64700.0
9902,ford,f1504x4xlt,excellent,8 cylinders,gas,210925.0,clean,automatic,2FTRX18L72CA74583,4wd,truck,white,19.0,32500.0
29990,chevrolet,coloradoextendedcab,good,6 cylinders,gas,17302.0,clean,other,1GCHTCE37G1186784,4wd,pickup,red,5.0,34500.0
24995,volkswagen,golfr,like new,4 cylinders,gas,106023.0,clean,automatic,WVWLF7AU4GW157091,4wd,hatchback,blue,5.0,35900.0
9995,chevrolet,cruzels,excellent,4 cylinders,gas,98496.0,clean,automatic,1G1BC5SM5H7143969,fwd,sedan,red,4.0,19000.0
5995,toyota,siennale,good,6 cylinders,gas,145689.0,clean,automatic,5TDZK23C27S054118,fwd,mini-van,grey,14.0,28800.0
9495,buick,encore,good,4 cylinders,gas,127922.0,clean,automatic,KL4CJBSB1EB520329,fwd,hatchback,grey,7.0,26100.0
8977,chevrolet,impala,excellent,6 cylinders,gas,86900.0,clean,automatic,2G1WB5E35E1111698,fwd,sedan,silver,7.0,27680.0
14900,subaru,crosstrek,excellent,4 cylinders,gas,30000.0,rebuilt,automatic,JF2GTAAC0K8282733,4wd,wagon,silver,2.0,22800.0
42645,chevrolet,silverado2500hd,excellent,8 cylinders,gas,35235.0,clean,automatic,1GC0KVEG3HZ225968,4wd,truck,white,4.0,54900.0
15995,chevrolet,camaro,excellent,6 cylinders,gas,128616.0,clean,automatic,2G1FB1E33E9190055,fwd,coupe,red,6.0,30390.0
36990,gmc,sierra2500hddoublecab,good,8 cylinders,gas,23190.0,clean,other,1GT22REG1GZ401351,4wd,pickup,black,5.0,40000.0
10995,gmc,acadiaslt,excellent,6 cylinders,gas,131602.0,clean,automatic,1GKKVRKD8EJ222239,4wd,SUV,red,7.0,40100.0
19995,honda,accordsedanlx,excellent,4 cylinders,gas,31327.0,clean,automatic,1HGCR2F34HA177108,fwd,sedan,brown,4.0,23500.0
7990,mercedes-benz,eclass,excellent,6 cylinders,gas,134610.0,clean,automatic,WDBUH87X27X221840,4wd,wagon,blue,14.0,51700.0
31990,toyota,tacomaaccesscabsr5,good,6 cylinders,gas,23401.0,clean,other,5TFSZ5AN3HX093881,4wd,pickup,white,4.0,38400.0
12475,chevrolet,malibulimited,excellent,4 cylinders,gas,23010.0,clean,automatic,1G11B5SA8GU103728,fwd,sedan,grey,5.0,21900.0
11000,kia,optima,excellent,4 cylinders,gas,90280.0,clean,automatic,KNAGM4A72E5495900,fwd,sedan,silver,7.0,22100.0
13495,chevrolet,silverado1500,excellent,8 cylinders,gas,181167.0,clean,automatic,1GCPKSE78CF180355,4wd,truck,silver,9.0,39800.0
8800,chevrolet,suburbanltz4x4,excellent,8 cylinders,gas,211293.0,clean,automatic,3GNFK16Y17G285344,4wd,SUV,black,14.0,48550.0
13515,volkswagen,jetta,excellent,4 cylinders,gas,71862.0,clean,automatic,3VWD17AJ0FM352366,rwd,sedan,black,6.0,21500.0
19995,subaru,imprezasedanwrx,excellent,4 cylinders,gas,94665.0,clean,other,JF1GV7E60DG033721,4wd,sedan,white,8.0,30000.0
20700,ford,transitcargovan,excellent,6 cylinders,gas,146162.0,clean,automatic,1FTNE1YG4FKB00386,rwd,van,white,6.0,32000.0
29995,chevrolet,silverado1500ltz,excellent,8 cylinders,gas,122278.0,clean,automatic,3GCUKSEC4JG218949,4wd,pickup,blue,3.0,48500.0
15497,chevrolet,equinoxltawd,excellent,4 cylinders,gas,54909.0,clean,automatic,2GNFLFEK0H6126092,4wd,SUV,blue,4.0,27800.0
13900,toyota,corolla,excellent,4 cylinders,gas,0.0,clean,automatic,5YFBURHE2FP248086,fwd,sedan,white,6.0,18300.0
25990,dodge,grandcaravanpassengerse,good,6 cylinders,gas,28.0,clean,other,2C4RDGBG7KR782806,fwd,van,black,2.0,27695.0
32990,dodge,challengerrtcoupe2d,good,8 cylinders,gas,2676.0,clean,other,2C3CDZBT6KH724310,rwd,coupe,white,2.0,33990.0
40990,ford,mustanggtcoupe2d,good,8 cylinders,gas,39.0,clean,other,1FA6P8CFXL5190309,rwd,coupe,black,1.0,42900.0
15790,chrysler,200,good,4 cylinders,gas,33864.0,clean,automatic,1C3CCCAB7GN168435,rwd,sedan,custom,5.0,23000.0
18995,jeep,wrangler,excellent,6 cylinders,gas,48000.0,clean,automatic,1J4AA2D13AL165244,4wd,SUV,green,11.0,25745.0
18983,mazda,cx3sportawd,excellent,4 cylinders,gas,16974.0,clean,automatic,JM1DKFB72J1310316,4wd,wagon,grey,3.0,24000.0
4800,dodge,caliber,excellent,4 cylinders,gas,143000.0,clean,automatic,1B3HB48A19D172255,fwd,hatchback,brown,12.0,18600.0
34990,gmc,canyoncrewcabslepickup,good,6 cylinders,gas,34425.0,clean,other,1GTG6CE36G1115577,4wd,pickup,red,5.0,35900.0
28995,infiniti,qx60,good,6 cylinders,gas,38312.0,clean,automatic,5N1DL0MM5HC529553,4wd,SUV,green,4.0,43100.0
5998,ford,fiestase,like new,4 cylinders,gas,89687.0,clean,automatic,3FADP4BJXEM202297,fwd,sedan,blue,7.0,16900.0
35900,ford,f150lariat,excellent,8 cylinders,gas,92245.0,clean,automatic,1FTEW1EF1FKD15183,4wd,truck,red,6.0,42000.0
39590,ford,mustanggtpremiumcoupe2d,good,8 cylinders,gas,1419.0,clean,other,1FA6P8CF5L5136223,rwd,coupe,white,1.0,42645.0
8990,chevrolet,equinox,good,4 cylinders,gas,127100.0,clean,automatic,2GNALFEK8D6411627,fwd,wagon,black,8.0,29370.0
21900,ford,f150,good,8 cylinders,gas,137784.0,clean,automatic,1FTFX1EF8HKC47095,4wd,truck,white,4.0,42300.0
5495,honda,fit,good,4 cylinders,gas,203204.0,clean,automatic,JHMGE8H43AC015922,fwd,hatchback,silver,11.0,15980.0
28995,dodge,charger,excellent,8 cylinders,gas,57416.0,clean,automatic,2C3CDXCT5GH115204,rwd,other,black,5.0,33500.0
16500,buick,encore,excellent,4 cylinders,gas,29000.0,clean,automatic,KL4CJGSM2KB869753,4wd,SUV,grey,2.0,33000.0
47990,ford,superdutyf550drw,good,8 cylinders,diesel,39253.0,clean,automatic,1FDUF5HT8EEA80861,4wd,truck,white,7.0,55000.0
28988,gmc,acadia,good,4 cylinders,gas,14170.0,clean,automatic,1GKKNKLAXHZ153622,fwd,SUV,silver,4.0,30995.0
32590,chevrolet,corvettecoupe2d,good,8 cylinders,gas,20420.0,clean,other,1G1YY25W995110249,rwd,coupe,silver,12.0,50000.0
5995,volkswagen,passat,good,6 cylinders,gas,152443.0,clean,automatic,WVWFU73CX6P143938,4wd,sedan,white,15.0,30300.0
6995,ford,edge,excellent,6 cylinders,gas,169266.0,clean,automatic,2FMDK49C07BB12849,4wd,sedan,white,14.0,29995.0
27500,subaru,wrxsti,excellent,4 cylinders,gas,48199.0,clean,manual,JF1VA2W6XF9805461,4wd,sedan,blue,6.0,33000.0
22990,lexus,is250cconvertible2d,good,6 cylinders,gas,67266.0,clean,other,JTHFF2C28D2529027,rwd,convertible,black,8.0,34000.0
38590,chevrolet,corvettegrandsport,good,8 cylinders,gas,30237.0,clean,other,1G1YR3DW3B5102190,rwd,other,red,10.0,59700.0
43498,chevrolet,silverado2500hdltz,good,8 cylinders,other,153359.0,clean,automatic,1GC1KWE82GF252257,4wd,pickup,red,5.0,62000.0
32564,volkswagen,golfr,good,4 cylinders,gas,43533.0,clean,manual,WVWWF7AU3HW159137,4wd,hatchback,white,4.0,39900.0
5995,chevrolet,tahoe,excellent,8 cylinders,gas,244750.0,clean,automatic,1GNEK13Z82J115885,4wd,SUV,grey,19.0,41745.0
28250,lexus,es,excellent,6 cylinders,gas,35632.0,clean,automatic,58ABK1GG0HU064561,fwd,sedan,black,4.0,38500.0
13500,jeep,grandcherokeeoverland4wd,excellent,8 cylinders,gas,157567.0,clean,automatic,1C4RJFCT1CC202815,4wd,SUV,blue,9.0,48500.0
9900,ford,expedition,excellent,8 cylinders,gas,139109.0,clean,automatic,1FMJU1K5XAEA29853,rwd,SUV,black,11.0,52000.0
17990,hyundai,genesis38sedan4d,good,6 cylinders,gas,34781.0,clean,other,KMHGC4DD2DU230031,rwd,sedan,silver,8.0,39850.0
7000,ford,fiesta,excellent,4 cylinders,gas,74000.0,clean,automatic,3FADP4EJXEM117553,fwd,hatchback,white,7.0,15500.0
5290,dodge,dakota4x4,excellent,6 cylinders,gas,185000.0,clean,automatic,1D7HW22K75S164228,4wd,pickup,white,16.0,21775.0
11338,ford,fusionse,good,4 cylinders,gas,101905.0,clean,automatic,1FA6P0H70E5400678,fwd,sedan,black,7.0,22150.0
36900,ford,f250superduty,excellent,8 cylinders,gas,73394.0,clean,automatic,1FT7W2B6XGEA62285,4wd,truck,white,5.0,42500.0
26990,infiniti,qx6035sportutility,good,6 cylinders,gas,24374.0,clean,other,5N1AL0MN8GC521781,fwd,SUV,black,5.0,44900.0
7688,ford,f150xlt4wd,good,8 cylinders,gas,163000.0,clean,automatic,1FTPX14V17FB12769,4wd,pickup,silver,14.0,33500.0
25900,bmw,x4,excellent,6 cylinders,gas,123096.0,clean,automatic,5UXXW7C50H0U24964,4wd,wagon,blue,4.0,58000.0
24791,chrysler,pacificatouringl,like new,6 cylinders,gas,59280.0,clean,automatic,2C4RC1BG2HR661237,fwd,van,custom,4.0,33995.0
15590,honda,accordexlcoupe2d,good,6 cylinders,hybrid,57754.0,clean,other,1HGCS2B84AA005608,fwd,coupe,black,11.0,28450.0
13200,ford,escape,excellent,4 cylinders,gas,50958.0,clean,automatic,1FMCU0F71GUC52599,fwd,SUV,red,5.0,23500.0
27990,toyota,tundradoublecabpickup,good,8 cylinders,gas,73160.0,clean,other,5TFUW5F19DX287994,4wd,pickup,black,8.0,38800.0
29990,chevrolet,coloradocrewcabwork,good,6 cylinders,gas,11401.0,clean,other,1GCGTBEN7J1162712,4wd,pickup,red,3.0,38000.0
20990,lexus,gs350sedan4d,good,6 cylinders,gas,75208.0,clean,automatic,JTHBE1BL7E5038972,rwd,sedan,silver,7.0,46750.0
24590,chevrolet,coloradoextendedcab,good,6 cylinders,gas,100851.0,clean,other,1GCHTDE3XG1220609,4wd,pickup,red,5.0,36300.0
10900,bmw,328xi,excellent,6 cylinders,gas,68000.0,clean,automatic,WBAVT735X7FZ35219,4wd,wagon,purple,14.0,35000.0
9950,dodge,dakotalaramiecrewcab,like new,8 cylinders,gas,154391.0,clean,automatic,1D7HW58N28S634219,4wd,pickup,red,13.0,30900.0
31995,ford,f150xlt,excellent,6 cylinders,gas,111574.0,clean,automatic,1FTEW1EG4HKE22238,4wd,truck,grey,4.0,42000.0
34590,chevrolet,silverado1500double,good,6 cylinders,gas,29499.0,clean,other,1GCVKREH6GZ228691,4wd,pickup,silver,5.0,39700.0
6950,ford,escape,good,6 cylinders,gas,150182.0,clean,automatic,1FMCU0EG0BKC37162,fwd,SUV,blue,10.0,29800.0
22997,ram,1500,excellent,8 cylinders,gas,120259.0,clean,automatic,1C6RR7TT2ES260799,4wd,truck,silver,7.0,40600.0
10999,toyota,4runnersr5,good,6 cylinders,gas,291341.0,clean,automatic,JTEBU14R030013049,4wd,SUV,black,18.0,29800.0
23995,chevrolet,impalapremier,excellent,6 cylinders,gas,28057.0,clean,automatic,1G1105S31KU101108,fwd,sedan,red,2.0,34795.0
32990,ram,1500quadcabharvestpickup,good,6 cylinders,gas,29979.0,clean,other,1C6RR7GG9JS229010,4wd,pickup,black,3.0,39500.0
12499,volkswagen,jettasedan,excellent,4 cylinders,gas,46906.0,clean,manual,3VW167AJ0GM397717,fwd,sedan,blue,5.0,16995.0
5490,honda,civic,excellent,4 cylinders,gas,137000.0,clean,automatic,1HGES16561L074484,fwd,sedan,green,20.0,14500.0
13999,toyota,4runnersr5,excellent,6 cylinders,gas,129975.0,clean,automatic,JTEZU14R070095692,rwd,SUV,silver,14.0,30900.0
27590,lincoln,mkxreservesport,good,6 cylinders,gas,48039.0,clean,other,2LMPJ6LR9JBL12696,fwd,other,white,3.0,48130.0
13999,lexus,rx350,excellent,6 cylinders,gas,132250.0,clean,automatic,2T2BK1BA2AC049007,4wd,SUV,white,11.0,42900.0
37990,toyota,tundradoublecabsr,good,8 cylinders,gas,22870.0,clean,other,5TFUM5F13GX069124,4wd,pickup,black,5.0,48700.0
36990,gmc,sierra2500hddoublecab,good,8 cylinders,gas,23190.0,clean,other,1GT22REG1GZ401351,4wd,pickup,black,5.0,40000.0
36995,ford,f150,excellent,8 cylinders,gas,90439.0,rebuilt,automatic,1FTFW1R64EFC91922,4wd,pickup,black,7.0,42900.0
15288,toyota,camryxle,good,4 cylinders,gas,59475.0,clean,automatic,4T4BF1FKXDR302451,fwd,sedan,white,8.0,24000.0
9295,chevrolet,malibu,good,4 cylinders,gas,110734.0,clean,automatic,1G11G5SX8DF295786,fwd,sedan,black,8.0,25700.0
21000,subaru,impreza,like new,4 cylinders,gas,16000.0,clean,automatic,4S3GKAA63K3609988,4wd,sedan,silver,2.0,22995.0
13500,ford,transitconnect,excellent,4 cylinders,gas,119037.0,clean,automatic,NM0LS7E70F1208188,rwd,van,white,6.0,24210.0
46990,chevrolet,corvettestingray,good,8 cylinders,gas,16966.0,clean,other,1G1YA3D74E5119018,rwd,other,white,7.0,54000.0
6299,ford,explorer,good,8 cylinders,gas,120920.0,clean,automatic,1FMDU74W55UB75093,4wd,SUV,blue,16.0,35840.0
12495,hyundai,elantra,excellent,4 cylinders,gas,53588.0,clean,automatic,5NPD84LF7HH172610,fwd,sedan,silver,4.0,22700.0
20999,chevrolet,silverado1500,excellent,8 cylinders,gas,174664.0,clean,automatic,3GCUKSEC8EG242581,4wd,pickup,white,7.0,42270.0
7500,jeep,patriot,excellent,4 cylinders,gas,135460.0,clean,automatic,1C4NJRFB5DD124229,4wd,SUV,white,8.0,23300.0
13990,honda,accordexlsedan4d,good,6 cylinders,gas,92258.0,clean,other,1HGCP3F89BA030071,fwd,sedan,silver,10.0,28720.0
4995,toyota,prius,excellent,4 cylinders,gas,208000.0,clean,automatic,JTDKB20UX83375860,fwd,hatchback,silver,13.0,22350.0
9950,nissan,sentra,excellent,4 cylinders,gas,93000.0,clean,automatic,3N1AB7AP2JY248554,fwd,sedan,white,3.0,18690.0
18800,ford,explorer,like new,6 cylinders,gas,90617.0,clean,automatic,1FM5K8D85FGA71026,4wd,SUV,silver,6.0,38500.0
38750,jaguar,ftypesconvertible,excellent,6 cylinders,gas,54922.0,clean,automatic,SAJWA6FC2E8K03347,rwd,convertible,black,7.0,85100.0
29500,pontiac,gto,excellent,8 cylinders,gas,18500.0,clean,automatic,6G2VX12G74L292565,rwd,coupe,blue,17.0,33000.0
13900,nissan,rogue,like new,4 cylinders,gas,12969.0,clean,automatic,KNMAT2MT8HP539092,fwd,SUV,black,4.0,24800.0
7495,toyota,highlander,excellent,6 cylinders,gas,92355.0,clean,automatic,JTEEP21A740019716,4wd,other,red,17.0,29250.0
41990,ford,mustanggtcoupe2d,good,8 cylinders,gas,561.0,clean,other,1FA6P8CFXL5169606,rwd,coupe,white,1.0,42945.0
31995,chevrolet,silverado1500lt4x4,excellent,8 cylinders,gas,115541.0,clean,automatic,1GCVKREC4HZ136940,4wd,truck,blue,4.0,43000.0
6995,chevrolet,sonicltz,excellent,4 cylinders,gas,122450.0,clean,automatic,1G1JE5SG2D4108916,fwd,SUV,grey,8.0,18865.0
8500,ford,flex,excellent,6 cylinders,gas,135925.0,clean,automatic,2FMDK52C69BA58136,fwd,sedan,black,12.0,30400.0
7800,bmw,x5,excellent,6 cylinders,gas,135832.0,clean,manual,5UXFA135X4LB09494,4wd,SUV,grey,17.0,41900.0
15500,honda,odysseyexl,excellent,6 cylinders,gas,58000.0,clean,automatic,5FNRL5H67CB103460,fwd,van,grey,9.0,36820.0
49500,ford,f350sd,excellent,8 cylinders,diesel,60330.0,clean,automatic,1FD8W3HT8JEB42856,4wd,truck,white,3.0,62800.0
11997,mercedes-benz,cclass,excellent,6 cylinders,gas,117682.0,clean,automatic,WDDGF5HB5CA722715,rwd,sedan,grey,9.0,38800.0
34990,gmc,canyoncrewcabslepickup,good,6 cylinders,gas,34425.0,clean,other,1GTG6CE36G1115577,4wd,pickup,red,5.0,36400.0
20998,nissan,muranos,excellent,6 cylinders,gas,28319.0,clean,automatic,5N1AZ2MH7HN199368,4wd,SUV,black,4.0,39800.0
24900,buick,enclavepremiumawd,like new,6 cylinders,gas,45935.0,salvage,automatic,5GAKVCKD3HJ101083,4wd,SUV,black,4.0,49000.0
25990,jeep,grandcherokeelaredoe,good,6 cylinders,gas,49701.0,clean,other,1C4RJFAG9JC180159,4wd,SUV,white,3.0,36695.0
17777,kia,sportage,excellent,4 cylinders,gas,60168.0,clean,automatic,KNDPM3AC9H7084593,fwd,SUV,blue,4.0,24500.0
30999,toyota,tundra4wdtruck,good,8 cylinders,gas,120497.0,clean,automatic,5TFUY5F19FX475668,4wd,pickup,black,6.0,38500.0
16900,ford,fusionse,like new,4 cylinders,gas,18938.0,clean,automatic,3FA6P0H70FR112917,fwd,sedan,blue,6.0,22000.0
29683,ford,expedition,like new,8 cylinders,gas,103638.0,clean,automatic,1FMJU2AT2HEA56769,4wd,SUV,grey,4.0,71800.0
25990,gmc,acadiaslt2sportutility,good,6 cylinders,gas,70640.0,clean,other,1GKKNNLS8KZ159484,fwd,SUV,white,2.0,40800.0
35590,ram,1500crewcabbighorn,good,6 cylinders,other,22805.0,clean,other,1C6RR7LG2JS220638,4wd,pickup,black,3.0,39200.0
16111,ford,fusionhybridse,good,4 cylinders,electric,74010.0,clean,automatic,3FA6P0LU5JR269137,fwd,sedan,white,3.0,24200.0
26588,ford,f150xl,good,6 cylinders,gas,76435.0,clean,automatic,1FTFX1CG4HKC93504,rwd,pickup,red,4.0,36400.0
3695,toyota,camry,good,4 cylinders,gas,165223.0,clean,automatic,4T1BE46K89U832455,fwd,sedan,silver,12.0,22700.0
4995,chevrolet,impala,good,6 cylinders,gas,212590.0,clean,automatic,2G1WG5EK6B1191131,fwd,sedan,silver,10.0,26000.0
14990,cadillac,srxperformance,good,6 cylinders,gas,83745.0,clean,automatic,3GYFNDE3XDS544732,fwd,SUV,brown,8.0,44125.0
42995,ram,2500powerwagon,excellent,8 cylinders,gas,104546.0,clean,automatic,3C6TR5FJXGG126699,4wd,truck,grey,5.0,61300.0
11000,lexus,is300,excellent,6 cylinders,gas,99876.0,clean,automatic,JTHBD192720046076,rwd,sedan,grey,19.0,33500.0
9175,buick,lacrosse,excellent,6 cylinders,gas,144802.0,clean,automatic,1G4GB5G31EF297236,fwd,sedan,white,7.0,35500.0
22628,gmc,yukonxl,excellent,8 cylinders,gas,230983.0,clean,automatic,1GKS2GKCXGR470582,4wd,SUV,black,5.0,66390.0
3299,chevrolet,malibu,excellent,6 cylinders,gas,104556.0,clean,automatic,1G1ZT62835F306675,fwd,hatchback,grey,16.0,19375.0
14600,toyota,prius,good,4 cylinders,hybrid,89900.0,rebuilt,automatic,JTDKARFUXG3020950,fwd,hatchback,white,5.0,24300.0
5950,chevrolet,sonic,good,4 cylinders,gas,130758.0,clean,automatic,1G1JC6SB5C4202352,fwd,hatchback,grey,9.0,18940.0
2995,ford,focus,excellent,4 cylinders,gas,130319.0,clean,automatic,1FAHP3FN0AW213294,fwd,sedan,silver,11.0,18600.0
8975,jeep,liberty,good,6 cylinders,gas,101000.0,clean,automatic,1J8GN58K08W100197,4wd,SUV,custom,13.0,30300.0
9999,chevrolet,equinox,excellent,4 cylinders,gas,105613.0,clean,automatic,2GNALBEK2D1264372,fwd,SUV,white,8.0,24000.0
6995,ford,explorer,excellent,6 cylinders,gas,96802.0,clean,automatic,1FMEU73E76UA37554,4wd,SUV,red,15.0,33545.0
6700,chrysler,200,excellent,6 cylinders,gas,122448.0,clean,automatic,1C3CCBBG5DN659070,fwd,sedan,white,8.0,21500.0
30990,jaguar,ftypeconvertible2d,good,6 cylinders,gas,71835.0,clean,other,SAJWA6E76E8K08555,rwd,other,white,7.0,70000.0
9999,subaru,legacy,excellent,4 cylinders,gas,135273.0,clean,automatic,4S3BMCK6XB3217542,4wd,sedan,white,10.0,29000.0
15688,volkswagen,passat18tse,good,4 cylinders,gas,54825.0,clean,automatic,1VWBT7A30GC065793,fwd,sedan,silver,5.0,25000.0
10995,hyundai,elantra,good,4 cylinders,gas,34521.0,clean,automatic,5NPDH4AE2FH619478,fwd,sedan,silver,6.0,18400.0
9995,dodge,dart,excellent,4 cylinders,gas,87728.0,clean,automatic,1C3CDFAA7FD422476,fwd,sedan,blue,6.0,19000.0
38950,ford,f150lariat4x4,excellent,8 cylinders,gas,35010.0,clean,automatic,1FTEW1EF1GFB18119,4wd,truck,red,5.0,41500.0
6995,honda,accordexl24,excellent,4 cylinders,gas,207798.0,clean,manual,1HGCP2E84AA024219,fwd,sedan,silver,11.0,26705.0
19900,chevrolet,equinoxpremier,like new,4 cylinders,gas,10755.0,rebuilt,automatic,2GNAXVEV3J6322181,4wd,SUV,black,3.0,33500.0
12000,hyundai,equus,excellent,8 cylinders,gas,94323.0,clean,automatic,KMHGH4JH7CU053127,rwd,sedan,black,9.0,60500.0
7950,subaru,outback,good,4 cylinders,gas,161357.0,clean,automatic,4S4BRBGC7A3311494,4wd,hatchback,grey,11.0,26695.0
9995,hyundai,sonata,good,4 cylinders,gas,91860.0,clean,automatic,5NPEC4AB0DH767988,fwd,sedan,blue,8.0,24400.0
36700,chevrolet,silverado1500lt,excellent,8 cylinders,gas,93209.0,clean,automatic,3GCUKREC9JG416306,4wd,pickup,white,3.0,43100.0
26995,ford,superdutyf250srw,good,8 cylinders,gas,169199.0,clean,automatic,1FT7W2BT5BEC28730,4wd,truck,silver,10.0,45300.0
16700,ford,explorerxlt,excellent,6 cylinders,gas,82477.0,rebuilt,automatic,1FM5K8D87EGB66170,4wd,SUV,red,7.0,38480.0
44800,bmw,540i,like new,6 cylinders,gas,7400.0,clean,automatic,WBAJE5C52KWW13485,rwd,sedan,black,2.0,60900.0
29990,chevrolet,coloradocrewcabwork,good,6 cylinders,gas,11401.0,clean,other,1GCGTBEN7J1162712,4wd,pickup,red,3.0,33500.0
5998,ford,focus,good,4 cylinders,gas,113931.0,clean,automatic,1FADP3F27DL272479,fwd,sedan,black,8.0,18500.0
8995,honda,accord,excellent,4 cylinders,gas,109000.0,clean,automatic,1HGCP26369A140777,fwd,sedan,white,12.0,23350.0
3490,kia,forte,like new,4 cylinders,gas,172157.0,clean,automatic,KNAFU4A20B5320850,fwd,sedan,silver,10.0,15200.0
31995,chevrolet,silverado1500lt4x4,excellent,8 cylinders,gas,115781.0,clean,automatic,1GCVKREC4GZ239810,4wd,truck,brown,5.0,40500.0
30900,chevrolet,silverado1500,excellent,8 cylinders,gas,113000.0,clean,automatic,3GCUKREC2FG287865,4wd,truck,red,6.0,38500.0
37990,chevrolet,camarosscoupe2d,good,8 cylinders,gas,9704.0,clean,other,1G1FF1R79G0140582,rwd,coupe,red,5.0,40000.0
48900,ford,superdutyf250srw,excellent,8 cylinders,diesel,134000.0,clean,automatic,1FT7W2BT4FEA02443,4wd,truck,white,6.0,50500.0
7395,ford,escapexlt,excellent,6 cylinders,gas,74364.0,clean,automatic,1FMYU93166KA37966,4wd,SUV,green,15.0,23690.0
7995,ford,taurus,good,6 cylinders,gas,126000.0,clean,automatic,1FAHP2F89DG195753,fwd,sedan,silver,8.0,33400.0
25590,lexus,gs350sedan4d,good,6 cylinders,gas,54047.0,clean,other,JTHBE1BLXFA005893,rwd,sedan,white,6.0,46500.0
18749,volkswagen,gti,excellent,4 cylinders,gas,62742.0,clean,automatic,3VW4T7AU5HM004747,fwd,hatchback,grey,4.0,25800.0
10495,hyundai,sonatasport,excellent,4 cylinders,gas,90000.0,clean,automatic,5NPE34AF7FH233733,fwd,sedan,blue,6.0,24500.0
26990,acura,rdxtechnologyand,good,6 cylinders,gas,30386.0,clean,other,5J8TB3H59JL009998,fwd,other,silver,3.0,38500.0
14495,ford,explorer,good,6 cylinders,gas,114341.0,clean,automatic,1FMHK8D87CGA16456,4wd,SUV,white,9.0,36500.0
13855,toyota,highlander,good,6 cylinders,gas,139178.0,clean,automatic,5TDBK3EH4CS094176,4wd,wagon,green,9.0,39900.0
12495,honda,civic,like new,4 cylinders,gas,15300.0,rebuilt,automatic,2HGFC2F68KH570983,fwd,sedan,silver,2.0,21150.0
46960,jeep,grandcherokee,excellent,8 cylinders,gas,16975.0,clean,automatic,1C4RJFBT0LC101587,4wd,SUV,black,1.0,48500.0
34950,gmc,sierra2500hd,excellent,8 cylinders,diesel,97589.0,clean,automatic,1GT120C89CF227236,4wd,pickup,grey,9.0,47900.0
14950,dodge,challengersxt,excellent,6 cylinders,gas,69292.0,rebuilt,automatic,2C3CDZAG6FH839550,rwd,coupe,red,6.0,27500.0
15995,toyota,tacoma,excellent,6 cylinders,gas,212887.0,clean,automatic,3TMJU62N47M040383,rwd,pickup,blue,14.0,24000.0
19999,chevrolet,silverado1500ltz,excellent,8 cylinders,gas,150561.0,clean,automatic,3GCPKTE71DG115191,4wd,truck,blue,8.0,38000.0
28990,jeep,wranglergoldeneaglejk,good,6 cylinders,gas,23386.0,clean,other,1C4GJXAG9JW169402,4wd,other,red,3.0,32300.0
28375,subaru,wrx,good,4 cylinders,gas,61216.0,clean,manual,JF1VA2L64F9824138,4wd,sedan,white,6.0,36000.0
34590,chevrolet,silverado1500double,good,6 cylinders,gas,29499.0,clean,other,1GCVKREH6GZ228691,4wd,pickup,silver,5.0,40100.0
21900,rover,lr4hse,like new,8 cylinders,gas,94870.0,clean,automatic,SALAG2D48CA615203,4wd,SUV,white,9.0,54800.0
46800,gmc,sierra2500hd,like new,8 cylinders,diesel,114785.0,clean,automatic,1GT120E88FF575739,4wd,truck,blue,6.0,65800.0
7500,bmw,x3,excellent,6 cylinders,gas,117944.0,clean,automatic,WBXPC93467WF23075,4wd,SUV,brown,14.0,40000.0
37990,jeep,gladiatorsportpickup4d5,good,6 cylinders,gas,22244.0,clean,other,1C6HJTAG7LL161534,4wd,pickup,white,1.0,40800.0
15599,jeep,renegade,good,4 cylinders,gas,55098.0,clean,automatic,ZACCJABB9JPH77528,fwd,SUV,blue,3.0,24400.0
24590,chevrolet,coloradoextendedcab,good,6 cylinders,gas,100851.0,clean,other,1GCHTDE3XG1220609,4wd,pickup,red,5.0,37000.0
15995,chevrolet,equinoxlt,like new,4 cylinders,gas,80185.0,clean,automatic,2GNFLFEK6H6192324,4wd,SUV,blue,4.0,27500.0
41990,ford,mustanggtcoupe2d,good,8 cylinders,gas,561.0,clean,other,1FA6P8CFXL5169606,rwd,coupe,white,1.0,42500.0
7995,toyota,prius,excellent,4 cylinders,gas,131000.0,clean,automatic,JTDKN3DU3C5432985,fwd,sedan,silver,9.0,24400.0
28900,kia,sorento,excellent,6 cylinders,gas,23381.0,clean,automatic,5XYPKDA56JG384517,4wd,SUV,white,3.0,40900.0
8999,subaru,outback,excellent,6 cylinders,gas,169634.0,clean,automatic,4S4BRDLC8B2316891,4wd,wagon,black,10.0,33500.0
8499,volkswagen,jettasportwagentdi,like new,4 cylinders,diesel,108000.0,clean,automatic,3VWPL7AJ8CM680976,fwd,wagon,black,9.0,27800.0
16980,lexus,rx350,excellent,6 cylinders,gas,96834.0,clean,automatic,2T2ZK1BA0DC101558,fwd,SUV,black,8.0,43900.0
29590,ford,expeditionxltsport,good,6 cylinders,gas,70760.0,clean,other,1FMJU1JT1HEA52352,4wd,SUV,blue,4.0,49000.0
37990,chevrolet,camarosscoupe2d,good,8 cylinders,gas,9704.0,clean,other,1G1FF1R79G0140582,rwd,coupe,red,5.0,39900.0
36900,chevrolet,tahoe,excellent,8 cylinders,gas,98000.0,clean,automatic,1GNSKBKC1JR159376,4wd,SUV,silver,3.0,57700.0
11995,subaru,outback,excellent,4 cylinders,gas,111185.0,clean,automatic,4S4BRBCC6E3266849,4wd,wagon,blue,7.0,26000.0
8500,hyundai,genesiscoupe,good,4 cylinders,gas,77309.0,clean,automatic,KMHHT6KD9AU008830,rwd,coupe,blue,11.0,24900.0
10475,honda,crvlx,like new,4 cylinders,gas,111550.0,clean,automatic,5J6RM4H37CL022463,4wd,SUV,white,9.0,24660.0
39590,ram,1500crewcabbighorn,good,6 cylinders,gas,22154.0,clean,other,1C6RRFFG4KN755640,4wd,pickup,red,2.0,43000.0
20990,lexus,is350sportconvertible,good,6 cylinders,gas,68716.0,clean,other,JTHFE2C21A2502637,rwd,convertible,white,11.0,38450.0
13700,ford,f150truck4x4,excellent,8 cylinders,gas,162499.0,clean,automatic,1FTNF1EF6EKF10338,4wd,pickup,green,7.0,42000.0
18900,nissan,altima,good,4 cylinders,gas,47421.0,clean,automatic,1N4BL4EV0KC188117,fwd,sedan,grey,2.0,30300.0
38590,mercedes-benz,cclassc63amg,good,8 cylinders,gas,39558.0,clean,automatic,WDDGJ7HB1EG206426,rwd,coupe,black,7.0,64100.0
18500,chevrolet,silverado1500,good,8 cylinders,gas,78000.0,clean,automatic,1GCSKSE24AZ227536,4wd,truck,black,11.0,38500.0
15995,ford,explorersporttrac,good,8 cylinders,gas,122891.0,clean,automatic,1FMEU5D80AUF04819,4wd,wagon,custom,11.0,38800.0
29990,toyota,tacomadoublecabpickup,good,6 cylinders,gas,43182.0,clean,other,3TMLU4EN4CM085701,4wd,pickup,white,9.0,30000.0
8995,ford,explorer,good,6 cylinders,gas,163336.0,clean,automatic,1FMHK7D81BGA75611,fwd,SUV,silver,10.0,28995.0
32795,toyota,tundrasr54x4,excellent,8 cylinders,gas,50523.0,clean,automatic,5TFUY5F1XGX509652,4wd,pickup,black,5.0,43500.0
20995,ford,mustang,excellent,4 cylinders,gas,67161.0,clean,automatic,1FA6P8TH6F5322133,rwd,coupe,grey,6.0,24400.0
25590,acura,rdxsportutility4d,good,6 cylinders,gas,19908.0,clean,other,5J8TB3H31HL022480,fwd,other,silver,4.0,35900.0
39999,ford,f350superdutylariat4x4,excellent,8 cylinders,diesel,134470.0,clean,automatic,1FT8W3BT5CEA35540,4wd,truck,red,9.0,48600.0
10975,ford,explorerxlt,good,6 cylinders,gas,143354.0,clean,automatic,1FM5K7D87EGC45509,fwd,SUV,grey,7.0,36400.0
29800,toyota,tundra,excellent,8 cylinders,gas,123734.0,clean,automatic,5TFDY5F10FX426293,4wd,pickup,grey,6.0,42000.0
10800,gmc,terrainslt,excellent,4 cylinders,gas,92000.0,clean,automatic,2GKALWEK6C6134729,fwd,SUV,white,9.0,28620.0
17900,honda,odysseyexlwdvd,excellent,6 cylinders,gas,127290.0,clean,automatic,5FNRL5H61GB081767,fwd,van,grey,5.0,35765.0
12777,honda,element,excellent,4 cylinders,gas,74285.0,clean,automatic,5J6YH28554L030505,4wd,SUV,grey,17.0,25000.0
6995,chevrolet,malibu,good,4 cylinders,gas,109167.0,clean,automatic,1G1ZD5E1XBF109150,fwd,sedan,white,10.0,23185.0
15495,toyota,rav4,excellent,4 cylinders,gas,145002.0,clean,automatic,2T3WFREV4EW123546,fwd,SUV,custom,7.0,26900.0
4995,chevrolet,spark,good,4 cylinders,gas,123456.0,clean,automatic,KL8CD6S91DC505395,fwd,hatchback,black,8.0,15500.0
9999,ford,f150,excellent,8 cylinders,gas,254252.0,clean,automatic,1FTPW14504KB92944,4wd,pickup,black,17.0,29000.0
26750,bmw,x5,excellent,8 cylinders,gas,86288.0,clean,automatic,5UXKR6C53F0J75570,4wd,SUV,blue,6.0,76900.0
24395,toyota,highlanderle,like new,6 cylinders,gas,13065.0,clean,automatic,5TDZKRFH5GS184362,fwd,SUV,grey,5.0,30990.0
18988,dodge,ram1500,excellent,8 cylinders,gas,100348.0,clean,automatic,1C6RD7GP5CS102305,4wd,truck,silver,9.0,32000.0
48900,ford,superdutyf250srw,excellent,8 cylinders,diesel,134000.0,clean,automatic,1FT7W2BT4FEA02443,4wd,truck,white,6.0,57000.0
37590,infiniti,qx80limitedsport,good,8 cylinders,gas,60560.0,clean,automatic,JN8AZ2NE9H9151571,4wd,other,white,4.0,67500.0
12999,ford,f150xl,excellent,6 cylinders,gas,116185.0,clean,automatic,1FTMF1CM0CKD41380,rwd,pickup,red,9.0,25000.0
9300,ford,expeditionxlt,excellent,8 cylinders,gas,178760.0,clean,automatic,1FMPU16595LA92724,4wd,SUV,black,16.0,43000.0
4999,ford,f150,good,8 cylinders,gas,152415.0,clean,automatic,1FTRF12W37KA95360,rwd,truck,white,14.0,24100.0
25990,gmc,acadiaslt2sportutility,good,6 cylinders,gas,70640.0,clean,other,1GKKNNLS8KZ159484,fwd,SUV,white,2.0,38400.0
45300,ram,3500bighorn,excellent,6 cylinders,diesel,34125.0,rebuilt,automatic,3C63R3LL4JG236634,4wd,truck,black,3.0,48600.0
22506,ram,1500,excellent,8 cylinders,gas,75884.0,clean,automatic,1C6RR7FT3ES427053,4wd,truck,white,7.0,38500.0
10995,ford,thunderbird,good,8 cylinders,gas,83130.0,clean,automatic,1FAHP60AX2Y112552,rwd,convertible,black,19.0,33500.0
5995,hyundai,tucsonlimited,good,6 cylinders,gas,114000.0,clean,automatic,KM8JN72D27U624976,4wd,SUV,green,14.0,21800.0
24590,lexus,is350sedan4d,good,6 cylinders,gas,60987.0,clean,other,JTHBE1D28E5001806,rwd,sedan,black,7.0,39900.0
45590,acura,mdxadvancepkgsport,good,6 cylinders,gas,3687.0,clean,other,5J8YD3H8XLL007383,fwd,SUV,white,1.0,49300.0
15950,ford,transitconnectxlt,good,4 cylinders,gas,111305.0,clean,automatic,NM0LS7F71F1211163,fwd,van,white,6.0,26300.0
31990,ford,superdutyf550drw,good,8 cylinders,diesel,59429.0,clean,automatic,1FDAW57P46ED02529,4wd,truck,red,15.0,55400.0
7995,kia,soul,good,4 cylinders,gas,93629.0,clean,automatic,KNDJT2A68D7557956,fwd,SUV,silver,8.0,16500.0
37990,chevrolet,camarosscoupe2d,good,8 cylinders,gas,9704.0,clean,other,1G1FF1R79G0140582,rwd,coupe,red,5.0,38500.0
5500,ford,escapelimited,excellent,6 cylinders,gas,155000.0,clean,automatic,1FMCU94188KA16855,4wd,SUV,silver,13.0,29600.0
13995,ford,f150,excellent,8 cylinders,gas,126143.0,clean,automatic,1FTRF14WX8KE91140,4wd,pickup,white,13.0,29500.0
13900,bmw,x3,good,6 cylinders,gas,128219.0,clean,automatic,5UXWX7C56DL979726,4wd,SUV,silver,8.0,47000.0
31990,ram,1500quadcabharvestpickup,good,6 cylinders,gas,27426.0,clean,other,1C6RR7GG8JS247420,4wd,pickup,white,3.0,41000.0
54797,ford,f250superduty4x4,like new,8 cylinders,diesel,18377.0,clean,automatic,1FT7W2BT4KEG16421,4wd,truck,silver,2.0,55600.0
5912,buick,lesabre,excellent,6 cylinders,gas,140055.0,clean,automatic,1G4HR54K52U231081,fwd,sedan,white,19.0,30180.0
16000,volvo,v60,excellent,5 cylinders,gas,68396.0,clean,automatic,YV1612SC3F1198581,4wd,hatchback,blue,6.0,36400.0
27900,chevrolet,suburban,excellent,8 cylinders,gas,130654.0,clean,automatic,1GNSCHKC9GR300493,rwd,SUV,white,5.0,59500.0
47590,jaguar,ftype30340hp,good,6 cylinders,gas,17205.0,clean,other,SAJDD5EV6JCK51842,rwd,other,white,3.0,60900.0
20000,ford,f250superdutyxlt,like new,8 cylinders,diesel,233000.0,clean,automatic,1FT7X2AT4FEA63693,rwd,truck,white,6.0,44500.0
16990,honda,crosstourexlsport,good,6 cylinders,gas,76260.0,clean,other,5J6TF2H55CL008180,4wd,hatchback,white,9.0,33500.0
13990,subaru,xvcrosstrek20ipremium,excellent,4 cylinders,gas,79576.0,clean,automatic,JF2GPACCXE8219130,4wd,SUV,silver,7.0,23000.0
14999,subaru,xvcrosstrek20ipremium,excellent,4 cylinders,gas,141197.0,clean,manual,JF2GPACC9DG853078,4wd,SUV,silver,8.0,22795.0
36990,toyota,4runnersr5sportutility,good,6 cylinders,gas,21415.0,clean,other,JTEBU5JR4J5589139,4wd,other,silver,3.0,39200.0
49990,ford,superdutyf550drw,good,8 cylinders,diesel,152701.0,clean,automatic,1FD0X5HT6FEC65813,4wd,truck,white,6.0,55000.0
8950,nissan,sentrasv,excellent,4 cylinders,gas,103000.0,clean,automatic,3N1AB7AP6GY245505,fwd,sedan,blue,5.0,16990.0
10999,kia,optima,excellent,4 cylinders,gas,80363.0,clean,automatic,5XXGM4A7XEG350814,fwd,sedan,red,7.0,21800.0
8900,hyundai,genesis,good,8 cylinders,gas,137000.0,clean,automatic,KMHGC4DHXDU219412,rwd,sedan,custom,8.0,65000.0
9995,toyota,camryxle,excellent,4 cylinders,gas,86138.0,rebuilt,automatic,4T4BF1FK1CR273999,fwd,sedan,silver,9.0,23900.0
7999,dodge,grandcaravan,good,6 cylinders,gas,154191.0,clean,automatic,2C4RDGCG0ER227733,fwd,mini-van,blue,7.0,28500.0
17590,chrysler,300300csedan4d,good,6 cylinders,gas,91374.0,clean,other,2C3CCAEG8EH375707,rwd,sedan,white,7.0,39995.0
38590,chevrolet,corvettegrandsport,good,8 cylinders,gas,30237.0,clean,other,1G1YR3DW3B5102190,rwd,other,red,10.0,57000.0
11995,ford,escape,excellent,4 cylinders,gas,105000.0,clean,automatic,1FMCU9GX5GUC65486,4wd,SUV,white,5.0,28600.0
9995,chevrolet,cruzelt,like new,4 cylinders,gas,54830.0,clean,automatic,1G1PK5SB9E7387885,fwd,sedan,blue,7.0,19800.0
3550,subaru,forester25x,good,4 cylinders,gas,152256.0,clean,manual,JF1SG63623G738312,4wd,SUV,blue,18.0,20295.0
10595,ford,fusion,good,4 cylinders,gas,139619.0,clean,automatic,3FA6P0T9XFR192669,4wd,sedan,custom,6.0,23995.0
8998,kia,fortelx,good,4 cylinders,gas,130719.0,clean,automatic,3KPFL4A78HE012923,fwd,sedan,grey,4.0,18000.0
8495,nissan,maxima,good,6 cylinders,gas,80236.0,clean,automatic,1N4AA51E79C811899,fwd,other,grey,12.0,33990.0
16900,hyundai,elantra,excellent,4 cylinders,gas,30365.0,clean,automatic,5NPD84LF0KH423619,fwd,sedan,silver,2.0,22400.0
12995,honda,crvex,excellent,4 cylinders,gas,106216.0,clean,automatic,2HKRM4H56EH637195,4wd,SUV,brown,7.0,28995.0
6999,ford,explorer,excellent,6 cylinders,gas,164138.0,clean,automatic,1FMEU7DE3AUB03542,4wd,SUV,silver,11.0,33490.0
14995,fiat,500x,like new,4 cylinders,gas,52377.0,clean,automatic,ZFBCFXET2GP397285,fwd,SUV,white,5.0,25900.0
52990,ford,superdutyf550drw,good,8 cylinders,diesel,15886.0,clean,automatic,1FDUF5HT8EEB30478,4wd,truck,white,7.0,59500.0
6997,pontiac,solstice,excellent,4 cylinders,gas,131239.0,clean,manual,1G2MB33B06Y100589,rwd,convertible,black,15.0,26500.0
10994,audi,a6,excellent,6 cylinders,gas,122878.0,clean,automatic,WAUSG74F69N054413,4wd,sedan,grey,12.0,50300.0
31579,chevrolet,tahoe,excellent,8 cylinders,gas,96882.0,clean,automatic,1GNSCBKC0FR253169,rwd,SUV,black,6.0,48500.0
38990,jeep,wranglerunlimitedrubicon,good,6 cylinders,gas,20676.0,clean,other,1C4BJWFG3HL547853,4wd,other,red,4.0,40990.0
38900,toyota,4runner,excellent,6 cylinders,gas,73000.0,clean,automatic,JTEBU5JR4H5429529,4wd,SUV,grey,4.0,41600.0
23995,chevrolet,corvette,good,8 cylinders,gas,34600.0,clean,automatic,1G1YY32G435120326,rwd,convertible,black,18.0,47500.0
24995,chevrolet,silverado2500hdbuilt,good,8 cylinders,other,166280.0,clean,automatic,1GC2KUEG4FZ508511,4wd,pickup,white,6.0,38500.0
20295,nissan,pathfinder,excellent,6 cylinders,gas,80207.0,clean,automatic,5N1DR2MMXHC626581,4wd,SUV,blue,4.0,39500.0
6900,nissan,murano,excellent,6 cylinders,gas,115859.0,clean,automatic,JN8AZ18U29W001446,fwd,SUV,grey,12.0,29350.0
8999,dodge,dart,excellent,4 cylinders,gas,88689.0,clean,automatic,1C3CDFBA9DD333021,fwd,sedan,blue,8.0,19795.0
51990,chevrolet,corvettestingrayz51,good,8 cylinders,gas,7389.0,clean,other,1G1YH3D76F5119261,rwd,convertible,black,6.0,56900.0
26985,nissan,rogue,excellent,4 cylinders,gas,34133.0,clean,automatic,5N1AT2MV0LC702878,4wd,SUV,silver,1.0,31700.0
38990,jeep,wranglerunlimitedrubicon,good,6 cylinders,gas,20676.0,clean,other,1C4BJWFG3HL547853,4wd,other,red,4.0,42900.0
37900,bmw,m4,good,6 cylinders,gas,75714.0,clean,automatic,WBS3R9C51FK329956,rwd,coupe,white,6.0,64800.0
9550,gmc,acadiasle2awd,like new,6 cylinders,gas,124199.0,clean,automatic,1GKKVPED5CJ186247,4wd,SUV,red,9.0,39805.0
10200,toyota,corollasplus,excellent,4 cylinders,gas,87500.0,clean,automatic,5YFBURHE1EP117472,fwd,sedan,black,7.0,18300.0
39990,chevrolet,corvettegrandsport,good,8 cylinders,gas,10862.0,clean,other,1G1YW3DW9B5104549,rwd,convertible,yellow,10.0,58300.0
34990,ram,1500crewcabtradesman,good,8 cylinders,gas,30026.0,clean,other,1C6RR7KT9HS706047,4wd,pickup,black,4.0,42100.0
29590,ford,expeditionxltsport,good,6 cylinders,gas,70760.0,clean,other,1FMJU1JT1HEA52352,4wd,SUV,blue,4.0,55000.0
19990,lexus,gs350sedan4d,good,6 cylinders,gas,98917.0,clean,other,JTHBE1BL7D5000897,rwd,sedan,white,8.0,48500.0
33990,dodge,challengerrtscatpack,good,8 cylinders,gas,34020.0,clean,other,2C3CDZFJ6HH655846,rwd,coupe,orange,4.0,41300.0
14985,hyundai,santafesport,excellent,4 cylinders,gas,101000.0,clean,automatic,5XYZUDLB6EG167058,4wd,SUV,black,7.0,31900.0
22950,ford,f350superdutylariat,excellent,8 cylinders,diesel,95190.0,clean,automatic,1FTWW31PX6EA34884,4wd,truck,grey,15.0,41000.0
31995,toyota,tacomalimitedv6,excellent,6 cylinders,gas,92008.0,clean,automatic,3TMGZ5AN8GM024243,4wd,truck,silver,5.0,38500.0
6995,ford,explorer,excellent,6 cylinders,gas,96802.0,clean,automatic,1FMEU73E76UA37554,4wd,SUV,red,15.0,29995.0
13450,bmw,x3,excellent,4 cylinders,gas,80000.0,clean,automatic,5UXWX9C53D0A25094,4wd,SUV,silver,8.0,46300.0
8995,chevrolet,sonic,excellent,4 cylinders,gas,64891.0,clean,manual,1G1JB6SH2G4114517,fwd,hatchback,grey,5.0,15000.0
23990,toyota,4runnersr5sportutility,good,6 cylinders,gas,94817.0,clean,other,JTEBU5JR7B5075190,4wd,SUV,silver,10.0,33800.0
8499,kia,sorento,excellent,4 cylinders,gas,124144.0,clean,automatic,5XYKT3A15BG085603,fwd,SUV,black,10.0,22700.0
15995,toyota,camryse,like new,4 cylinders,gas,61500.0,clean,automatic,4T1BF1FK1HU707842,fwd,sedan,black,4.0,23600.0
7500,ford,escape,excellent,6 cylinders,gas,127515.0,clean,automatic,1FMCU9EG9BKC63196,4wd,SUV,white,10.0,29000.0
12995,honda,accordcrosstour,excellent,6 cylinders,gas,56405.0,clean,automatic,5J6TF2H58BL007989,4wd,wagon,silver,10.0,31900.0
6450,ford,focustitaniumhatchback4d,good,4 cylinders,gas,141373.0,clean,automatic,1FAHP3N28CL257880,fwd,hatchback,silver,9.0,21500.0
30990,chevrolet,suburban1500ltz,good,8 cylinders,other,87922.0,clean,other,1GNSKKE74ER102173,4wd,other,white,7.0,59000.0
7300,acura,mdx,excellent,6 cylinders,gas,164050.0,clean,automatic,2HNYD28318H507749,4wd,SUV,white,13.0,43600.0
34999,jeep,wranglerjkunlimited,excellent,6 cylinders,gas,42802.0,clean,automatic,1C4BJWDG0JL808252,4wd,SUV,blue,3.0,35300.0
3500,chevrolet,impala,excellent,6 cylinders,gas,189681.0,clean,automatic,2G1WC581369329746,fwd,sedan,silver,15.0,23775.0
20588,jeep,wranglerunlimited,excellent,6 cylinders,gas,80097.0,clean,other,1J4BA3H10AL220432,4wd,SUV,green,11.0,29500.0
10997,chevrolet,expressg3500,excellent,8 cylinders,gas,175606.0,clean,automatic,1GAZGZFG3C1142328,rwd,mini-van,white,9.0,36000.0
8950,honda,civic,good,4 cylinders,gas,86119.0,clean,automatic,2HGFB2F59CH564167,fwd,sedan,black,9.0,19430.0
18999,infiniti,qx60premiumawd,like new,6 cylinders,gas,89600.0,clean,automatic,5N1AL0MM2EC505662,4wd,SUV,black,7.0,44900.0
15900,audi,a4,good,4 cylinders,gas,70661.0,clean,automatic,WAUFFAFL4EN038581,4wd,sedan,black,7.0,40000.0
13300,ford,escapetitaniumawd,excellent,4 cylinders,gas,95000.0,clean,automatic,1FMCU9J97DUA22283,4wd,SUV,red,8.0,30700.0
9800,ford,flexsel,excellent,6 cylinders,gas,116000.0,clean,automatic,2FMGK5CC6ABB18285,fwd,hatchback,silver,11.0,31400.0
15995,kia,soul,excellent,4 cylinders,gas,39130.0,clean,automatic,KNDJP3A55J7605930,fwd,sedan,grey,3.0,22000.0
41500,toyota,tundralimited4x4,like new,8 cylinders,gas,24500.0,clean,automatic,5TFBY5F19JX710196,4wd,pickup,silver,3.0,48500.0
27990,gmc,sierra2500hdextendedcab,good,8 cylinders,gas,68696.0,clean,other,1GT220CG8CZ231238,4wd,pickup,black,9.0,42000.0
9999,ford,excursion,excellent,8 cylinders,gas,139263.0,clean,automatic,1FMNU42L21EC12696,rwd,SUV,green,20.0,40830.0
39590,ford,mustanggtpremiumcoupe2d,good,8 cylinders,gas,1419.0,clean,other,1FA6P8CF5L5136223,rwd,coupe,white,1.0,43000.0
40590,ford,f250superdutyregularcab,good,8 cylinders,other,9313.0,clean,other,1FTBF2B65KEC91136,4wd,pickup,white,2.0,46400.0
32388,ram,1500outdoorsman,good,8 cylinders,gas,63428.0,clean,automatic,1C6RR7TT7HS787774,4wd,pickup,white,4.0,38600.0
13497,ford,f150xltsupercrew4wd,excellent,8 cylinders,gas,126647.0,clean,automatic,1FTPW14588KE06598,4wd,pickup,green,13.0,34400.0
6998,ford,focus,excellent,4 cylinders,gas,139011.0,clean,automatic,1FAHP35N99W149043,fwd,sedan,blue,12.0,18500.0
34590,chevrolet,silverado1500double,good,6 cylinders,gas,29499.0,clean,other,1GCVKREH6GZ228691,4wd,pickup,silver,5.0,39600.0
20995,volkswagen,golf,excellent,4 cylinders,gas,3097.0,clean,automatic,3VWG57AU3KM010478,fwd,hatchback,silver,2.0,24000.0
48900,ford,f150lariat,excellent,8 cylinders,gas,30635.0,clean,automatic,1FTEW1E57JFB64777,4wd,truck,white,3.0,50300.0
10450,subaru,imprezapremiumwagon,excellent,4 cylinders,gas,98749.0,clean,automatic,JF1GPAC64DH853113,4wd,wagon,grey,8.0,22145.0
33900,ford,edge,excellent,4 cylinders,gas,18312.0,clean,automatic,2FMPK4K97LBA71805,4wd,SUV,silver,1.0,39500.0
43900,ford,f5500sd,excellent,8 cylinders,diesel,100240.0,clean,automatic,1FDAF5HR3AEB43396,4wd,truck,white,11.0,54000.0
29990,nissan,frontiercrewcabpro4x,good,6 cylinders,gas,24661.0,clean,automatic,1N6AD0EV9GN771399,4wd,pickup,white,5.0,33000.0
17500,toyota,tundra4wdtruck,good,8 cylinders,gas,201000.0,clean,automatic,5TFUW5F17AX147521,4wd,pickup,black,11.0,39500.0
14999,volvo,v60t5premier,excellent,4 cylinders,gas,82000.0,clean,automatic,YV140MEKXG1300985,fwd,wagon,grey,5.0,40500.0
38590,lincoln,continentalsedan4d,good,6 cylinders,gas,1772.0,clean,other,1LN6L9UK4L5602632,fwd,sedan,black,1.0,51665.0
21995,jeep,wrangler,excellent,6 cylinders,gas,106377.0,clean,automatic,1C4AJWAG0EL245211,4wd,SUV,white,7.0,26500.0
18495,cadillac,ctsluxury,like new,4 cylinders,gas,60379.0,clean,automatic,1G6AR5SX0E0167972,rwd,sedan,brown,7.0,50000.0
10800,subaru,forester,excellent,4 cylinders,gas,155976.0,clean,automatic,JF2SJAKC9FH417762,4wd,wagon,white,6.0,30300.0
29590,ford,expeditionxltsport,good,6 cylinders,gas,70760.0,clean,other,1FMJU1JT1HEA52352,4wd,SUV,blue,4.0,55995.0
45999,chevrolet,silverado2500hd,excellent,8 cylinders,diesel,124497.0,clean,automatic,1GC1KXC84EF172738,4wd,pickup,white,7.0,57000.0
7999,subaru,outback,excellent,4 cylinders,gas,163118.0,clean,automatic,4S4BRBJC8B3354437,4wd,wagon,blue,10.0,30000.0
22900,jeep,grandcherokee,excellent,6 cylinders,gas,72000.0,clean,automatic,1C4RJFAG2GC365601,4wd,SUV,grey,5.0,35700.0
13995,honda,element,excellent,4 cylinders,gas,116405.0,clean,automatic,5J6YH28674L036380,4wd,SUV,silver,17.0,24500.0
35950,chevrolet,silverado2500hd,excellent,8 cylinders,gas,106874.0,clean,automatic,1GC1KUEG3JF254344,4wd,truck,silver,3.0,41800.0
27990,gmc,sierra2500hdextendedcab,good,8 cylinders,gas,68696.0,clean,other,1GT220CG8CZ231238,4wd,pickup,black,9.0,38500.0
8450,ford,fusion,excellent,4 cylinders,gas,163940.0,clean,automatic,3FA6P0HR8DR275586,fwd,sedan,grey,8.0,22700.0
11999,subaru,outback,excellent,6 cylinders,gas,134915.0,clean,automatic,4S4BRDKC6B2312663,4wd,wagon,blue,10.0,31800.0
42279,ford,f350sd,excellent,8 cylinders,diesel,120800.0,clean,automatic,1FT8W3BT9DEB83692,4wd,truck,custom,8.0,49000.0
8900,honda,civicsdn,excellent,4 cylinders,gas,103255.0,clean,automatic,19XFB2F56DE034637,fwd,sedan,brown,8.0,19500.0
15995,toyota,tundra,excellent,8 cylinders,gas,142489.0,clean,automatic,5TBDT48116S504875,4wd,pickup,white,15.0,38000.0
27900,ford,f150xlt,good,6 cylinders,other,127740.0,clean,other,1FTEW1C87FKD03253,rwd,pickup,white,6.0,29200.0
25995,mazda,cx5,like new,4 cylinders,gas,30040.0,clean,automatic,JM3KFBDL0H0217350,4wd,SUV,red,4.0,33500.0
19588,nissan,roguesv,good,4 cylinders,gas,62247.0,clean,automatic,KNMAT2MT4KP516531,fwd,other,white,2.0,25990.0
18995,chevrolet,equinoxlt,excellent,4 cylinders,gas,78380.0,clean,automatic,2GNALPEK5D6120329,fwd,other,custom,8.0,26700.0
38590,chevrolet,corvettegrandsport,good,8 cylinders,gas,32086.0,clean,automatic,1G1YW3DW4C5101754,rwd,convertible,white,9.0,56700.0
44590,toyota,tundracrewmaxlimited,good,8 cylinders,other,40526.0,clean,other,5TFHW5F15JX683272,4wd,pickup,black,3.0,48500.0
7850,hyundai,elantra,good,4 cylinders,gas,133123.0,clean,automatic,5NPDH4AE7DH245544,fwd,sedan,custom,8.0,19750.0
3500,ford,focusselsedan,good,4 cylinders,gas,118882.0,clean,automatic,1FAHP3H21CL307241,fwd,sedan,blue,9.0,19445.0
29990,chevrolet,coloradoextendedcab,good,6 cylinders,gas,17302.0,clean,other,1GCHTCE37G1186784,4wd,pickup,red,5.0,38800.0
10999,volkswagen,jettasedan,excellent,4 cylinders,gas,93070.0,clean,automatic,3VWD17AJ1FM351954,fwd,sedan,black,6.0,22300.0
23900,rover,discoverysport,excellent,4 cylinders,gas,60412.0,clean,automatic,SALCR2BG3GH553173,4wd,SUV,black,5.0,42900.0
28990,bmw,m3convertible2d,good,8 cylinders,gas,70703.0,clean,other,WBSDX9C57CE785089,rwd,other,silver,9.0,50000.0
7495,ford,focus,excellent,4 cylinders,gas,85431.0,clean,automatic,1FADP3K27EL313930,fwd,hatchback,silver,7.0,19940.0
17490,toyota,rav4,excellent,4 cylinders,gas,44779.0,clean,automatic,2T3DFREVXDW076271,4wd,SUV,silver,8.0,29600.0
26995,subaru,crosstreklimited,excellent,4 cylinders,gas,45825.0,clean,automatic,JF2GTANCXKH292437,4wd,wagon,black,2.0,30500.0
17900,mercedes-benz,claclass,excellent,4 cylinders,gas,0.0,clean,automatic,WDDSJ4EB0FN250203,fwd,sedan,black,6.0,31900.0
33590,jeep,wranglerunlimitedrubicon,good,6 cylinders,gas,30802.0,clean,other,1C4BJWFG6EL322192,4wd,SUV,silver,7.0,35900.0
12995,dodge,dakotaslt,like new,8 cylinders,gas,90129.0,clean,automatic,1D7HW48P77S144630,4wd,truck,grey,14.0,26000.0
11550,ford,transitconnect,excellent,4 cylinders,gas,68967.0,clean,automatic,NM0LS6BNXDT146944,fwd,van,white,8.0,23800.0
32353,ford,f150supercrew,excellent,6 cylinders,gas,69813.0,clean,automatic,1FTFW1EG4FFC39254,4wd,pickup,white,6.0,38500.0
8995,hyundai,sonata,good,4 cylinders,gas,75000.0,clean,automatic,5NPEB4AC8BH066706,fwd,sedan,blue,10.0,21850.0
15499,toyota,corollaim,excellent,4 cylinders,gas,40113.0,clean,automatic,JTNKARJE4JJ555254,fwd,hatchback,yellow,3.0,19995.0
26250,jeep,grandcherokeeoverland,like new,6 cylinders,gas,72433.0,clean,automatic,1C4RJECG8HC757023,rwd,SUV,black,4.0,46995.0
6950,buick,lacrosse,good,6 cylinders,gas,81023.0,clean,automatic,2G4WD582981268820,fwd,other,blue,13.0,29500.0
7500,chevrolet,sonic,excellent,4 cylinders,gas,42000.0,clean,automatic,1G1JA6SHXF4172778,fwd,hatchback,white,6.0,14500.0
23590,chevrolet,camarosscoupe2d,good,8 cylinders,gas,50570.0,clean,other,2G1FT1EW1A9116327,rwd,coupe,silver,11.0,38000.0
16990,cadillac,escaladeesv,good,8 cylinders,gas,157280.0,clean,automatic,1GYUKJEF3AR159522,4wd,SUV,silver,11.0,72500.0
20590,chrysler,300limitedsedan4d,good,6 cylinders,gas,71021.0,clean,other,2C3CCAEG6JH123125,rwd,sedan,black,3.0,36795.0
44900,ford,f350superduty,excellent,8 cylinders,diesel,118777.0,clean,automatic,1FT8W3BT8CEB47152,4wd,truck,silver,9.0,48740.0
21995,ford,f150xlt,like new,8 cylinders,gas,31501.0,clean,automatic,1FTFW1CF9BFC69483,rwd,truck,red,10.0,32100.0
11597,lexus,ct200h,excellent,4 cylinders,hybrid,125270.0,clean,automatic,JTHKD5BH5E2192779,fwd,sedan,white,7.0,30750.0
11250,kia,soul,excellent,4 cylinders,gas,61235.0,clean,manual,KNDJN2A25G7855070,fwd,wagon,silver,5.0,21500.0
13999,ford,escape,excellent,4 cylinders,gas,93894.0,clean,automatic,1FMCU9JX4EUC50967,4wd,SUV,blue,7.0,31900.0
37990,toyota,tundradoublecabsr,good,8 cylinders,gas,22870.0,clean,other,5TFUM5F13GX069124,4wd,pickup,black,5.0,44500.0
39950,ford,f250,excellent,8 cylinders,diesel,115592.0,clean,automatic,1FT7W2BT7BEB12929,4wd,truck,white,10.0,46800.0
7500,infiniti,ex35,excellent,6 cylinders,gas,204764.0,clean,automatic,JN1AJ0HR4AM751670,4wd,SUV,white,11.0,38500.0
5200,hyundai,santafelimited,good,6 cylinders,gas,262000.0,clean,automatic,5NMSKDAG8AH342111,4wd,SUV,black,11.0,30500.0
20981,mercedes-benz,glaclass,excellent,4 cylinders,gas,74958.0,clean,automatic,WDCTG4GB3FJ081967,4wd,SUV,black,6.0,35100.0
39995,rover,sport,excellent,6 cylinders,diesel,77422.0,clean,automatic,SALWR2KF7GA548149,4wd,SUV,black,5.0,84000.0
27995,chevrolet,coloradocrewcabz71,like new,6 cylinders,gas,59003.0,clean,automatic,1GCGTCE31F1274739,4wd,truck,red,6.0,35900.0
13950,ford,transitconnect,excellent,4 cylinders,gas,113358.0,clean,automatic,NM0LS7DN8DT131992,fwd,van,silver,8.0,23900.0
4995,chevrolet,cruze,good,4 cylinders,gas,149127.0,clean,manual,1G1PK5SC6C7185043,fwd,sedan,red,9.0,19100.0
4400,mazda,mazda3,good,4 cylinders,gas,162700.0,clean,automatic,JM1BL1UF5B1399618,fwd,sedan,black,10.0,19400.0
27990,gmc,sierra2500hdextendedcab,good,8 cylinders,gas,68696.0,clean,other,1GT220CG8CZ231238,4wd,pickup,black,9.0,42900.0
29990,toyota,tacomadoublecabpickup,good,6 cylinders,gas,43182.0,clean,other,3TMLU4EN4CM085701,4wd,pickup,white,9.0,30700.0
35990,dodge,challengerrtcoupe2d,good,8 cylinders,gas,6933.0,clean,other,2C3CDZBT0LH119099,rwd,coupe,white,1.0,38500.0
39488,ford,superdutyf350srw,good,8 cylinders,diesel,79138.0,clean,automatic,1FT8W3BT2FEC23260,4wd,truck,white,6.0,60900.0
6995,chevrolet,impala,good,6 cylinders,gas,44390.0,clean,automatic,2G1WC581669142212,fwd,sedan,grey,15.0,25000.0
37999,gmc,sierra2500hd,excellent,8 cylinders,gas,68300.0,clean,automatic,1GT22SEG4JZ139405,4wd,truck,silver,3.0,57800.0
43900,ford,superdutyf250srw,excellent,8 cylinders,diesel,118000.0,clean,automatic,1FT7W2BT3GEA11393,4wd,truck,black,5.0,59000.0
35590,ford,mustangboss302coupe2d,good,8 cylinders,gas,33692.0,clean,other,1ZVBP8CU8D5249606,rwd,coupe,white,8.0,36500.0
8499,chevrolet,impala,good,6 cylinders,gas,116251.0,clean,automatic,2G1WA5E39E1158784,fwd,sedan,black,7.0,27000.0
40990,infiniti,qx80signaturesport,good,8 cylinders,gas,47418.0,clean,automatic,JN8AZ2NE8H9158026,4wd,other,blue,4.0,65650.0
25900,bmw,x4,excellent,6 cylinders,gas,123096.0,clean,automatic,5UXXW7C50H0U24964,4wd,wagon,blue,4.0,59500.0
9480,honda,odyssey,excellent,6 cylinders,gas,133886.0,clean,automatic,5FNRL3H70AB015893,fwd,mini-van,grey,11.0,31900.0
16850,chevrolet,avalanche,excellent,8 cylinders,gas,137054.0,clean,automatic,3GNVKFE08AG227663,4wd,pickup,black,11.0,38800.0
18995,lexus,gx4704wd,excellent,8 cylinders,gas,149951.0,clean,automatic,JTJBT20X180158526,4wd,SUV,white,13.0,55800.0
16995,toyota,prius,like new,4 cylinders,hybrid,26654.0,clean,automatic,JTDKN3DU8D1622029,fwd,hatchback,blue,8.0,24000.0
3450,toyota,prius,good,4 cylinders,hybrid,196000.0,clean,automatic,JTDKB20U867061727,fwd,hatchback,red,15.0,23200.0
17995,ford,transit,good,6 cylinders,gas,128480.0,clean,automatic,1FTYE1YG4GKA20391,rwd,van,white,5.0,31500.0
30901,gmc,sierra1500,excellent,8 cylinders,gas,80156.0,clean,automatic,3GTU2LEC8GG233100,4wd,truck,white,5.0,41000.0
6908,chevrolet,impalaltz,excellent,6 cylinders,gas,133999.0,clean,automatic,2G1WU583781233618,fwd,sedan,grey,13.0,30900.0
48900,ford,superdutyf250srw,excellent,8 cylinders,diesel,134000.0,clean,automatic,1FT7W2BT4FEA02443,4wd,truck,white,6.0,52700.0
13990,chevrolet,tahoe,good,8 cylinders,gas,177097.0,clean,automatic,1GNSKBE09DR352364,4wd,SUV,custom,8.0,42310.0
27990,gmc,sierra2500hdextendedcab,good,8 cylinders,gas,68696.0,clean,other,1GT220CG8CZ231238,4wd,pickup,black,9.0,39600.0
29590,ford,expeditionxltsport,good,6 cylinders,gas,70760.0,clean,other,1FMJU1JT1HEA52352,4wd,SUV,blue,4.0,59125.0
8495,nissan,maxima,good,6 cylinders,gas,80236.0,clean,automatic,1N4AA51E79C811899,fwd,other,grey,12.0,30000.0
25000,toyota,4runnertrailpremium,excellent,6 cylinders,gas,169500.0,clean,automatic,JTEBU5JR8G5299074,4wd,SUV,red,5.0,36000.0
36988,ford,f450,like new,8 cylinders,diesel,137919.0,clean,automatic,1FD0W4GT1EEB66412,rwd,truck,white,7.0,54600.0
6500,honda,odyssey,like new,4 cylinders,gas,162673.0,clean,automatic,5FNRL18033B101094,fwd,van,silver,18.0,30000.0
6990,chevrolet,malibult4drsedanw,excellent,6 cylinders,gas,122000.0,clean,automatic,1G1ZJ57708F226741,fwd,sedan,blue,13.0,23995.0
24590,dodge,chargersxtsedan4d,good,6 cylinders,gas,41699.0,clean,other,2C3CDXBG7KH658180,rwd,sedan,white,2.0,30000.0
29990,toyota,tacomadoublecabpickup,good,6 cylinders,gas,43182.0,clean,other,3TMLU4EN4CM085701,4wd,pickup,white,9.0,30200.0
55590,chevrolet,corvettestingray,good,8 cylinders,gas,6498.0,clean,other,1G1YB2D71K5106794,rwd,coupe,white,2.0,55800.0
31990,ram,1500crewcabexpresspickup,good,8 cylinders,gas,15498.0,clean,other,3C6RR7KT2HG689972,4wd,pickup,silver,4.0,38500.0
29990,chevrolet,coloradoextendedcab,good,6 cylinders,gas,17302.0,clean,other,1GCHTCE37G1186784,4wd,pickup,red,5.0,36700.0
6995,chevrolet,sonic,good,4 cylinders,gas,96000.0,clean,other,1G1JF6SBXE4144748,fwd,hatchback,silver,7.0,19500.0
11950,toyota,highlander,good,6 cylinders,gas,154662.0,clean,automatic,5TDZK3EH3BS027291,fwd,SUV,grey,10.0,36500.0
25590,jeep,grandcherokeelaredosport,good,6 cylinders,other,31315.0,clean,other,1C4RJFAG6HC633079,4wd,SUV,silver,4.0,39645.0
21995,jeep,grandcherokee,good,6 cylinders,gas,64653.0,clean,automatic,1C4RJFCG4FC807466,4wd,SUV,white,6.0,46400.0
7495,jeep,renegadelatitude4x4,good,4 cylinders,gas,55101.0,salvage,automatic,ZACCJBBB3JPJ42808,4wd,SUV,white,3.0,26325.0
12500,toyota,corolla,good,4 cylinders,gas,33591.0,clean,automatic,5YFBURHE8HP655686,fwd,sedan,black,4.0,19800.0
28990,bmw,m3convertible2d,good,8 cylinders,gas,70703.0,clean,other,WBSDX9C57CE785089,rwd,other,silver,9.0,61300.0
17995,chevrolet,silverado2500hd,good,8 cylinders,gas,110062.0,clean,automatic,1GC2KVCG6DZ303908,4wd,truck,white,8.0,37370.0
7738,chevrolet,soniclt,good,4 cylinders,gas,116317.0,clean,automatic,1G1JC5SH3D4167763,fwd,sedan,white,8.0,18500.0
6950,honda,crv,excellent,4 cylinders,gas,164453.0,clean,automatic,5J6RE4H50BL006831,4wd,SUV,black,10.0,27200.0
39000,gmc,sierra2500hd,excellent,8 cylinders,diesel,111442.0,clean,automatic,1GT125E8XEF168601,4wd,truck,black,7.0,61000.0
24590,dodge,challengersxtcoupe2d,good,6 cylinders,gas,31936.0,clean,automatic,2C3CDZAG7HH665569,rwd,coupe,white,4.0,30000.0
38590,lexus,rx350sportutility4d,good,6 cylinders,gas,9210.0,clean,other,2T2ZZMCA9JC095542,fwd,other,black,3.0,44700.0
7996,honda,crv,good,4 cylinders,gas,98805.0,rebuilt,automatic,JHLRE48749C007565,4wd,wagon,blue,12.0,27900.0
29990,chevrolet,coloradoextendedcab,good,6 cylinders,gas,17302.0,clean,other,1GCHTCE37G1186784,4wd,pickup,red,5.0,38500.0
52990,ford,superdutyf550drw,good,8 cylinders,diesel,15886.0,clean,automatic,1FDUF5HT8EEB30478,4wd,truck,white,7.0,65000.0
7999,hyundai,sonata,good,4 cylinders,gas,89381.0,clean,automatic,5NPEB4AC0DH688509,fwd,sedan,blue,8.0,21500.0
46990,chevrolet,corvettestingray,good,8 cylinders,gas,16966.0,clean,other,1G1YA3D74E5119018,rwd,other,white,7.0,51100.0
12995,dodge,grandcaravan,good,6 cylinders,gas,64529.0,clean,automatic,2C4RDGBG2GR347697,fwd,van,black,5.0,28700.0
7995,buick,regalpremium,excellent,6 cylinders,gas,105602.0,clean,automatic,2G4GT5GK0C9155826,fwd,sedan,silver,9.0,30900.0
5900,honda,civicex,excellent,4 cylinders,gas,149000.0,clean,automatic,1HGFA16866L093786,fwd,sedan,white,15.0,19740.0
13999,acura,mdxtechpackage,excellent,6 cylinders,gas,131227.0,clean,automatic,2HNYD2H35CH543937,4wd,SUV,black,9.0,48500.0
32990,buick,enclaveessencesport,good,6 cylinders,gas,11386.0,clean,other,5GAERBKW6JJ217073,fwd,other,red,3.0,39300.0
25995,mercedes-benz,slclass,good,8 cylinders,gas,59300.0,clean,automatic,WDBSK72F77F133518,rwd,convertible,black,14.0,123000.0
6900,hyundai,sonata,excellent,4 cylinders,gas,127153.0,clean,automatic,5NPEC4AC1BH190992,fwd,sedan,black,10.0,22600.0
38590,cadillac,xt5premiumluxury,good,6 cylinders,gas,20138.0,clean,other,1GYKNCRS8LZ186655,fwd,other,black,1.0,51000.0
18995,chevrolet,traverse,excellent,6 cylinders,gas,59921.0,clean,automatic,1GNKRFKD3HJ322016,fwd,SUV,silver,4.0,28600.0
16500,bmw,645ciconvertible,excellent,8 cylinders,gas,55000.0,clean,automatic,WBAEK734X5B326386,rwd,convertible,black,16.0,75000.0
8900,honda,odyssey,excellent,6 cylinders,gas,0.0,clean,automatic,5FNRL38618B095416,fwd,van,black,13.0,32400.0
28995,mercedes-benz,glclass,excellent,8 cylinders,gas,118492.0,clean,automatic,4JGDF7DE3FA464817,4wd,SUV,white,6.0,91800.0
32990,ford,mustanggtcoupe2d,good,8 cylinders,gas,27726.0,clean,other,1FA6P8CF8J5184067,rwd,coupe,red,3.0,42800.0
33990,chevrolet,corvettegrandsport,good,8 cylinders,gas,70976.0,clean,other,1G1YW3DW5B5111532,rwd,other,yellow,10.0,62200.0
26900,toyota,tundrasr5,excellent,8 cylinders,gas,156650.0,clean,automatic,5TFDY5F15EX324759,rwd,pickup,black,7.0,39600.0
11900,honda,accordsedanlx,excellent,4 cylinders,gas,78000.0,clean,automatic,1HGCR2F32EA141607,fwd,sedan,black,7.0,23290.0
38990,chevrolet,camarozl1coupe2d,good,8 cylinders,gas,27610.0,clean,other,2G1FL1EP8D9800045,rwd,coupe,black,8.0,55800.0
33590,lexus,gs350sedan4d,good,6 cylinders,gas,30814.0,clean,automatic,JTHBZ1BLXJA012999,rwd,sedan,white,3.0,52900.0
9995,ford,thunderbird,good,8 cylinders,gas,109445.0,clean,automatic,1FAHP60A82Y105714,rwd,convertible,red,19.0,38500.0
15950,chevrolet,cruze,good,4 cylinders,gas,44232.0,clean,automatic,1G1BE5SM4J7163825,fwd,sedan,silver,3.0,22500.0
27399,chevrolet,silverado2500hd,good,8 cylinders,gas,159750.0,clean,automatic,1GC1KUEG2GF229198,4wd,truck,white,5.0,42300.0
13988,ford,transitconnectcargoxl,like new,4 cylinders,gas,144431.0,clean,automatic,NM0LS6E70E1161253,fwd,van,white,7.0,22000.0
4495,toyota,camrylev6,excellent,6 cylinders,gas,155431.0,clean,automatic,4T1BK46K57U509583,fwd,sedan,silver,14.0,25000.0
22590,hyundai,genesis38sedan4d,good,6 cylinders,gas,51933.0,clean,automatic,KMHGN4JE9FU037434,rwd,sedan,silver,6.0,40000.0
26900,toyota,tacoma,excellent,4 cylinders,gas,50890.0,clean,automatic,5TFAX5GN1JX111308,rwd,pickup,grey,3.0,33200.0
37590,infiniti,qx80limitedsport,good,8 cylinders,gas,60560.0,clean,automatic,JN8AZ2NE9H9151571,4wd,other,white,4.0,79750.0
10450,chrysler,200,excellent,4 cylinders,gas,86260.0,clean,automatic,1C3CCCAB5GN159104,fwd,sedan,white,5.0,22990.0
12995,honda,accordcrosstour,excellent,6 cylinders,gas,56405.0,clean,automatic,5J6TF2H58BL007989,4wd,wagon,silver,10.0,33500.0
6800,nissan,leaf,good,other,electric,39500.0,clean,other,1N4AZ0CP8FC304337,fwd,hatchback,white,6.0,29900.0
22995,chevrolet,avalanche,excellent,8 cylinders,gas,121458.0,clean,automatic,3GNTKFE71DG255667,4wd,pickup,black,8.0,38550.0
14995,gmc,terrain,like new,4 cylinders,gas,77550.0,clean,automatic,2GKALMEK8G6244174,fwd,SUV,black,5.0,23600.0
39900,ford,f350superduty,excellent,8 cylinders,diesel,74874.0,clean,automatic,1FT8W3DT0FEC49238,4wd,truck,brown,6.0,58000.0
13999,volkswagen,jetta14ts,excellent,4 cylinders,gas,40312.0,clean,automatic,3VW2B7AJ7HM305679,fwd,sedan,grey,4.0,19500.0
26995,chevrolet,silverado1500,excellent,8 cylinders,gas,85341.0,clean,automatic,3GCPKREAXBG369459,4wd,truck,red,10.0,40600.0
39590,ford,mustanggtcoupe2d,good,8 cylinders,gas,728.0,clean,other,1FA6P8CF3L5183234,rwd,coupe,blue,1.0,42500.0
29990,honda,odysseyexminivan4d,good,6 cylinders,gas,19399.0,clean,other,5FNRL6H57KB126605,fwd,van,silver,2.0,34700.0
23498,audi,q3,good,4 cylinders,gas,63444.0,clean,automatic,WA1ECCFS8HR003706,4wd,SUV,white,4.0,35750.0
13995,ford,explorer,good,6 cylinders,gas,134584.0,clean,automatic,1FM5K8D8XDGA22627,4wd,SUV,silver,8.0,36700.0
18500,chevrolet,equinox,good,4 cylinders,gas,8261.0,clean,automatic,2GNAXNEV1L6112701,fwd,SUV,orange,1.0,32700.0
11990,kia,soul,good,4 cylinders,gas,81675.0,clean,automatic,KNDJP3A57J7901127,fwd,wagon,black,3.0,22700.0
13950,honda,fitexhatchback,excellent,4 cylinders,gas,6690.0,rebuilt,automatic,3HGGK5H89KM712850,fwd,hatchback,orange,2.0,21990.0
3995,jeep,liberty,good,6 cylinders,gas,175036.0,clean,automatic,1J4GL48K44W207510,4wd,SUV,custom,17.0,24900.0
38900,toyota,4runner,excellent,6 cylinders,gas,73000.0,clean,automatic,JTEBU5JR4H5429529,4wd,SUV,grey,4.0,40500.0
34590,chevrolet,silverado1500double,good,6 cylinders,gas,29499.0,clean,other,1GCVKREH6GZ228691,4wd,pickup,silver,5.0,40700.0
26990,dodge,chargersxtplussedan4d,good,6 cylinders,gas,29491.0,clean,other,2C3CDXHG4JH135656,rwd,sedan,black,3.0,31895.0
10999,acura,tsx,excellent,4 cylinders,gas,116444.0,clean,automatic,JH4CU2F61AC001536,fwd,sedan,white,11.0,29670.0
6500,toyota,tundra,good,6 cylinders,gas,157000.0,clean,automatic,5TBJN32112S236582,rwd,truck,white,19.0,23980.0
37990,dodge,chargerrtscatpack,good,8 cylinders,gas,25957.0,clean,automatic,2C3CDXGJ5HH595643,rwd,sedan,black,4.0,43200.0
30990,chevrolet,suburban1500ltz,good,8 cylinders,other,87922.0,clean,other,1GNSKKE74ER102173,4wd,other,white,7.0,57885.0
19590,mercedes-benz,eclasse350,good,6 cylinders,gas,60091.0,clean,automatic,WDDHF5KB2EA878338,rwd,sedan,silver,7.0,52900.0
6499,chevrolet,impalalt,good,6 cylinders,gas,121667.0,clean,automatic,2G1WC5EM3B1190354,fwd,SUV,silver,10.0,30900.0
12988,ford,escapeseawd,good,4 cylinders,gas,90240.0,clean,automatic,1FMCU9GD7HUC11954,4wd,SUV,blue,4.0,27600.0
37990,chevrolet,corvettegrandsport,good,8 cylinders,other,56302.0,clean,other,1G1YS3DW5A5103103,rwd,other,red,11.0,63000.0
23500,cadillac,escaladeesvpremium,excellent,8 cylinders,hybrid,109792.0,clean,automatic,1GYS4JEF8BR221628,rwd,SUV,black,10.0,70300.0
9995,jeep,commander,excellent,8 cylinders,gas,143187.0,clean,automatic,1J8HG48N16C127717,4wd,SUV,white,15.0,35320.0
32995,ram,dieselcummins3500,like new,6 cylinders,diesel,157967.0,clean,automatic,3C63R3CL3FG518495,4wd,truck,white,6.0,42000.0
33990,ford,superdutyf550drw,good,8 cylinders,diesel,136250.0,clean,automatic,1FDUF5HT3EEB73528,4wd,truck,white,7.0,70000.0
15500,kia,sorentoawd,excellent,4 cylinders,gas,53459.0,clean,automatic,5XYPG4A38GG125343,fwd,SUV,white,5.0,25500.0
37590,chevrolet,corvettegrandsport,good,8 cylinders,gas,41066.0,clean,automatic,1G1YW2DW7C5106585,rwd,coupe,white,9.0,59000.0
12995,gmc,acadiasltawd,excellent,6 cylinders,gas,104615.0,clean,automatic,1GKKVREDXCJ140117,4wd,SUV,white,9.0,39855.0
35990,ram,1500crewcabbighorn,good,8 cylinders,gas,21885.0,clean,other,1C6RR7LT8JS335046,4wd,pickup,white,3.0,43600.0
26990,nissan,titansinglecabsv,good,8 cylinders,gas,41335.0,clean,other,1N6AA1R84HN570756,4wd,pickup,red,4.0,43000.0
14808,honda,civiclx,like new,4 cylinders,gas,54621.0,clean,automatic,19XFB2F56EE015541,fwd,sedan,grey,7.0,19700.0
7800,honda,pilotexl4wd,excellent,6 cylinders,gas,182000.0,clean,automatic,2HKYF18557H526256,4wd,SUV,black,14.0,34100.0
9995,cadillac,escalade,excellent,8 cylinders,gas,214053.0,clean,automatic,1GYFK63867R333957,4wd,SUV,white,14.0,66500.0
27990,toyota,tacomadoublecabpickup,good,6 cylinders,gas,67245.0,clean,other,5TFLU4EN4CX030112,4wd,pickup,silver,9.0,30000.0
38590,toyota,4runnersr5premiumsport,good,6 cylinders,gas,17460.0,clean,other,JTEBU5JR8J5556046,4wd,other,red,3.0,39990.0
9495,honda,accordexl,excellent,6 cylinders,gas,85000.0,clean,automatic,1HGCS22889A001184,fwd,coupe,white,12.0,30500.0
14950,ford,f150,excellent,8 cylinders,gas,135828.0,clean,automatic,1FTEW1E85AFC65018,4wd,pickup,red,11.0,29485.0
15950,hyundai,santafe,excellent,4 cylinders,gas,82177.0,clean,automatic,5XYZU3LA7DG023759,fwd,SUV,black,8.0,24800.0
22600,rover,sport,excellent,8 cylinders,gas,70409.0,clean,automatic,SALSK2D41DA812346,4wd,SUV,green,8.0,70000.0
38590,lincoln,continentalsedan4d,good,6 cylinders,gas,1772.0,clean,other,1LN6L9UK4L5602632,fwd,sedan,black,1.0,48600.0
12991,cadillac,dts,excellent,8 cylinders,gas,49876.0,clean,automatic,1G6KD5E60BU139938,rwd,sedan,red,10.0,49820.0
27900,jeep,wranglerunlimited,excellent,6 cylinders,gas,93000.0,clean,automatic,1C4BJWDG6GL291774,4wd,wagon,white,5.0,30890.0
8995,bmw,x1,excellent,4 cylinders,gas,118567.0,clean,automatic,WBAVM1C5XFVW57985,rwd,SUV,blue,6.0,33900.0
17498,subaru,outback,good,4 cylinders,gas,107689.0,clean,automatic,4S4BSANC0F3310969,4wd,wagon,green,6.0,33500.0
9999,subaru,forester,good,4 cylinders,gas,116402.0,clean,automatic,JF2SJAEC5EH414464,4wd,SUV,black,7.0,27795.0
5000,ford,fiesta,excellent,4 cylinders,gas,130000.0,clean,automatic,3FADP4BJ1FM191319,fwd,sedan,silver,6.0,18900.0
36990,gmc,sierra2500hddoublecab,good,8 cylinders,gas,23190.0,clean,other,1GT22REG1GZ401351,4wd,pickup,black,5.0,41000.0
13750,chevrolet,montecarlols,like new,6 cylinders,gas,702.0,clean,automatic,2G1WW12E939450935,fwd,coupe,blue,18.0,20500.0
38590,lexus,es350luxurysedan4d,good,6 cylinders,other,11599.0,clean,other,58ABZ1B16KU051206,fwd,sedan,white,2.0,39900.0
2999,honda,crv,excellent,4 cylinders,gas,194957.0,clean,automatic,JHLRE38368C052321,fwd,SUV,blue,13.0,23800.0
38990,chevrolet,silverado2500hd,good,8 cylinders,other,72410.0,clean,other,1GC2KVEG7GZ327653,4wd,pickup,black,5.0,48900.0
25590,acura,rdxsportutility4d,good,6 cylinders,gas,19908.0,clean,other,5J8TB3H31HL022480,fwd,other,silver,4.0,35800.0
10900,toyota,tacoma,excellent,4 cylinders,gas,75313.0,clean,automatic,5TENX22N47Z469544,rwd,pickup,brown,14.0,20600.0
18988,chevrolet,silverado1500,good,8 cylinders,gas,136064.0,clean,automatic,3GCPKSE79DG253197,4wd,truck,white,8.0,38500.0
40990,infiniti,qx80signaturesport,good,8 cylinders,gas,47418.0,clean,automatic,JN8AZ2NE8H9158026,4wd,other,blue,4.0,62400.0
7995,ford,fusionsel,like new,4 cylinders,gas,97327.0,clean,automatic,3FAHP0JA8AR365829,fwd,sedan,red,11.0,23900.0
33990,ram,1500crewcabtradesman,good,8 cylinders,gas,17033.0,clean,other,3C6RR7KT7HG794054,4wd,pickup,blue,4.0,39500.0
34590,chevrolet,silverado1500double,good,6 cylinders,gas,29499.0,clean,other,1GCVKREH6GZ228691,4wd,pickup,silver,5.0,40500.0
22900,jeep,grandcherokee,excellent,6 cylinders,gas,72000.0,clean,automatic,1C4RJFAG2GC365601,4wd,SUV,grey,5.0,35790.0
23990,chevrolet,impalapremiersedan,good,6 cylinders,gas,37318.0,clean,other,1G1105S36LU101395,fwd,sedan,silver,1.0,35995.0
30995,chevrolet,suburban,excellent,8 cylinders,gas,137252.0,clean,automatic,1GNSCJKC2FR242491,rwd,SUV,white,6.0,47500.0
27990,infiniti,qx60puresportutility,good,6 cylinders,gas,31050.0,clean,other,5N1DL0MN4LC509537,fwd,SUV,brown,1.0,44850.0
52590,chevrolet,silverado2500hdcrew,good,8 cylinders,diesel,56823.0,clean,other,1GC1KWEY2JF212011,4wd,pickup,white,3.0,63400.0
6995,dodge,durango,excellent,8 cylinders,gas,191472.0,clean,automatic,1D8HB48P27F501504,4wd,SUV,grey,14.0,32500.0
20590,ford,explorersportsuv4d,good,6 cylinders,other,91667.0,clean,automatic,1FM5K8GT5FGB40247,4wd,SUV,white,6.0,42680.0
31750,ford,f150,excellent,8 cylinders,gas,153234.0,clean,automatic,1FTEW1E53JKF27762,4wd,truck,black,3.0,48500.0
35990,ford,mustanggtpremiumcoupe2d,good,8 cylinders,gas,4899.0,clean,other,1FA6P8CF9F5375018,rwd,coupe,red,6.0,37995.0
30990,chevrolet,suburban1500ltz,good,8 cylinders,other,87922.0,clean,other,1GNSKKE74ER102173,4wd,other,white,7.0,59180.0
43990,acura,mdxtechnologypkgsport,good,6 cylinders,gas,1835.0,clean,other,5J8YD3H52LL013992,fwd,SUV,blue,1.0,45000.0
13990,chevrolet,malibu,good,4 cylinders,gas,128687.0,clean,automatic,1G1ZD5ST7JF187678,fwd,sedan,white,3.0,22720.0
59995,porsche,macansawd,excellent,6 cylinders,gas,23985.0,clean,automatic,WP1AB2A5XJLB30855,4wd,SUV,grey,3.0,60500.0
29990,ford,superdutyf450drw,good,8 cylinders,diesel,137481.0,clean,automatic,1FD0X4HT9BEC31739,4wd,truck,white,10.0,53700.0
12800,chrysler,300,good,6 cylinders,gas,147200.0,clean,automatic,2C3CCAAG9FH920529,rwd,sedan,black,6.0,30500.0
10500,ford,f150,good,8 cylinders,gas,103500.0,clean,automatic,1FTPX14V27FA23664,4wd,pickup,silver,14.0,32900.0
13995,ford,f150,excellent,8 cylinders,gas,144120.0,clean,automatic,1FTEW1E80AFA90399,4wd,truck,black,11.0,32910.0
16950,dodge,charger,excellent,6 cylinders,gas,53864.0,clean,automatic,2C3CDXBGXDH519745,rwd,sedan,white,8.0,27395.0
41590,buick,enclaveavenirsport,good,6 cylinders,gas,29010.0,clean,other,5GAERDKWXLJ231184,fwd,SUV,red,1.0,52500.0
27990,gmc,sierra2500hdextendedcab,good,8 cylinders,gas,68696.0,clean,other,1GT220CG8CZ231238,4wd,pickup,black,9.0,41300.0
26900,toyota,tacoma,excellent,4 cylinders,gas,50890.0,clean,automatic,5TFAX5GN1JX111308,rwd,pickup,grey,3.0,30800.0
33667,cadillac,xt5,excellent,6 cylinders,gas,30511.0,clean,automatic,1GYKNCRS9JZ169313,fwd,SUV,white,3.0,45700.0
31990,ford,superdutyf550drw,good,8 cylinders,diesel,59429.0,clean,automatic,1FDAW57P46ED02529,4wd,truck,red,15.0,52300.0
25995,chevrolet,silverado1500,excellent,8 cylinders,gas,104854.0,clean,automatic,1GCVKSEC2EZ409375,4wd,truck,green,7.0,43500.0
14500,chevrolet,silverado,excellent,8 cylinders,gas,148700.0,clean,automatic,3GCEK13M47G526318,4wd,truck,blue,14.0,33300.0
41995,chevrolet,silverado1500lt,good,8 cylinders,other,42463.0,clean,automatic,1GCRYDED3LZ142619,4wd,pickup,silver,1.0,42500.0
7495,lexus,rx350,good,6 cylinders,gas,158889.0,clean,automatic,2T2HK31U07C029865,4wd,SUV,blue,14.0,39900.0
33990,jeep,wranglerunlimitedsahara,good,6 cylinders,other,34152.0,clean,other,1C4HJWEG5HL696454,4wd,SUV,white,4.0,38500.0
4995,ford,focusse,like new,4 cylinders,gas,75115.0,clean,automatic,1FAHP36301W305133,fwd,wagon,silver,20.0,13500.0
31990,ram,1500crewcabexpresspickup,good,8 cylinders,gas,15498.0,clean,other,3C6RR7KT2HG689972,4wd,pickup,silver,4.0,40000.0
6980,chevrolet,cruze,excellent,4 cylinders,gas,130650.0,clean,automatic,1G1PC5SB9E7293261,fwd,sedan,red,7.0,18800.0
7888,volkswagen,jetta,good,4 cylinders,diesel,126608.0,clean,automatic,3VWLL7AJ1DM231235,fwd,sedan,black,8.0,30700.0
49988,gmc,yukon,like new,6 cylinders,gas,33470.0,clean,automatic,1GKS1BKC7HR281038,fwd,SUV,custom,4.0,57000.0
3500,ford,focus,like new,4 cylinders,gas,100333.0,clean,automatic,1FAFP34N56W121194,fwd,sedan,red,15.0,15770.0
25590,acura,rdxsportutility4d,good,6 cylinders,gas,19908.0,clean,other,5J8TB3H31HL022480,fwd,other,silver,4.0,35900.0
13988,chevrolet,traxltz,good,4 cylinders,gas,76503.0,clean,automatic,3GNCJRSB6GL262865,4wd,SUV,red,5.0,28400.0
5995,toyota,siennale,excellent,6 cylinders,gas,157250.0,clean,automatic,5TDZA23C86S494121,fwd,mini-van,blue,15.0,28500.0
1000,gmc,sierra,excellent,8 cylinders,gas,85155.0,clean,automatic,3GTU2VEC7EG224459,4wd,truck,silver,7.0,40000.0
13900,ford,fusion,excellent,4 cylinders,gas,28273.0,clean,automatic,3FA6P0H71DR315800,fwd,sedan,red,8.0,21770.0
11599,dodge,journey,like new,6 cylinders,gas,75024.0,clean,automatic,3C4PDCBG5DT506656,fwd,SUV,red,8.0,23695.0
29990,toyota,fjcruisersportutility,good,6 cylinders,gas,103360.0,clean,other,JTEBU4BF3CK145026,4wd,other,white,9.0,30000.0
5450,mercury,grandmarquis,good,8 cylinders,gas,167619.0,clean,automatic,2MEFM75V58X636016,rwd,sedan,silver,13.0,35000.0
41990,ford,mustanggtcoupe2d,good,8 cylinders,gas,561.0,clean,other,1FA6P8CFXL5169606,rwd,coupe,white,1.0,43000.0
11999,ford,focus,excellent,4 cylinders,gas,69534.0,clean,automatic,1FADP3F24HL284644,fwd,sedan,grey,4.0,20000.0
12199,lexus,rx350,excellent,6 cylinders,gas,151169.0,clean,automatic,2T2ZK1BA5AC012838,fwd,SUV,blue,11.0,41400.0
28990,jeep,wranglerunlimitedsahara,good,6 cylinders,gas,69856.0,clean,other,1C4BJWEG4GL330960,4wd,SUV,red,5.0,38500.0
37990,chevrolet,camarosscoupe2d,good,8 cylinders,gas,9704.0,clean,other,1G1FF1R79G0140582,rwd,coupe,red,5.0,38500.0
13900,chevrolet,silverado3500hd,good,8 cylinders,gas,181364.0,clean,automatic,1GBHC34K18E210293,rwd,truck,white,13.0,33200.0
9900,ford,expedition,excellent,8 cylinders,gas,139109.0,clean,automatic,1FMJU1K5XAEA29853,rwd,SUV,black,11.0,60595.0
8995,honda,pilot,excellent,6 cylinders,gas,128765.0,clean,automatic,5FNYF18518B016129,4wd,SUV,brown,13.0,35300.0
13497,bmw,535ixdrive,excellent,6 cylinders,gas,113964.0,clean,automatic,WBAFU7C54DDU72387,4wd,sedan,blue,8.0,62700.0
29990,chevrolet,coloradoextendedcab,good,6 cylinders,gas,17302.0,clean,other,1GCHTCE37G1186784,4wd,pickup,red,5.0,36000.0
26000,toyota,tacomadoublecabsr5,excellent,6 cylinders,gas,17704.0,rebuilt,automatic,3TMCZ5AN0JM124973,4wd,pickup,grey,3.0,36400.0
2950,chevrolet,equinox,excellent,6 cylinders,gas,210618.0,clean,automatic,2CNDL63F576069954,fwd,SUV,black,14.0,26300.0
8900,honda,accordlx,good,4 cylinders,gas,134037.0,clean,automatic,1HGCP2F33AA008659,fwd,sedan,grey,11.0,23800.0
13500,chrysler,townandcountry,good,6 cylinders,gas,41000.0,clean,automatic,2A4RR2D1XAR387556,fwd,mini-van,silver,11.0,35300.0
14500,gmc,sierra1500,good,8 cylinders,gas,186168.0,clean,automatic,3GTEK23399G207626,4wd,pickup,grey,12.0,33740.0
14599,ford,mustang,good,6 cylinders,gas,114803.0,clean,automatic,1ZVBP8AM4E5287676,rwd,coupe,grey,7.0,22400.0
23900,dodge,challengersxt,like new,6 cylinders,gas,37937.0,clean,automatic,2C3CDZAG0HH594537,rwd,coupe,grey,4.0,27495.0
41990,lexus,is350fsportsedan4d,good,6 cylinders,gas,8104.0,clean,other,JTHGZ1B23L5035873,rwd,sedan,white,1.0,42300.0
5990,hyundai,veloster,excellent,4 cylinders,gas,156200.0,clean,automatic,KMHTC6AE1EU191649,fwd,hatchback,black,7.0,19500.0
29995,jeep,grandcherokee,excellent,6 cylinders,gas,38831.0,clean,automatic,1C4RJEAGXHC621303,rwd,SUV,green,4.0,30800.0
38590,chevrolet,corvettegrandsport,good,8 cylinders,gas,32086.0,clean,automatic,1G1YW3DW4C5101754,rwd,convertible,white,9.0,66700.0
14900,honda,pilot,like new,6 cylinders,gas,118925.0,clean,automatic,5FNYF4H59DB008050,4wd,SUV,silver,8.0,38900.0
38990,chevrolet,corvettegrandsport,good,8 cylinders,gas,51525.0,clean,other,1G1YW3DW6D5106133,rwd,other,red,8.0,57700.0
8995,honda,civiclx,excellent,4 cylinders,gas,71204.0,clean,automatic,2HGFA16549H518218,fwd,sedan,silver,12.0,18805.0
28990,bmw,m3convertible2d,good,8 cylinders,gas,70703.0,clean,other,WBSDX9C57CE785089,rwd,other,silver,9.0,56500.0
26998,chevrolet,equinoxltawd,excellent,4 cylinders,gas,22894.0,clean,automatic,2GNAXVEX9L6189351,4wd,SUV,black,1.0,32100.0
11995,cadillac,escalade,excellent,8 cylinders,gas,147883.0,clean,automatic,1GYFK66877R260853,4wd,SUV,black,14.0,70480.0
5997,pontiac,g6,excellent,6 cylinders,gas,134856.0,clean,automatic,1G2ZL577294271697,fwd,sedan,silver,12.0,30800.0
20850,lexus,gs350,excellent,6 cylinders,gas,85750.0,clean,automatic,JTHCE1BLXD5006892,4wd,sedan,silver,8.0,59850.0
6500,dodge,caliberheat,excellent,4 cylinders,gas,135000.0,clean,automatic,1B3CB5HA6BD247327,fwd,wagon,grey,10.0,19900.0
31865,gmc,sierra1500,excellent,8 cylinders,gas,91829.0,clean,automatic,1GTV2LEC9HZ382184,4wd,truck,silver,4.0,38500.0
17590,acura,tlsedan4d,good,6 cylinders,gas,39301.0,clean,other,19UUA8F50CA005960,fwd,sedan,silver,9.0,40500.0
35990,dodge,challengerrtcoupe2d,good,8 cylinders,hybrid,6757.0,clean,other,2C3CDZBT2LH183886,rwd,coupe,purple,1.0,36000.0
18800,chevrolet,suburban1500,excellent,8 cylinders,gas,119241.0,clean,automatic,1GNSKJE79CR325316,4wd,SUV,white,9.0,54700.0
15299,audi,a420tquattro,like new,4 cylinders,gas,102000.0,clean,automatic,WAUBFAFL1FN041194,4wd,sedan,silver,6.0,42000.0
12288,buick,veranobase,excellent,4 cylinders,gas,31927.0,clean,automatic,1G4PP5SK8E4230001,fwd,sedan,white,7.0,22000.0
25990,gmc,acadiaslt2sportutility,good,6 cylinders,gas,70640.0,clean,other,1GKKNNLS8KZ159484,fwd,SUV,white,2.0,38900.0
22999,ford,f150,excellent,8 cylinders,gas,119000.0,clean,automatic,1FTFW1EF3EFB88528,4wd,pickup,white,7.0,41000.0
30999,chevrolet,silverado1500lt4x4,excellent,8 cylinders,gas,111207.0,clean,automatic,3GCUKREC5HG406575,4wd,truck,white,4.0,39800.0
5498,honda,civicsedan,excellent,4 cylinders,gas,216000.0,clean,automatic,2HGFB2F56CH333534,fwd,sedan,grey,9.0,20500.0
22087,subaru,forester,excellent,4 cylinders,gas,33380.0,clean,automatic,JF2SJAJC9HH447798,4wd,wagon,silver,4.0,31795.0
5750,bmw,x3siawd,excellent,6 cylinders,gas,145000.0,clean,automatic,WBXPC93479WJ05512,4wd,SUV,blue,13.0,44000.0
6495,dodge,dart,good,4 cylinders,gas,126800.0,clean,manual,1C3CDFCA7DD286604,fwd,sedan,red,8.0,19600.0
20999,ram,1500,good,8 cylinders,gas,90791.0,clean,automatic,1C6RR7FT8ES227124,4wd,truck,blue,7.0,38800.0
7900,mitsubishi,outlander,excellent,4 cylinders,gas,113100.0,clean,automatic,JA4AZ3A39EZ019826,4wd,SUV,grey,7.0,27300.0
30900,chevrolet,silverado1500,good,8 cylinders,gas,114800.0,clean,automatic,3GCUKSEC4FG336264,4wd,truck,custom,6.0,41000.0
3150,honda,odysseytouring,excellent,6 cylinders,gas,180361.0,clean,automatic,5FNRL38855B021574,fwd,SUV,blue,16.0,36500.0
25950,ford,f250xlcrewsb,excellent,8 cylinders,gas,98000.0,clean,automatic,1FT7W2B60BEC07262,4wd,truck,blue,10.0,40000.0
3500,toyota,sienna,excellent,6 cylinders,gas,183816.0,clean,automatic,5TDZA23C84S122467,fwd,mini-van,grey,17.0,26500.0
8997,lexus,es350,excellent,6 cylinders,gas,144368.0,clean,automatic,JTHBJ46G182246104,fwd,sedan,black,13.0,35450.0
26995,kia,sportageex,excellent,4 cylinders,gas,6837.0,clean,automatic,KNDPNCAC1L7806760,4wd,SUV,blue,1.0,29800.0
18995,volkswagen,jetta,excellent,4 cylinders,gas,43406.0,clean,automatic,3VW4T7AJ2HM407008,fwd,sedan,silver,4.0,25900.0
8990,gmc,acadiaslt,excellent,6 cylinders,gas,202988.0,clean,automatic,1GKKRRED4CJ131711,rwd,SUV,red,9.0,39500.0
19900,cadillac,escalade,good,8 cylinders,gas,133257.0,clean,automatic,1GYS3DEF8BR175139,rwd,SUV,white,10.0,80000.0
18999,ford,expedition,excellent,8 cylinders,gas,94270.0,clean,automatic,1FMJU2A55DEF14770,4wd,SUV,black,8.0,61620.0
9980,ford,escapese,excellent,4 cylinders,gas,124725.0,clean,automatic,1FMCU0G95EUA06622,fwd,SUV,green,7.0,25400.0
21900,chevrolet,camaro,excellent,4 cylinders,gas,54288.0,clean,other,1G1FA1RX4J0107639,rwd,coupe,silver,3.0,26500.0
35590,jaguar,ftypev8sconvertible,good,8 cylinders,gas,76372.0,clean,other,SAJWA6GL8EMK00863,rwd,other,black,7.0,101600.0
39990,ford,mustanggtcoupe2d,good,8 cylinders,gas,549.0,clean,other,1FA6P8CFXL5174241,rwd,coupe,blue,1.0,42905.0
34590,ford,mustanggtpremium,good,8 cylinders,gas,30970.0,clean,other,1FATP8FF6F5341651,rwd,other,white,6.0,41300.0
19990,cadillac,xtssedan4d,good,6 cylinders,gas,37938.0,clean,other,2G61N5S33D9127754,fwd,sedan,blue,8.0,46000.0
10995,nissan,altima25s,excellent,4 cylinders,gas,84189.0,clean,automatic,1N4AL3AP5FC410105,fwd,sedan,red,6.0,22200.0
21590,hyundai,genesis38sedan4d,good,6 cylinders,gas,53318.0,clean,other,KMHGN4JE8FU050627,rwd,sedan,white,6.0,38000.0
5300,chrysler,200limitedsedan4d,excellent,6 cylinders,gas,76000.0,salvage,automatic,1C3CCBCG9DN556197,fwd,sedan,grey,8.0,24500.0
3900,kia,riolx,excellent,4 cylinders,gas,136000.0,clean,automatic,KNADH4A31B6927662,fwd,sedan,red,10.0,14450.0
6995,ford,edge,excellent,6 cylinders,gas,165072.0,clean,automatic,2FMDK49C08BB24405,4wd,sedan,black,13.0,27520.0
5000,acura,32tl,excellent,6 cylinders,gas,161260.0,clean,automatic,19UUA66285A010806,fwd,sedan,grey,16.0,32300.0
5800,ford,fiestase,excellent,3 cylinders,gas,75300.0,lien,manual,3FADP4EE3EM212944,fwd,hatchback,red,7.0,16500.0
13495,bmw,3series328ixdrive,like new,4 cylinders,gas,94363.0,clean,automatic,WBA3B3C51DF535984,4wd,sedan,white,8.0,40450.0
31990,ford,superdutyf550drw,good,8 cylinders,diesel,59429.0,clean,automatic,1FDAW57P46ED02529,4wd,truck,red,15.0,49900.0
24990,jeep,wranglerunlimited,good,6 cylinders,gas,107345.0,clean,automatic,1J4BA5H1XBL562418,4wd,SUV,black,10.0,33500.0
32995,ford,f250sd,excellent,8 cylinders,gas,102000.0,clean,automatic,1FD7W2B69GED31257,4wd,truck,white,5.0,55000.0
7900,acura,32tl,excellent,6 cylinders,gas,155690.0,clean,automatic,19UUA66236A002159,fwd,sedan,grey,15.0,31800.0
12990,chevrolet,silverado4x4,good,8 cylinders,gas,170000.0,clean,automatic,1GCNKPE01DZ153232,4wd,pickup,white,8.0,29995.0
27990,infiniti,qx6035sportutility,good,6 cylinders,other,26355.0,clean,other,5N1DL0MN6HC547424,fwd,other,blue,4.0,44200.0
33900,ram,1500bighorn,excellent,6 cylinders,gas,53780.0,clean,automatic,1C6RR7LG5HS810570,4wd,truck,white,4.0,40000.0
18999,ford,f250superduty4x4176373,excellent,8 cylinders,gas,176373.0,clean,automatic,1FT7X2B69GEC24498,4wd,pickup,white,5.0,40000.0
3995,volkswagen,jetta,excellent,4 cylinders,gas,139237.0,clean,automatic,3VWSA69M65M074801,fwd,sedan,silver,16.0,19200.0
6995,hyundai,sonatagls,good,4 cylinders,gas,98030.0,clean,automatic,5NPEB4AC8BH031499,fwd,sedan,grey,10.0,21500.0
31590,ford,f150supercrewcabfx4,good,8 cylinders,other,54152.0,clean,other,1FTFW1EF7EKF88437,4wd,pickup,blue,7.0,39600.0
42590,ram,1500crewcabbighorn,good,8 cylinders,gas,12450.0,clean,other,1C6SRFFT0LN151177,4wd,pickup,red,1.0,44000.0
20499,cadillac,srx,excellent,6 cylinders,gas,63332.0,clean,automatic,3GYFNEE32FS555538,4wd,SUV,silver,6.0,44700.0
15590,honda,accordexlcoupe2d,good,6 cylinders,hybrid,57754.0,clean,other,1HGCS2B84AA005608,fwd,coupe,black,11.0,26600.0
5800,chevrolet,impalalsfleet,excellent,6 cylinders,other,94000.0,clean,automatic,2G1WF5E39C1233126,fwd,sedan,silver,9.0,24395.0
33990,gmc,sierra1500doublecabsle,good,6 cylinders,gas,24299.0,clean,other,1GTV2MEHXJZ346690,4wd,pickup,white,3.0,40000.0
39900,ford,f250xl4x4diesel,excellent,8 cylinders,diesel,130948.0,clean,automatic,1FT7W2BT2HEE01497,4wd,pickup,white,4.0,55000.0
37995,ram,1500,good,6 cylinders,gas,91099.0,clean,automatic,1C6RR7NM8GS230411,4wd,truck,white,5.0,49000.0
4600,honda,fit,excellent,4 cylinders,gas,197000.0,clean,manual,JHMGD37478S007054,fwd,hatchback,blue,13.0,15500.0
14395,honda,crv,good,4 cylinders,gas,112697.0,clean,automatic,2HKRM4H70EH625612,4wd,SUV,black,7.0,30350.0
16995,dodge,charger,excellent,6 cylinders,gas,115536.0,clean,automatic,2C3CDXJGXGH130111,4wd,sedan,black,5.0,31800.0
15488,mercedes-benz,slclass,good,8 cylinders,gas,67361.0,clean,automatic,WDBSK75F13F057283,rwd,convertible,custom,18.0,78000.0
12950,cadillac,ats,excellent,4 cylinders,gas,131085.0,clean,automatic,1G6AB5SA5E0107718,rwd,sedan,red,7.0,38800.0
9777,jeep,grandcherokee,good,6 cylinders,gas,223161.0,clean,automatic,1J8HR68M68C100951,4wd,SUV,custom,13.0,40500.0
8995,chevrolet,tahoelt,excellent,8 cylinders,gas,195477.0,clean,automatic,1GNFC13J77R111511,rwd,SUV,red,14.0,41500.0
12995,toyota,corolla,excellent,4 cylinders,gas,78179.0,clean,automatic,2T1BURHE9GC727753,fwd,sedan,blue,5.0,18400.0
41990,ford,mustanggtcoupe2d,good,8 cylinders,gas,561.0,clean,other,1FA6P8CFXL5169606,rwd,coupe,white,1.0,42500.0
32388,ram,1500outdoorsman,good,8 cylinders,gas,63428.0,clean,automatic,1C6RR7TT7HS787774,4wd,pickup,white,4.0,40500.0
38990,chevrolet,corvettegrandsport,good,8 cylinders,gas,51525.0,clean,other,1G1YW3DW6D5106133,rwd,other,red,8.0,51200.0
26250,toyota,4runnersr5premium,excellent,6 cylinders,gas,101390.0,clean,automatic,JTEBU5JRXF5253731,4wd,SUV,grey,6.0,35800.0
10990,ford,edge,excellent,6 cylinders,gas,132631.0,clean,automatic,2FMDK3KC2BBA22406,fwd,SUV,red,10.0,38400.0
27998,ford,f150,excellent,8 cylinders,gas,86761.0,clean,automatic,1FTFW1EF2EFB58288,4wd,truck,red,7.0,38500.0
37990,toyota,4runnersr5sportutility,good,6 cylinders,gas,30399.0,clean,other,JTEBU5JR8K5682344,4wd,other,silver,2.0,40500.0
37990,bmw,m5,excellent,8 cylinders,gas,63700.0,clean,automatic,WBSFV9C55ED097633,rwd,sedan,black,7.0,90000.0
18900,jeep,wrangler,excellent,6 cylinders,gas,84000.0,clean,manual,1C4AJWAG7CL223686,4wd,wagon,white,9.0,26420.0
9975,chevrolet,silverado1500,good,8 cylinders,gas,180242.0,clean,automatic,1GCSKSE38AZ109529,4wd,pickup,silver,11.0,33000.0
28590,chevrolet,camarosscoupe2d,good,8 cylinders,gas,16903.0,clean,other,2G1FT1EW5A9116525,rwd,coupe,yellow,11.0,38500.0
11599,audi,a5,excellent,4 cylinders,gas,109971.0,clean,automatic,WAUJFAFH1BN007306,fwd,sedan,brown,10.0,39500.0
7999,ford,escape,excellent,6 cylinders,gas,106427.0,clean,automatic,1FMCU0DG1CKC14802,fwd,SUV,silver,9.0,29250.0
13249,nissan,altima,excellent,4 cylinders,gas,98869.0,clean,automatic,1N4AL3AP4HC474025,fwd,sedan,white,4.0,22600.0
58995,chevrolet,camaro,excellent,8 cylinders,gas,10626.0,clean,automatic,1G1FK1R62J0162496,rwd,coupe,silver,3.0,65000.0
4988,ford,explorerlimited,good,6 cylinders,gas,192000.0,clean,automatic,1FMEU75E38UA91689,4wd,SUV,purple,13.0,38500.0
48590,cadillac,escaladeesvpremium,good,8 cylinders,gas,73547.0,clean,other,1GYS4JKJ1HR294891,4wd,SUV,black,4.0,83790.0
5900,nissan,leafs,good,other,electric,48600.0,clean,automatic,1N4AZ0CP0DC419060,fwd,hatchback,grey,8.0,29900.0
8500,lexus,is350,excellent,6 cylinders,gas,204163.0,clean,automatic,JTHBE262172011732,rwd,sedan,grey,14.0,35000.0
14627,hyundai,elantralimited,like new,4 cylinders,gas,57499.0,clean,automatic,5NPDH4AE9GH769931,fwd,sedan,silver,5.0,18600.0
29990,chevrolet,coloradocrewcabwork,good,6 cylinders,gas,11401.0,clean,other,1GCGTBEN7J1162712,4wd,pickup,red,3.0,33600.0
29995,chevrolet,express3500,like new,6 cylinders,gas,19985.0,clean,automatic,1GAZGNFG9J1333242,rwd,van,white,3.0,38900.0
19900,ford,f250,excellent,8 cylinders,gas,153699.0,clean,automatic,1FT7X2B63DEB76718,4wd,pickup,white,8.0,43100.0
3900,cadillac,deville,excellent,8 cylinders,gas,113000.0,clean,automatic,1G6KD54Y73U213893,fwd,sedan,silver,18.0,48500.0
25000,gmc,sierra1500slt,good,8 cylinders,gas,96000.0,clean,automatic,3GTU2VECXEG338231,4wd,truck,white,7.0,43200.0
31990,toyota,avalonxsesedan4d,good,6 cylinders,gas,8219.0,clean,other,4T1BZ1FB9KU015083,fwd,sedan,black,2.0,35000.0
7995,ford,f150lariat4x4,good,8 cylinders,gas,144000.0,clean,automatic,1FTPX14515NB68536,4wd,pickup,grey,16.0,35000.0
37990,chevrolet,camarosscoupe2d,good,8 cylinders,gas,9704.0,clean,other,1G1FF1R79G0140582,rwd,coupe,red,5.0,38900.0
7999,dodge,grandcaravan,good,6 cylinders,gas,154191.0,clean,automatic,2C4RDGCG0ER227733,fwd,mini-van,blue,7.0,28400.0
3995,chevrolet,hhrlt,good,4 cylinders,gas,221254.0,clean,automatic,3GNBABDB1AS631421,fwd,wagon,black,11.0,22950.0
7900,honda,fit,excellent,4 cylinders,gas,79419.0,clean,automatic,JHMGD38697S015347,fwd,sedan,orange,14.0,15300.0
33990,ford,superdutyf550drw,good,8 cylinders,diesel,136250.0,clean,automatic,1FDUF5HT3EEB73528,4wd,truck,white,7.0,59000.0
23388,jeep,wrangler,excellent,6 cylinders,gas,136875.0,clean,automatic,1C4HJWEG3DL705047,4wd,offroad,black,8.0,32190.0
46990,mercedes-benz,slclasssl550,good,8 cylinders,other,28834.0,clean,other,WDDJK7DA9EF024737,rwd,convertible,blue,7.0,102900.0
7875,ford,focus,good,4 cylinders,gas,91571.0,clean,automatic,1FADP3F23FL298063,fwd,sedan,silver,6.0,19500.0
9495,ford,taurussho,like new,6 cylinders,gas,94368.0,clean,automatic,1FAHP2KT4AG107052,4wd,sedan,black,11.0,38600.0
4700,chevrolet,silverado1500,salvage,8 cylinders,gas,221866.0,salvage,automatic,1GCEK19T54E368220,4wd,pickup,brown,17.0,30900.0
7995,chevrolet,captivasport,excellent,4 cylinders,gas,95795.0,clean,automatic,3GNFL3EKXDS520600,fwd,SUV,grey,8.0,22350.0
28590,chevrolet,camarosscoupe2d,good,8 cylinders,gas,16903.0,clean,other,2G1FT1EW5A9116525,rwd,coupe,yellow,11.0,41000.0
19800,chevrolet,corvette,excellent,8 cylinders,gas,96951.0,clean,automatic,1G1YY26UX65116151,rwd,coupe,blue,15.0,50000.0
10500,ford,mustang,excellent,6 cylinders,gas,95375.0,clean,manual,1ZVBP8AM6C5262680,rwd,coupe,black,9.0,23330.0
5999,chrysler,200lx,like new,4 cylinders,gas,121852.0,clean,automatic,1C3BC4FB3BN550741,fwd,sedan,blue,10.0,20000.0
5900,toyota,camryle4drsedan,excellent,4 cylinders,gas,127044.0,clean,automatic,JTNBE46K573033459,fwd,sedan,silver,14.0,24000.0
41990,lincoln,continentalreserve,good,6 cylinders,gas,9345.0,clean,other,1LN6L9RP8K5604130,fwd,sedan,blue,2.0,65000.0
36590,buick,enclaveessencesport,good,6 cylinders,gas,3993.0,clean,other,5GAERBKW4LJ317921,fwd,other,white,1.0,41800.0
18995,ford,fusiontitanium,excellent,4 cylinders,gas,63400.0,clean,automatic,3FA6P0D90HR152358,4wd,sedan,black,4.0,35000.0
41990,ford,mustanggtcoupe2d,good,8 cylinders,gas,561.0,clean,other,1FA6P8CFXL5169606,rwd,coupe,white,1.0,43000.0
5495,chrysler,ptcruiserclassic,excellent,4 cylinders,gas,69950.0,clean,automatic,3A4GY5F91AT131009,fwd,sedan,black,11.0,24000.0
24800,gmc,sierra3500hd,like new,8 cylinders,diesel,209000.0,clean,automatic,1GDJK33628F179615,4wd,truck,blue,13.0,40500.0
25990,gmc,acadiaslt2sportutility,good,6 cylinders,gas,70640.0,clean,other,1GKKNNLS8KZ159484,fwd,SUV,white,2.0,40350.0
37990,toyota,tundradoublecabsr,good,8 cylinders,gas,22870.0,clean,other,5TFUM5F13GX069124,4wd,pickup,black,5.0,44800.0
6000,ford,fusion,good,6 cylinders,gas,150000.0,clean,automatic,3FAHP0KC8BR150615,fwd,sedan,red,10.0,24995.0
13900,chrysler,300,good,6 cylinders,gas,129971.0,clean,automatic,2C3CCAAGXFH849292,rwd,sedan,black,6.0,33825.0
5000,honda,civic,good,4 cylinders,gas,134000.0,clean,automatic,2HGFG12876H520345,fwd,coupe,silver,15.0,20775.0
29990,chevrolet,silverado1500double,good,8 cylinders,gas,26129.0,clean,other,1GCVKREC7EZ196951,4wd,pickup,brown,7.0,38800.0
18999,chrysler,townandcountry,like new,6 cylinders,gas,41000.0,clean,automatic,2C4RC1BG4FR573366,fwd,van,grey,6.0,30000.0
18999,toyota,rav4,excellent,4 cylinders,gas,57492.0,clean,automatic,2T3BFREV8HW646796,4wd,SUV,silver,4.0,29600.0
20997,ford,mustang,excellent,4 cylinders,gas,64681.0,clean,automatic,1FA6P8TH5G5238838,rwd,coupe,blue,5.0,26400.0
28590,jeep,grandcherokeelaredosport,good,6 cylinders,gas,22898.0,clean,other,1C4RJFAG2JC333416,4wd,other,black,3.0,39995.0
29990,toyota,tacomadoublecabpickup,good,6 cylinders,gas,43182.0,clean,other,3TMLU4EN4CM085701,4wd,pickup,white,9.0,30900.0
44990,chevrolet,corvettestingrayz51,good,8 cylinders,gas,33566.0,clean,other,1G1YM2D74E5124558,rwd,coupe,white,7.0,60900.0
8000,hyundai,sonata,excellent,4 cylinders,gas,147524.0,clean,automatic,5NPEC4AC0CH328877,fwd,sedan,blue,9.0,22700.0
14700,honda,crvexl,excellent,4 cylinders,gas,70672.0,salvage,automatic,2HKRM4H77FH677160,4wd,SUV,brown,6.0,30000.0
20311,chevrolet,traverse,excellent,6 cylinders,gas,70729.0,clean,automatic,1GNKRHKD6HJ195046,fwd,SUV,black,4.0,36400.0
13995,hyundai,sonata,good,4 cylinders,gas,46167.0,clean,automatic,5NPE34AF3FH091297,fwd,sedan,black,6.0,24900.0
8995,lexus,rx350navigation,excellent,6 cylinders,gas,162711.0,clean,automatic,2T2GK31U18C039821,fwd,SUV,grey,13.0,40000.0
12995,toyota,priusthree,like new,4 cylinders,hybrid,108490.0,clean,automatic,JTDKN3DU7E0364898,fwd,hatchback,red,7.0,24400.0
23999,toyota,tacoma,excellent,6 cylinders,gas,172582.0,clean,automatic,3TMDZ5BN8GM004222,4wd,pickup,grey,5.0,36600.0
34590,chevrolet,silverado1500double,good,6 cylinders,gas,29499.0,clean,other,1GCVKREH6GZ228691,4wd,pickup,silver,5.0,45600.0
37990,toyota,tundradoublecabsr,good,8 cylinders,gas,22870.0,clean,other,5TFUM5F13GX069124,4wd,pickup,black,5.0,45000.0
8900,chevrolet,cruzelt,excellent,4 cylinders,gas,40635.0,rebuilt,automatic,1G1BE5SM5H7197203,fwd,sedan,red,4.0,19500.0
39590,ford,mustanggtpremiumcoupe2d,good,8 cylinders,gas,1419.0,clean,other,1FA6P8CF5L5136223,rwd,coupe,white,1.0,43000.0
12988,volkswagen,passat,like new,4 cylinders,diesel,71779.0,clean,automatic,1VWCN7A35DC032802,fwd,sedan,blue,8.0,30700.0
35900,gmc,sierra2500hd,excellent,8 cylinders,diesel,163000.0,clean,automatic,1GT121E80CF143079,4wd,truck,red,9.0,60000.0
7995,mini,coopercountryman,good,4 cylinders,gas,132685.0,clean,other,WMWZC5C54CWL59255,4wd,wagon,green,9.0,25000.0
34995,ram,2500,good,6 cylinders,diesel,197754.0,clean,automatic,3C6UR5FL1EG158279,4wd,truck,white,7.0,61500.0
15995,mercedes-benz,cclass,excellent,4 cylinders,gas,108844.0,clean,automatic,WDDGF4HBXDR267809,rwd,sedan,white,8.0,36300.0
8499,nissan,versasv,like new,4 cylinders,gas,38000.0,clean,automatic,3N1CN7APXJL880165,fwd,sedan,red,3.0,13600.0
41990,lincoln,continentalreserve,good,6 cylinders,gas,9345.0,clean,other,1LN6L9RP8K5604130,fwd,sedan,blue,2.0,69000.0
13900,ford,edgeselawd,excellent,6 cylinders,gas,108000.0,clean,automatic,2FMDK4JC9DBC02511,4wd,SUV,silver,8.0,33840.0
59990,ford,superdutyf550drw,good,8 cylinders,diesel,31337.0,clean,automatic,1FD0X5HTXHEB33429,4wd,truck,white,4.0,66500.0
8400,lexus,ls4304drsedan,like new,8 cylinders,gas,176100.0,clean,automatic,JTHBN36F455001605,rwd,sedan,black,16.0,60950.0
7495,ford,edgelimited,good,6 cylinders,gas,151612.0,clean,automatic,2FMDK3KC8ABA88862,fwd,SUV,brown,11.0,35500.0
13443,dodge,chargerse,good,6 cylinders,gas,142341.0,clean,automatic,2C3CDXBG5FH759661,rwd,sedan,silver,6.0,27900.0
13999,chrysler,300s,good,6 cylinders,gas,111210.0,clean,automatic,2C3CCABG5EH346993,fwd,sedan,black,7.0,38000.0
38590,lexus,rx350sportutility4d,good,6 cylinders,gas,9210.0,clean,other,2T2ZZMCA9JC095542,fwd,other,black,3.0,45000.0
32990,jeep,wranglerunlimitedsport,good,6 cylinders,gas,30041.0,clean,other,1C4BJWDG5HL705371,4wd,other,silver,4.0,35000.0
14800,toyota,tacoma,excellent,6 cylinders,gas,190000.0,clean,automatic,3TMKU72N05M003371,fwd,truck,silver,16.0,22795.0
18758,dodge,grandcaravan,like new,6 cylinders,gas,31607.0,clean,automatic,2C4RDGCG5LR161399,fwd,mini-van,silver,1.0,28700.0
6500,honda,accordexl,good,4 cylinders,gas,157423.0,clean,automatic,1HGCP26828A096772,fwd,sedan,blue,13.0,25650.0
23995,ram,15004x4,like new,8 cylinders,gas,127722.0,clean,automatic,1C6RR7KT7FS646752,4wd,truck,grey,6.0,37995.0
15995,toyota,tundra,excellent,8 cylinders,gas,142489.0,clean,automatic,5TBDT48116S504875,4wd,pickup,white,15.0,38500.0
38990,chevrolet,silverado2500hd,good,8 cylinders,other,72410.0,clean,other,1GC2KVEG7GZ327653,4wd,pickup,black,5.0,52900.0
46902,chevrolet,corvette,excellent,8 cylinders,gas,54403.0,clean,manual,1G1YL2D75F5102993,rwd,coupe,white,6.0,69900.0
6995,chrysler,300,good,6 cylinders,gas,52258.0,clean,automatic,2C3KA53G26H455842,rwd,sedan,green,15.0,29200.0
29995,ford,f150xltsupercrew,excellent,6 cylinders,gas,103046.0,clean,automatic,1FTFW1EG4FFC81519,4wd,pickup,green,6.0,38400.0
29990,toyota,4runnersr5sportutility,good,6 cylinders,gas,84822.0,clean,other,JTEBU5JRXG5374129,4wd,SUV,white,5.0,36300.0
13900,ford,f150xlt,excellent,8 cylinders,gas,139851.0,clean,automatic,1FTPW12568FA28325,rwd,pickup,black,13.0,27300.0
26500,chevrolet,silverado1500,good,6 cylinders,gas,125340.0,clean,automatic,3GCUKREH6HG281940,4wd,truck,silver,4.0,38500.0
25590,jeep,grandcherokeelaredosport,good,6 cylinders,other,31315.0,clean,other,1C4RJFAG6HC633079,4wd,SUV,silver,4.0,38500.0
35590,dodge,challengersrt8coupe2d,good,8 cylinders,gas,16796.0,clean,other,2B3CJ7DJ7BH589702,rwd,coupe,green,10.0,43000.0
38590,chevrolet,corvettegrandsport,good,8 cylinders,gas,32086.0,clean,automatic,1G1YW3DW4C5101754,rwd,convertible,white,9.0,58500.0
9499,mazda,cx9,good,10 cylinders,gas,152124.0,clean,automatic,JM3TB2CA1D0408205,4wd,SUV,grey,8.0,32700.0
33900,ram,1500classic,good,8 cylinders,gas,4658.0,clean,automatic,1C6RR7TT3LS120418,4wd,truck,black,1.0,40100.0
29990,chevrolet,coloradoextendedcab,good,6 cylinders,gas,17302.0,clean,other,1GCHTCE37G1186784,4wd,pickup,red,5.0,36000.0
3999,volkswagen,jetta,excellent,4 cylinders,gas,61921.0,rebuilt,other,3VW1K7AJ8EM352999,rwd,sedan,black,7.0,18500.0
9790,honda,crv,good,4 cylinders,gas,116722.0,clean,automatic,5J6RE48778L014712,4wd,wagon,blue,13.0,28000.0
30434,chevrolet,blazer,excellent,4 cylinders,gas,2894.0,clean,automatic,3GNKBBRA5MS502146,fwd,SUV,silver,0.0,33500.0
15990,honda,odysseyex,excellent,6 cylinders,gas,90516.0,clean,automatic,5FNRL5H35GB106420,fwd,mini-van,black,5.0,31900.0
29950,ford,transitpassenger350xl,good,6 cylinders,gas,12450.0,clean,automatic,1FDZX2CM7GKA20902,rwd,van,silver,5.0,35900.0
19700,ford,f150fx2,excellent,8 cylinders,gas,116985.0,clean,automatic,1FTFW1CF1CFC75540,rwd,pickup,grey,9.0,35200.0
11500,volkswagen,tiguanselawd,excellent,4 cylinders,gas,110620.0,clean,automatic,WVGBV3AX9DW560301,4wd,SUV,white,8.0,24900.0
9995,honda,accordexl,like new,4 cylinders,gas,112065.0,clean,automatic,JHMCP26869C003240,fwd,sedan,grey,12.0,26500.0
39590,chevrolet,camarozl1coupe2d,good,8 cylinders,gas,26682.0,clean,other,2G1FM1EP4F9801144,rwd,coupe,red,6.0,61000.0
27990,gmc,sierra2500hdextendedcab,good,8 cylinders,gas,68696.0,clean,other,1GT220CG8CZ231238,4wd,pickup,black,9.0,39500.0
40488,gmc,sierra1500sle,like new,8 cylinders,gas,33526.0,clean,automatic,1GTV2MEC6HZ127353,4wd,truck,white,4.0,44800.0
21900,ford,tauruslimited,like new,6 cylinders,gas,44569.0,clean,automatic,1FAHP2F81JG134926,fwd,sedan,silver,3.0,34750.0
16895,audi,q5,excellent,4 cylinders,gas,76819.0,clean,automatic,WA1LFAFP4DA051372,4wd,SUV,black,8.0,42000.0
33990,mercedes-benz,eclasse63amg,good,8 cylinders,gas,88107.0,clean,automatic,WDDHF7EB7CA570344,rwd,sedan,white,9.0,101500.0
7750,toyota,camryse,good,4 cylinders,gas,142000.0,clean,automatic,4T1BF1FK2EU429352,fwd,sedan,blue,7.0,22800.0
28999,ram,2500slt,excellent,8 cylinders,gas,149790.0,clean,automatic,3C6UR5DJ6EG266530,4wd,pickup,grey,2.0,42955.0
15500,toyota,venzaxleawd,excellent,6 cylinders,gas,79200.0,clean,automatic,4T3BK3BB7BU046524,4wd,SUV,blue,10.0,29800.0
18999,chevrolet,silverado1500,like new,8 cylinders,gas,140535.0,clean,automatic,2GCEC13C671531744,rwd,truck,red,14.0,26610.0
12950,chevrolet,avalanche1500,excellent,8 cylinders,gas,148947.0,clean,automatic,3GNEK13T93G346549,4wd,truck,black,18.0,40000.0
10999,buick,encore,excellent,4 cylinders,gas,21930.0,rebuilt,automatic,KL4CJASBXKB761585,fwd,SUV,silver,2.0,28000.0
16731,volkswagen,beetleconvertible,excellent,4 cylinders,gas,57939.0,clean,automatic,3VW517AT7FM814976,fwd,convertible,blue,6.0,25000.0
11995,audi,a420tpremiumplus,like new,4 cylinders,gas,150000.0,clean,automatic,WAUFFAFL7EN011374,4wd,sedan,grey,7.0,40000.0
16995,ford,fiesta,excellent,4 cylinders,gas,44000.0,clean,manual,3FADP4GX1GM148839,fwd,sedan,grey,5.0,21190.0
10450,honda,accordcrosstour,excellent,6 cylinders,gas,154364.0,clean,automatic,5J6TF2H52AL002754,4wd,sedan,white,11.0,30900.0
7995,honda,accordexl,good,6 cylinders,gas,114319.0,clean,automatic,1HGCP36858A041643,fwd,sedan,green,13.0,26230.0
42990,lincoln,navigatorreservesport,good,6 cylinders,gas,50680.0,clean,automatic,5LMJJ2LT3HEL02540,4wd,other,black,4.0,75200.0
6700,dodge,journey,excellent,6 cylinders,gas,142280.0,clean,automatic,3D4PG1FG9BT511381,fwd,SUV,black,10.0,26900.0
13222,honda,civiccoupeexl,good,4 cylinders,gas,103044.0,clean,automatic,2HGFG3B06EH526545,fwd,coupe,black,7.0,22600.0
20850,buick,encore,good,4 cylinders,gas,34000.0,clean,automatic,KL4CJHSB3JB588807,4wd,SUV,custom,3.0,34300.0
9900,chrysler,200,excellent,4 cylinders,gas,0.0,clean,automatic,1C3CCCAB2FN625036,fwd,sedan,grey,6.0,22700.0
4995,honda,odyssey,good,6 cylinders,gas,176878.0,clean,automatic,5FNRL3H65AB016061,fwd,van,black,11.0,33100.0
14995,toyota,tacoma,excellent,6 cylinders,gas,134060.0,clean,other,5TEUU42N98Z476510,4wd,truck,blue,13.0,31000.0
14990,ford,escapeseawd,excellent,4 cylinders,gas,94276.0,clean,automatic,1FMCU9G90HUA28908,4wd,SUV,white,4.0,29500.0
11500,ford,fusionsport,like new,6 cylinders,gas,97500.0,clean,automatic,3FAHP0KC5BR316606,fwd,coupe,blue,10.0,24900.0
9500,ford,escape,excellent,4 cylinders,gas,115529.0,clean,automatic,1FMCU0GX7GUC67655,fwd,SUV,grey,5.0,24600.0
38590,chevrolet,corvettegrandsport,good,8 cylinders,gas,32086.0,clean,automatic,1G1YW3DW4C5101754,rwd,convertible,white,9.0,60900.0
7499,fiat,500l,like new,4 cylinders,gas,31746.0,clean,automatic,ZFBCFABHXEZ027071,fwd,hatchback,grey,7.0,19500.0
41990,lincoln,continentalreserve,good,6 cylinders,gas,9345.0,clean,other,1LN6L9RP8K5604130,fwd,sedan,blue,2.0,69125.0
36590,gmc,yukonsltsportutility4d,good,8 cylinders,gas,79395.0,clean,other,1GKS2BKC1FR647439,4wd,other,silver,6.0,56995.0
13225,honda,pilot,good,6 cylinders,gas,125230.0,clean,automatic,5FNYF4H53CB018264,4wd,SUV,grey,9.0,37845.0
23900,chevrolet,corvette,like new,8 cylinders,gas,35500.0,clean,automatic,1G1YY32G645125092,rwd,convertible,silver,17.0,50000.0
20590,hyundai,azerasedan4d,good,6 cylinders,gas,29696.0,clean,other,KMHFG4JG4HA591475,fwd,sedan,black,4.0,35400.0
13995,toyota,tundralimited,good,8 cylinders,gas,185923.0,clean,automatic,5TBDT48124S436809,4wd,truck,green,17.0,38500.0
27590,ram,1500crewcabbighorn,good,6 cylinders,other,47811.0,clean,other,1C6RR7LG8ES332043,4wd,pickup,red,7.0,33500.0
13995,ram,dakota,excellent,6 cylinders,gas,117055.0,clean,automatic,1D7RW3GKXBS549684,4wd,truck,red,10.0,30695.0
29990,chevrolet,coloradoextendedcab,good,6 cylinders,gas,17302.0,clean,other,1GCHTCE37G1186784,4wd,pickup,red,5.0,38500.0
7990,gmc,acadia,good,6 cylinders,gas,163208.0,clean,automatic,1GKLVLED6AJ155860,4wd,SUV,silver,11.0,35000.0
4995,chevrolet,cobalt,excellent,4 cylinders,gas,138000.0,clean,automatic,1G1AM58B887220770,fwd,sedan,blue,13.0,19470.0
27590,acura,tlx35sedan4d,good,6 cylinders,gas,14448.0,clean,other,19UUB2F32KA009595,fwd,sedan,white,2.0,33400.0
7600,kia,forte,excellent,4 cylinders,gas,108222.0,clean,automatic,KNAFX4A64G5508465,fwd,sedan,black,5.0,16900.0
14495,lexus,es,excellent,6 cylinders,gas,107329.0,clean,automatic,JTHBK1EG9C2493036,fwd,sedan,silver,9.0,35000.0
33995,chevrolet,silverado1500lt,good,8 cylinders,gas,86273.0,clean,other,3GCPCRECXGG264071,rwd,pickup,black,5.0,39500.0
18999,ford,escape,like new,4 cylinders,gas,40438.0,clean,automatic,1FMCU0J99GUA83778,fwd,SUV,white,5.0,30900.0
30590,jeep,wranglerrubiconsport,good,6 cylinders,gas,59322.0,clean,other,1C4BJWCGXGL165497,4wd,SUV,black,5.0,40900.0
13490,volkswagen,tiguan20,excellent,4 cylinders,gas,52000.0,clean,automatic,WVGAV7AXXHK034579,fwd,SUV,blue,4.0,25000.0
9490,jeep,grandcherokee,excellent,6 cylinders,gas,158606.0,clean,automatic,1J4RR4GG8BC597823,4wd,SUV,black,10.0,33400.0
29990,toyota,tacomadoublecabpickup,good,6 cylinders,gas,43182.0,clean,other,3TMLU4EN4CM085701,4wd,pickup,white,9.0,30415.0
47900,chevrolet,corvettestingray3lt,like new,8 cylinders,gas,25740.0,clean,automatic,1G1YF2D78E5124640,rwd,coupe,yellow,7.0,66400.0
29990,ford,mustanggtcoupe2d,good,8 cylinders,gas,19374.0,clean,automatic,1FA6P8CFXG5215179,rwd,coupe,red,5.0,32945.0
29500,ford,edgetitaniumawd,like new,6 cylinders,gas,17508.0,clean,automatic,2FMPK4K9XKBB62517,4wd,SUV,blue,2.0,41100.0
6695,mazda,mazda3,good,4 cylinders,gas,131337.0,clean,automatic,JM1BL1U71D1715298,fwd,sedan,white,8.0,18300.0
23995,toyota,tundra,good,8 cylinders,gas,114215.0,clean,automatic,5TFUW5F19DX319892,4wd,truck,black,8.0,38500.0
8995,dodge,journey,good,6 cylinders,gas,131495.0,clean,automatic,3C4PDDDG1DT590641,4wd,SUV,white,8.0,27100.0
14700,ford,f150xlt,excellent,8 cylinders,gas,230223.0,clean,automatic,1FTFW1CF6EFB37964,rwd,pickup,blue,7.0,38500.0
12795,ford,flexlimitedawd,good,6 cylinders,gas,136000.0,clean,automatic,2FMHK6D80DBD00363,4wd,wagon,blue,8.0,38500.0
21999,toyota,highlander,excellent,6 cylinders,gas,53608.0,clean,automatic,5TDZKRFH5FS098242,fwd,SUV,blue,6.0,31290.0
7945,mazda,mazda6,good,4 cylinders,gas,113995.0,clean,automatic,1YVHZ8CH2A5M08569,rwd,sedan,black,11.0,223000.0
30995,ford,f250,excellent,8 cylinders,diesel,158656.0,rebuilt,automatic,1FT7W2BT5GEC04385,4wd,pickup,white,5.0,67000.0
4995,ford,explorerxlt,good,6 cylinders,gas,156281.0,clean,automatic,1FMZU73E22ZC18155,4wd,SUV,red,19.0,29000.0
9900,mazda,mazda3,excellent,4 cylinders,gas,84686.0,clean,automatic,JM1BL1V88D1710784,fwd,sedan,black,8.0,19700.0
45990,mercedes-benz,sclasss550,good,8 cylinders,gas,14774.0,clean,automatic,WDDUG8CB0EA031555,rwd,sedan,silver,7.0,97300.0
28995,ram,1500classic,excellent,6 cylinders,gas,7000.0,clean,automatic,3C6JR7DG2KG651730,4wd,truck,white,2.0,39500.0
6995,chevrolet,equinox,good,6 cylinders,gas,111850.0,clean,automatic,2CNDL037786064522,4wd,SUV,white,13.0,30500.0
12650,gmc,terraindenali,excellent,4 cylinders,gas,113234.0,clean,automatic,2GKALYEK2D6150987,fwd,SUV,white,8.0,30310.0
24900,honda,crv,good,4 cylinders,gas,19085.0,clean,automatic,7FARW2H89JE088842,4wd,wagon,black,3.0,30250.0
12950,dodge,journey,excellent,6 cylinders,gas,97475.0,clean,automatic,3C4PDDAG2FT749609,4wd,SUV,blue,6.0,24895.0
34590,chevrolet,silverado1500double,good,6 cylinders,gas,29499.0,clean,other,1GCVKREH6GZ228691,4wd,pickup,silver,5.0,38400.0
8995,bmw,330ciconvertible,excellent,6 cylinders,gas,114658.0,clean,automatic,WBABW53414PL46734,rwd,convertible,silver,17.0,38700.0
13900,cadillac,ats,excellent,4 cylinders,gas,83539.0,clean,automatic,1G6AB5RA1E0170658,rwd,sedan,white,7.0,35900.0
10995,mercedes-benz,slclass,excellent,8 cylinders,gas,81199.0,clean,automatic,WDBSK75F16F117289,rwd,convertible,blue,15.0,70000.0
26590,acura,tlx35sedan4d,good,6 cylinders,gas,21619.0,clean,other,19UUB2F37JA008344,fwd,sedan,black,3.0,32800.0
11999,ford,escape,excellent,4 cylinders,gas,76567.0,rebuilt,automatic,1FMCU9G97FUA45136,4wd,SUV,blue,6.0,28800.0
51990,chevrolet,corvettestingrayz51,good,8 cylinders,gas,7389.0,clean,other,1G1YH3D76F5119261,rwd,convertible,black,6.0,56900.0
6999,ford,fusionsel,excellent,4 cylinders,gas,113167.0,clean,automatic,3FAHP0JA4CR302682,fwd,sedan,white,9.0,23500.0
6500,toyota,rav4,excellent,4 cylinders,gas,143509.0,clean,automatic,JTMBD31V586079960,4wd,SUV,custom,13.0,30150.0
8795,gmc,terrain,good,4 cylinders,gas,129654.0,clean,automatic,2CTALHEW9A6369654,fwd,SUV,brown,11.0,28750.0
22950,chevrolet,equinoxltawd,good,4 cylinders,gas,34426.0,clean,automatic,3GNAXUEV2LS510382,4wd,SUV,white,1.0,31900.0
42999,ford,superdutyf350srw,good,8 cylinders,gas,143783.0,clean,automatic,1FT8W3BT1FEC74040,4wd,truck,custom,6.0,56000.0
12990,volkswagen,beetleturbocoupe,excellent,4 cylinders,gas,92209.0,clean,automatic,3VWV67AT2DM614389,fwd,hatchback,blue,8.0,24400.0
16495,ford,f150xlt,good,8 cylinders,gas,101030.0,clean,automatic,1FTFX1EF9CFC05942,4wd,truck,silver,9.0,40500.0
16000,lexus,ls460,good,8 cylinders,other,102679.0,clean,automatic,JTHBL1EF5A5099341,rwd,hatchback,silver,11.0,66500.0
8980,honda,accord,good,6 cylinders,gas,85945.0,clean,automatic,1HGCM66525A027498,fwd,sedan,custom,16.0,27900.0
5600,chrysler,300,excellent,6 cylinders,gas,140970.0,clean,automatic,2C3KK53G98H271756,4wd,sedan,black,13.0,31900.0
12500,chevrolet,silveradoltz71,good,8 cylinders,gas,126000.0,clean,automatic,2GCEK19J681271789,4wd,truck,white,13.0,33500.0
34990,ram,1500quadcabbighorn,good,6 cylinders,other,22064.0,clean,other,1C6RR7GG0JS247282,4wd,pickup,silver,3.0,36440.0
22590,dodge,challengerrtcoupe2d,good,8 cylinders,gas,56075.0,clean,other,2C3CDYBT4CH238672,rwd,coupe,black,9.0,30200.0
5995,dodge,dart,good,4 cylinders,gas,139032.0,clean,automatic,1C3CDFBA4DD301531,fwd,sedan,blue,8.0,19395.0
3999,jeep,patriotsport,good,4 cylinders,gas,176745.0,clean,automatic,1J4FF28B69D120878,4wd,wagon,silver,12.0,22350.0
12999,ford,f150xlt4x4,excellent,8 cylinders,gas,161959.0,clean,automatic,1FTEX1E86AFC94654,4wd,pickup,silver,11.0,30600.0
20590,ford,explorersportsuv4d,good,6 cylinders,other,91667.0,clean,automatic,1FM5K8GT5FGB40247,4wd,SUV,white,6.0,41995.0
17995,ford,transitconnectvanxlt,good,4 cylinders,gas,106006.0,clean,automatic,NM0LE7F2XK1384136,fwd,van,white,2.0,26615.0
18995,chevrolet,silverado3500hd,good,8 cylinders,gas,78013.0,clean,automatic,1GBJC34KX8E130752,rwd,pickup,white,13.0,36400.0
13995,ford,f150,excellent,8 cylinders,gas,144120.0,clean,automatic,1FTEW1E80AFA90399,4wd,truck,black,11.0,35100.0
7995,honda,civic,like new,4 cylinders,gas,105750.0,clean,automatic,2HGFB2F5XCH507279,fwd,sedan,blue,9.0,19400.0
13900,cadillac,srx,good,6 cylinders,gas,71248.0,clean,automatic,3GYFNBE33DS637676,fwd,SUV,silver,8.0,40600.0
10991,volkswagen,jettasedan14tse,good,4 cylinders,gas,103030.0,clean,automatic,3VWD67AJ7GM363092,fwd,sedan,brown,5.0,21500.0
16300,chevrolet,trax,excellent,4 cylinders,gas,10188.0,clean,automatic,KL7CJKSB4LB020794,fwd,SUV,silver,1.0,22000.0
48900,ford,superdutyf250srw,excellent,8 cylinders,diesel,134000.0,clean,automatic,1FT7W2BT4FEA02443,4wd,truck,white,6.0,55000.0
15995,volkswagen,jetta,good,4 cylinders,gas,37862.0,clean,automatic,3VWDB7AJ0HM391880,fwd,sedan,grey,4.0,21000.0
12998,chevrolet,malibu,excellent,4 cylinders,gas,106749.0,clean,automatic,1G1ZB5ST1HF293866,fwd,sedan,white,4.0,22000.0
17788,mazda,mazda6,good,4 cylinders,gas,61244.0,clean,automatic,JM1GL1V55H1104666,fwd,sedan,red,4.0,23995.0
7995,buick,enclave,excellent,6 cylinders,gas,179840.0,clean,automatic,5GAKRCED2CJ180660,fwd,SUV,silver,9.0,39900.0
17400,mazda,mazda6,excellent,4 cylinders,gas,32913.0,clean,automatic,JM1GL1VM7K1500273,fwd,sedan,black,2.0,24000.0
18975,chevrolet,silverado1500,excellent,8 cylinders,gas,114245.0,clean,automatic,3GCPKSE7XCG264353,4wd,pickup,white,9.0,39600.0
35590,dodge,challengersrt8coupe2d,good,8 cylinders,gas,16796.0,clean,other,2B3CJ7DJ7BH589702,rwd,coupe,green,10.0,44500.0
39990,chevrolet,coloradocrewcabzr2,good,6 cylinders,gas,12941.0,clean,other,1GCGTEEN9J1205643,4wd,pickup,black,3.0,40000.0
30990,infiniti,qx6035sportutility,good,6 cylinders,gas,22821.0,clean,automatic,5N1DL0MN5JC501394,fwd,SUV,blue,3.0,44800.0
16950,chevrolet,silverado1500,excellent,8 cylinders,gas,118455.0,clean,automatic,3GCEK23M49G275261,4wd,pickup,blue,12.0,30260.0
26990,nissan,titansinglecabsv,good,8 cylinders,gas,41335.0,clean,other,1N6AA1R84HN570756,4wd,pickup,red,4.0,40060.0
8495,bmw,760li,good,12 cylinders,gas,82326.0,clean,automatic,WBAHN03586DD98426,rwd,sedan,black,15.0,120000.0
37900,chevrolet,traverse,excellent,6 cylinders,gas,32063.0,clean,automatic,1GNERKKW7KJ225352,fwd,SUV,black,2.0,49800.0
12900,honda,crv,excellent,4 cylinders,gas,145786.0,clean,automatic,5J6RM3H76CL043947,fwd,SUV,black,9.0,28650.0
34590,chevrolet,silverado1500double,good,6 cylinders,gas,29499.0,clean,other,1GCVKREH6GZ228691,4wd,pickup,silver,5.0,38500.0
29990,toyota,tacomadoublecabpickup,good,6 cylinders,gas,43182.0,clean,other,3TMLU4EN4CM085701,4wd,pickup,white,9.0,30900.0
32590,chevrolet,corvettecoupe2d,good,8 cylinders,gas,20420.0,clean,other,1G1YY25W995110249,rwd,coupe,silver,12.0,49900.0
7600,ford,escapexlt,good,6 cylinders,gas,102750.0,clean,automatic,1FMCU0DG5CKA35615,fwd,SUV,black,9.0,26700.0
8450,acura,tltypes,good,6 cylinders,gas,185598.0,clean,automatic,19UUA76527A011274,fwd,sedan,grey,14.0,40000.0
6500,honda,accordse,good,4 cylinders,gas,177000.0,clean,automatic,1HGCP2F60CA026291,fwd,sedan,black,9.0,26000.0
24900,chevrolet,corvette,good,8 cylinders,gas,43242.0,clean,manual,1G1YY34U655134623,rwd,convertible,black,16.0,54300.0
27990,lincoln,mkxreservesport,good,6 cylinders,gas,23857.0,clean,other,2LMTJ6LR2GBL45983,fwd,other,white,5.0,45000.0
42990,lincoln,navigatorreservesport,good,6 cylinders,gas,50680.0,clean,automatic,5LMJJ2LT3HEL02540,4wd,other,black,4.0,73815.0
30990,toyota,siennalminivan4d,good,6 cylinders,gas,4015.0,clean,other,5TDZZ3DC2JS906927,fwd,van,silver,3.0,31481.0
49990,ford,superdutyf550drw,good,8 cylinders,diesel,98689.0,clean,automatic,1FD0W5HT7DEB10669,4wd,truck,white,8.0,65000.0
25000,ford,f250,excellent,8 cylinders,diesel,273429.0,clean,automatic,1FT7W2BT7DEA49964,4wd,pickup,red,8.0,42500.0
11999,subaru,outback,excellent,6 cylinders,gas,134915.0,clean,automatic,4S4BRDKC6B2312663,4wd,wagon,blue,10.0,31000.0
13900,dodge,challenger,excellent,6 cylinders,gas,112089.0,clean,automatic,2C3CDYAG4DH652279,rwd,coupe,black,8.0,24800.0
42590,mercedes-benz,slclasssl400,good,6 cylinders,gas,24048.0,clean,other,WDDJK6FA7FF036233,rwd,convertible,black,6.0,60000.0
3500,subaru,outback,fair,4 cylinders,gas,182086.0,clean,manual,4S4BP61C776315669,4wd,wagon,silver,14.0,21500.0
27990,toyota,tacomadoublecabpickup,good,6 cylinders,gas,67245.0,clean,other,5TFLU4EN4CX030112,4wd,pickup,silver,9.0,32500.0
8900,ford,f150supercrewlariat4x4,good,8 cylinders,gas,231575.0,clean,automatic,1FTPW14VX8FA50065,4wd,truck,white,13.0,33700.0
10700,honda,civic,good,4 cylinders,gas,171457.0,clean,automatic,2HGFG1B89BH515691,fwd,coupe,silver,10.0,19500.0
13995,buick,encorepremiumawd,excellent,4 cylinders,gas,73000.0,clean,automatic,KL4CJHSB6EB519289,4wd,SUV,white,7.0,34400.0
13995,jeep,grandcherokee,excellent,6 cylinders,gas,90993.0,clean,automatic,1J4RR4GG1BC553050,4wd,SUV,green,10.0,34800.0
9995,ford,focusse4dr,excellent,4 cylinders,gas,78575.0,clean,automatic,1FADP3F28FL339030,fwd,sedan,red,6.0,19700.0
28590,jeep,grandcherokeelaredosport,good,6 cylinders,gas,22898.0,clean,other,1C4RJFAG2JC333416,4wd,other,black,3.0,38995.0
6350,toyota,camryle,good,4 cylinders,gas,145892.0,clean,automatic,4T1BE32K55U558822,fwd,sedan,white,16.0,23200.0
11495,subaru,outback,excellent,4 cylinders,gas,129000.0,clean,automatic,4S4BRCAC3C3285221,4wd,wagon,grey,9.0,23200.0
30990,jeep,wranglerunlimitedsport,good,6 cylinders,gas,43039.0,clean,other,1C4BJWDG6HL650381,4wd,SUV,silver,4.0,37200.0
14500,gmc,sierra1500,good,8 cylinders,gas,186168.0,clean,automatic,3GTEK23399G207626,4wd,pickup,grey,12.0,33100.0
26388,ram,1500express,good,8 cylinders,gas,88488.0,clean,automatic,3C6RR6KT9GG382601,rwd,pickup,white,5.0,35600.0
7995,ford,focussehatchback,excellent,4 cylinders,gas,90072.0,clean,automatic,1FADP3K2XGL294728,fwd,hatchback,white,5.0,19800.0
13995,honda,accord,like new,4 cylinders,gas,58200.0,rebuilt,automatic,1HGCR2F14HA100687,fwd,sedan,grey,4.0,24700.0
5900,mazda,mazda3gt,good,4 cylinders,gas,124802.0,rebuilt,automatic,JM1BL1M5XC1619473,fwd,hatchback,grey,9.0,21800.0
27590,lincoln,mkxselectsportutility,good,6 cylinders,other,23818.0,clean,other,2LMPJ6KP4JBL17661,fwd,SUV,blue,3.0,41700.0
32990,ram,1500quadcabharvestpickup,good,6 cylinders,gas,29979.0,clean,other,1C6RR7GG9JS229010,4wd,pickup,black,3.0,39700.0
7995,toyota,rav4,excellent,4 cylinders,gas,159370.0,clean,automatic,JTMBD33V686076319,4wd,SUV,red,13.0,24800.0
12500,bmw,328,excellent,6 cylinders,gas,86956.0,clean,automatic,WBA3C1C5XDF444049,4wd,sedan,black,8.0,32000.0
8900,dodge,charger,good,8 cylinders,gas,119951.0,clean,automatic,2B3KA53H16H132467,rwd,sedan,white,15.0,30700.0
32990,jeep,wranglerunlimitedsport,good,6 cylinders,gas,30041.0,clean,other,1C4BJWDG5HL705371,4wd,other,silver,4.0,35000.0
39590,ford,mustanggtpremiumcoupe2d,good,8 cylinders,gas,1419.0,clean,other,1FA6P8CF5L5136223,rwd,coupe,white,1.0,42900.0
8500,ford,escapese,good,4 cylinders,gas,161660.0,clean,automatic,1FMCU0G99EUD84619,fwd,SUV,white,7.0,24300.0
22995,chrysler,300cawd,excellent,6 cylinders,gas,64893.0,clean,automatic,2C3CCAKG6GH216983,4wd,sedan,silver,5.0,41500.0
20500,toyota,camry,excellent,4 cylinders,gas,72159.0,clean,automatic,4T1B11HKXJU605957,fwd,sedan,silver,3.0,24100.0
6400,ford,focusse,good,4 cylinders,gas,99900.0,clean,automatic,1FAHP3FN1AW275898,fwd,sedan,white,11.0,17995.0
10991,ford,escape,excellent,4 cylinders,gas,147453.0,clean,automatic,1FMCU9GX5GUC60630,4wd,SUV,silver,5.0,28970.0
7999,mitsubishi,outlandersport,excellent,4 cylinders,gas,137122.0,clean,automatic,4A4AP3AU8DE018248,fwd,SUV,blue,8.0,19995.0
9999,mazda,mazda3,excellent,4 cylinders,gas,99091.0,clean,automatic,JM1BL1TG8D1749417,fwd,sedan,white,8.0,19500.0
36990,mercedes-benz,cclassc63amg,good,8 cylinders,gas,60708.0,clean,automatic,WDDGF7HB7DA863086,rwd,sedan,black,8.0,60350.0
38590,lexus,rx350sportutility4d,good,6 cylinders,gas,9210.0,clean,other,2T2ZZMCA9JC095542,fwd,other,black,3.0,45000.0
12495,honda,civic,like new,4 cylinders,gas,15300.0,rebuilt,automatic,2HGFC2F68KH570983,fwd,sedan,silver,2.0,20200.0
6995,honda,odysseyexlwdvdwnavi,like new,6 cylinders,gas,212704.0,clean,automatic,5FNRL3H79AB096330,fwd,van,brown,11.0,32300.0
15495,chrysler,300,like new,6 cylinders,gas,72625.0,clean,automatic,2C3CCAKG8EH273277,4wd,sedan,silver,7.0,38500.0
15988,ford,mustang,excellent,6 cylinders,gas,79618.0,clean,automatic,1ZVBP8EM4D5203896,rwd,convertible,red,8.0,30995.0
22950,toyota,4runner,excellent,6 cylinders,gas,145160.0,clean,automatic,JTEBU5JR5E5155575,4wd,SUV,white,7.0,35000.0
40590,gmc,sierra1500crewcabslt,good,8 cylinders,gas,43157.0,clean,automatic,3GTU2NEC1HG410518,4wd,pickup,black,4.0,42950.0
8999,chevrolet,cruze2lt,good,4 cylinders,gas,103649.0,clean,automatic,1G1PE5SB0F7193027,fwd,sedan,grey,6.0,19500.0
28500,chevrolet,corvettebase,excellent,8 cylinders,gas,75751.0,clean,automatic,1G1YY36U575109678,rwd,convertible,black,14.0,50000.0
12995,chevrolet,cruzels,excellent,4 cylinders,gas,38443.0,clean,manual,1G1BB5SM3H7195152,fwd,sedan,black,4.0,16600.0
13900,lexus,ls600hl,good,8 cylinders,hybrid,131000.0,clean,automatic,JTHDU46F085000344,4wd,sedan,silver,13.0,100000.0
24495,jeep,wranglerunlimi,excellent,6 cylinders,gas,70164.0,clean,automatic,1J4BA3H17AL119727,4wd,SUV,silver,11.0,30790.0
37590,dodge,chargerrtsedan4d,good,8 cylinders,other,5015.0,clean,other,2C3CDXCT0LH129683,rwd,sedan,white,1.0,38500.0
14995,ford,escape,like new,4 cylinders,gas,40513.0,clean,automatic,1FMCU0H99DUB71084,fwd,SUV,silver,8.0,28300.0
5500,fiat,500pop,new,4 cylinders,gas,104596.0,clean,automatic,3C3CFFAR2DT753165,fwd,coupe,red,8.0,19900.0
4750,honda,element,excellent,4 cylinders,gas,221123.0,clean,manual,5J6YH27726L021346,4wd,SUV,red,15.0,26975.0
36900,ford,f250superduty,excellent,8 cylinders,gas,73394.0,clean,automatic,1FT7W2B6XGEA62285,4wd,truck,white,5.0,45000.0
29990,chevrolet,coloradocrewcabwork,good,6 cylinders,gas,11401.0,clean,other,1GCGTBEN7J1162712,4wd,pickup,red,3.0,34500.0
38500,gmc,sierra2500hd,excellent,8 cylinders,gas,63356.0,clean,automatic,1GT125EG1CF202638,4wd,pickup,black,9.0,56400.0
19990,hyundai,ioniq,excellent,4 cylinders,gas,47914.0,clean,automatic,KMHC05LC4JU060188,fwd,hatchback,silver,3.0,29500.0
52995,ram,2500,good,6 cylinders,diesel,90572.0,clean,automatic,3C6UR5DL1KG563928,4wd,truck,white,2.0,55800.0
38590,chevrolet,corvettegrandsport,good,8 cylinders,gas,30237.0,clean,other,1G1YR3DW3B5102190,rwd,other,red,10.0,55400.0
17995,volkswagen,jettase,excellent,4 cylinders,gas,12980.0,clean,automatic,3VWCB7BU5LM020274,fwd,sedan,grey,1.0,19900.0
35990,ram,2500tradesman4x4,like new,8 cylinders,gas,70281.0,clean,automatic,3C6TR5HT9EG260678,4wd,pickup,silver,7.0,38500.0
6000,toyota,camryle,good,4 cylinders,gas,144000.0,clean,automatic,4T1BF3EK4BU711954,fwd,sedan,black,10.0,23000.0
38990,cadillac,xt5premiumluxury,good,6 cylinders,gas,19715.0,clean,other,1GYKNCRS8LZ104181,fwd,SUV,brown,1.0,49990.0
29990,toyota,tacomadoublecabpickup,good,6 cylinders,gas,43182.0,clean,other,3TMLU4EN4CM085701,4wd,pickup,white,9.0,30000.0
25990,acura,rdxtechnologypkgsport,good,6 cylinders,gas,38619.0,clean,other,5J8TB3H52JL002469,fwd,other,blue,3.0,41000.0
13497,nissan,maxima35s,good,6 cylinders,gas,97786.0,clean,automatic,1N4AA6AP3GC381955,fwd,sedan,red,5.0,32990.0
11633,mazda,cx3,excellent,4 cylinders,gas,102004.0,clean,automatic,JM1DKDB76G0132851,fwd,wagon,brown,5.0,20000.0
6495,kia,soul,excellent,4 cylinders,gas,79955.0,clean,automatic,KNDJT2A17A7030894,fwd,wagon,black,11.0,13900.0
28990,infiniti,qx6035sportutility,good,6 cylinders,gas,32458.0,clean,other,5N1DL0MN7JC500375,fwd,SUV,black,3.0,44900.0
10995,cadillac,escalade,excellent,8 cylinders,gas,154719.0,clean,automatic,1GYFK63807R121295,4wd,other,white,14.0,65555.0
6499,hyundai,sonata,excellent,4 cylinders,gas,104000.0,clean,manual,5NPET46C58H359655,fwd,sedan,blue,13.0,19500.0
7900,chrysler,200touring4drsedan,excellent,6 cylinders,gas,96000.0,clean,automatic,1C3BC1FG4BN511523,fwd,sedan,black,10.0,23900.0
33990,ford,mustanggtcoupe2d,good,8 cylinders,gas,9788.0,clean,other,1FA6P8CF7H5319470,rwd,coupe,black,4.0,40300.0
29905,ford,f150,excellent,6 cylinders,gas,58762.0,clean,automatic,1FTEW1CP3HFA81345,rwd,pickup,red,4.0,37700.0
27990,toyota,tacomadoublecabpickup,good,6 cylinders,gas,67245.0,clean,other,5TFLU4EN4CX030112,4wd,pickup,silver,9.0,29250.0
9990,ford,f1504drlariat,excellent,8 cylinders,gas,244157.0,clean,automatic,1FTFW1CV1AFB17333,rwd,truck,blue,11.0,30500.0
36990,gmc,sierra2500hddoublecab,good,8 cylinders,gas,23190.0,clean,other,1GT22REG1GZ401351,4wd,pickup,black,5.0,44900.0
30000,chevrolet,camaro2ss,like new,8 cylinders,gas,56552.0,clean,automatic,2G1FK1EJ7A9215788,rwd,coupe,blue,11.0,37000.0
17900,ford,f1504x4,excellent,8 cylinders,gas,141000.0,clean,automatic,1FTFW1EF2EKD40662,4wd,pickup,white,7.0,38500.0
17980,jeep,wrangler,good,6 cylinders,gas,114903.0,clean,manual,1J4AA5D1XAL142609,4wd,SUV,silver,11.0,30800.0
10995,dodge,journey,good,4 cylinders,gas,94502.0,clean,automatic,3C4PDCAB9FT654768,fwd,SUV,blue,6.0,19795.0
29990,chevrolet,coloradoextendedcab,good,6 cylinders,gas,17302.0,clean,other,1GCHTCE37G1186784,4wd,pickup,red,5.0,36000.0
39990,chevrolet,coloradocrewcabzr2,good,6 cylinders,other,27214.0,clean,other,1GCGTEENXJ1287415,4wd,pickup,blue,3.0,40500.0
28990,lexus,gs350sedan4d,good,6 cylinders,gas,31992.0,clean,other,JTHBZ1BL4GA006446,rwd,sedan,black,5.0,45900.0
11995,chevrolet,cruzelt,excellent,4 cylinders,gas,35219.0,clean,automatic,1G1BE5SMXH7153987,fwd,sedan,red,4.0,20500.0
18995,ford,f150,excellent,8 cylinders,gas,130730.0,clean,automatic,1FTFW1EV3AFD80596,4wd,pickup,blue,11.0,33500.0
44990,chevrolet,corvettestingray,good,8 cylinders,gas,22973.0,clean,other,1G1YF2D7XE5108892,rwd,coupe,black,7.0,70145.0
7950,ford,crownvictoria,good,8 cylinders,gas,156484.0,clean,automatic,2FABP7EV9BX154556,rwd,sedan,black,10.0,28100.0
14995,mini,coopercountryman,excellent,4 cylinders,gas,98000.0,clean,automatic,WMWZC5C58EWP38181,4wd,SUV,white,7.0,28000.0
5995,toyota,camry,good,4 cylinders,gas,120000.0,clean,manual,4T1BE46K07U165071,fwd,sedan,yellow,14.0,22750.0
14999,dodge,charger,good,8 cylinders,gas,103603.0,clean,automatic,2C3CDXKT2FH806349,4wd,sedan,blue,6.0,38000.0
14995,volkswagen,jetta,good,4 cylinders,gas,41370.0,clean,automatic,3VW2B7AJ4JM239016,fwd,sedan,grey,3.0,19720.0
22995,ford,f150,excellent,8 cylinders,gas,170000.0,clean,automatic,1FTFW1EF7DFA84218,4wd,truck,blue,8.0,38500.0
3600,chevrolet,impala,good,6 cylinders,gas,175569.0,clean,automatic,2G1WT58KX69419727,fwd,sedan,blue,15.0,24200.0
27990,toyota,tundradoublecabpickup,good,8 cylinders,gas,73160.0,clean,other,5TFUW5F19DX287994,4wd,pickup,black,8.0,38500.0
19498,dodge,challengersxtplus,excellent,6 cylinders,gas,67702.0,clean,automatic,2C3CDYAG4DH734089,rwd,coupe,blue,8.0,26000.0
28995,ford,f350crewcab4wd,good,8 cylinders,diesel,176803.0,clean,automatic,1FD8W3HT9CEC86869,4wd,truck,white,9.0,53795.0
30990,jeep,grandcherokee,good,6 cylinders,gas,52725.0,clean,automatic,1C4RJFBG9KC724210,4wd,SUV,silver,2.0,40400.0
7900,acura,32tl,excellent,6 cylinders,gas,155690.0,clean,automatic,19UUA66236A002159,fwd,sedan,grey,15.0,30000.0
11990,dodge,chargerse4drsedan,like new,6 cylinders,gas,100248.0,clean,automatic,2C3CDXBG3DH689445,fwd,sedan,blue,8.0,26500.0
11915,ford,fusionse,excellent,4 cylinders,gas,97963.0,clean,automatic,3FA6P0H76FR130564,fwd,sedan,silver,6.0,23200.0
11777,toyota,prius,excellent,4 cylinders,gas,120774.0,clean,automatic,JTDKN3DU9D5602820,fwd,hatchback,white,8.0,24650.0
9995,gmc,terrainslt,excellent,6 cylinders,gas,115000.0,clean,automatic,2GKFLXE53C6260536,4wd,SUV,silver,9.0,30105.0
38300,ford,transit,like new,6 cylinders,gas,7540.0,clean,automatic,1FTBR1C87LKB10770,rwd,van,white,1.0,39500.0
33895,chevrolet,silverado1500ltz4x4,like new,8 cylinders,gas,92000.0,clean,automatic,3GCUKSEC9HG411592,4wd,pickup,grey,4.0,48500.0
14950,ford,explorer,excellent,6 cylinders,gas,117764.0,clean,automatic,1FM5K8D84DGC71103,4wd,SUV,blue,8.0,37960.0
13999,bmw,x5,good,6 cylinders,gas,92000.0,clean,automatic,5UXZV4C52D0G57333,4wd,SUV,black,8.0,60200.0
39590,ford,mustanggtpremiumcoupe2d,good,8 cylinders,gas,1419.0,clean,other,1FA6P8CF5L5136223,rwd,coupe,white,1.0,42995.0
47990,ford,superdutyf550drw,good,8 cylinders,diesel,39253.0,clean,automatic,1FDUF5HT8EEA80861,4wd,truck,white,7.0,55000.0
11995,subaru,outback,excellent,4 cylinders,gas,111185.0,clean,automatic,4S4BRBCC6E3266849,4wd,wagon,blue,7.0,27895.0
8450,mazda,mazda3isport,good,4 cylinders,gas,88364.0,clean,automatic,JM1BL1UF1C1569295,fwd,sedan,silver,9.0,19510.0
25990,dodge,grandcaravanpassengerse,good,6 cylinders,gas,28.0,clean,other,2C4RDGBG7KR782806,fwd,van,black,2.0,29895.0
8995,cadillac,escaladeesv,good,8 cylinders,gas,229505.0,clean,automatic,1GYFK26209R108856,4wd,SUV,white,12.0,80000.0
19995,ram,1500,excellent,8 cylinders,gas,104463.0,clean,automatic,3C6JR6AT3EG159613,rwd,pickup,black,7.0,29200.0
13500,kia,soulevplus,like new,other,electric,46920.0,clean,automatic,KNDJX3AEXH7020769,fwd,wagon,white,4.0,34000.0
18500,subaru,imprezawrx,excellent,4 cylinders,gas,88950.0,clean,other,JF1GV7E67CG003050,4wd,sedan,white,9.0,28000.0
41590,buick,enclaveavenirsport,good,6 cylinders,gas,29010.0,clean,other,5GAERDKWXLJ231184,fwd,SUV,red,1.0,49700.0
31990,toyota,tacomaaccesscabsr5,good,6 cylinders,gas,23401.0,clean,other,5TFSZ5AN3HX093881,4wd,pickup,white,4.0,38500.0
30900,chevrolet,silverado1500,excellent,8 cylinders,gas,113000.0,clean,automatic,3GCUKREC2FG287865,4wd,truck,red,6.0,41500.0
8900,subaru,outback,good,4 cylinders,gas,135742.0,clean,automatic,4S4BRCAC7D3253616,4wd,wagon,blue,8.0,24995.0
20995,dodge,charger,excellent,8 cylinders,gas,113673.0,clean,automatic,2C3CDXCT0EH180667,rwd,sedan,white,7.0,32995.0
16995,toyota,fjcruiser4x4,excellent,6 cylinders,gas,225451.0,clean,automatic,JTEBU11FX70060721,4wd,SUV,blue,14.0,28650.0
11499,bmw,328i,excellent,4 cylinders,gas,106010.0,clean,automatic,WBA3A5C51EJ465125,rwd,sedan,blue,7.0,35900.0
29590,ford,expeditionxltsport,good,6 cylinders,gas,70760.0,clean,other,1FMJU1JT1HEA52352,4wd,SUV,blue,4.0,57600.0
9249,dodge,charger,good,6 cylinders,gas,123612.0,clean,automatic,2C3CDXBG4CH147950,rwd,sedan,blue,9.0,26500.0
11974,ford,f150,excellent,8 cylinders,gas,153432.0,clean,automatic,1FTPW14524KD36056,4wd,truck,blue,17.0,30780.0
12999,mercedes-benz,cclass,excellent,4 cylinders,gas,100654.0,clean,automatic,WDDGJ4HB7CF798741,rwd,coupe,blue,9.0,33800.0
28590,chevrolet,camarosscoupe2d,good,8 cylinders,gas,16903.0,clean,other,2G1FT1EW5A9116525,rwd,coupe,yellow,11.0,38400.0
23395,nissan,rogue,excellent,4 cylinders,gas,28760.0,clean,automatic,KNMAT2MV6LP510510,4wd,SUV,black,1.0,30000.0
19900,hyundai,sonata,good,4 cylinders,gas,21872.0,clean,automatic,5NPE34AF0KH789800,fwd,sedan,white,2.0,25200.0
7495,dodge,grandcaravan,good,6 cylinders,gas,145209.0,clean,automatic,2D4RN5DGXBR693765,fwd,van,black,10.0,28795.0
15995,jeep,wranglerx,good,6 cylinders,gas,102290.0,clean,automatic,1J4FA24158L507115,4wd,SUV,red,13.0,26000.0
17885,ford,mustang,good,6 cylinders,gas,66923.0,clean,automatic,1ZVBP8EM3E5286349,rwd,convertible,black,7.0,30500.0
25990,ford,mustanggtpremium,good,8 cylinders,gas,24122.0,clean,other,1ZVBP8FFXB5151039,rwd,other,blue,10.0,39995.0
41590,buick,enclaveavenirsport,good,6 cylinders,gas,29010.0,clean,other,5GAERDKWXLJ231184,fwd,SUV,red,1.0,48500.0
22900,bmw,z4sdrive35i,excellent,6 cylinders,gas,58172.0,clean,manual,WBALM7C55BE383213,rwd,convertible,silver,10.0,50850.0
16995,honda,civicsedanlx,good,4 cylinders,gas,41179.0,clean,other,2HGFC2F52HH557663,fwd,sedan,black,4.0,19500.0
14448,honda,accordexl,excellent,4 cylinders,gas,96927.0,clean,automatic,1HGCT2B80EA006628,fwd,coupe,blue,7.0,33200.0
61619,cadillac,escaladeluxury,good,8 cylinders,other,30917.0,clean,automatic,1GYS3BKJ7LR122219,rwd,other,black,1.0,76895.0
29990,chevrolet,silverado1500double,good,8 cylinders,gas,26129.0,clean,other,1GCVKREC7EZ196951,4wd,pickup,brown,7.0,39500.0
12995,chevrolet,cruze,good,4 cylinders,gas,80849.0,clean,automatic,1G1BE5SM6H7172018,fwd,sedan,black,4.0,21500.0
19995,jeep,grandcherokee,good,6 cylinders,gas,77250.0,clean,automatic,1C4RJFBG0GC321661,4wd,wagon,custom,5.0,41000.0
9900,ford,fusion,excellent,4 cylinders,gas,0.0,clean,automatic,1FA6P0G7XE5403587,fwd,sedan,white,7.0,22000.0
5900,ford,crownvictoria,excellent,8 cylinders,gas,153000.0,clean,automatic,2FAFP74W53X222817,rwd,sedan,blue,18.0,27265.0
6995,subaru,outback,good,4 cylinders,gas,114000.0,clean,manual,4S4BP60C296331122,4wd,wagon,brown,12.0,23495.0
7995,mini,cooperhardtop,excellent,4 cylinders,gas,89000.0,clean,automatic,WMWMF73528TV32549,fwd,coupe,white,13.0,22500.0
22500,dodge,durangolimited,excellent,6 cylinders,gas,89068.0,clean,automatic,1C4RDJDG1FC689997,4wd,SUV,silver,6.0,39500.0
28000,bmw,650ixdrive,excellent,8 cylinders,gas,67000.0,clean,automatic,WBAYM1C56ED325074,4wd,coupe,grey,7.0,100000.0
39000,chevrolet,silverado2500hd,excellent,8 cylinders,diesel,159240.0,clean,automatic,1GC1KVEYXJF151856,4wd,pickup,black,3.0,62100.0
44999,gmc,sierra2500hd,excellent,8 cylinders,diesel,107505.0,clean,automatic,1GT121C85BF106109,4wd,pickup,white,10.0,48795.0
22990,infiniti,qx50sportutility4d,good,6 cylinders,gas,25099.0,clean,other,JN1BJ0RP9HM389427,rwd,hatchback,silver,4.0,37300.0
11936,chevrolet,silverado1500,excellent,8 cylinders,gas,191081.0,clean,automatic,1GCRKSEAXBZ327258,4wd,truck,black,10.0,41000.0
7750,kia,forte,excellent,4 cylinders,gas,87706.0,clean,automatic,KNAFK4A6XF5428911,fwd,sedan,black,6.0,17000.0
6641,ford,fusion,excellent,6 cylinders,gas,141688.0,clean,automatic,3FAHP0JG9BR238707,fwd,sedan,silver,10.0,23670.0
29990,chevrolet,silverado1500double,good,8 cylinders,gas,26129.0,clean,other,1GCVKREC7EZ196951,4wd,pickup,brown,7.0,38500.0
9499,honda,crvseawd,excellent,4 cylinders,gas,141000.0,clean,automatic,5J6RE4H42BL114858,4wd,SUV,brown,10.0,26500.0
1000,kia,optima,like new,4 cylinders,gas,28000.0,clean,automatic,5XXGT4L37HG157389,fwd,sedan,white,4.0,22900.0
10200,hyundai,elantrase4drsedan,excellent,4 cylinders,gas,107220.0,clean,automatic,KMHDH4AEXGU531135,fwd,sedan,black,5.0,19500.0
38590,chevrolet,corvettegrandsport,good,8 cylinders,gas,30237.0,clean,other,1G1YR3DW3B5102190,rwd,other,red,10.0,50700.0
16999,acura,mdx,excellent,6 cylinders,gas,84167.0,clean,automatic,2HNYD2H20CH501179,4wd,SUV,grey,9.0,42950.0
22800,rover,evoque,excellent,4 cylinders,gas,74541.0,clean,automatic,SALVT1BG1DH707427,4wd,hatchback,black,8.0,45195.0
5995,jeep,grandcherokee,good,6 cylinders,gas,153104.0,clean,automatic,1J4GR48K46C164323,4wd,SUV,black,15.0,32735.0
17290,chevrolet,avalancheltz,excellent,8 cylinders,gas,139897.0,clean,automatic,3GNVKGE05AG156301,4wd,SUV,blue,11.0,38500.0
4900,subaru,legacyoutback25i,good,4 cylinders,gas,141019.0,rebuilt,automatic,4S4BP61C977323850,4wd,wagon,silver,14.0,25000.0
31990,ram,1500crewcabexpresspickup,good,8 cylinders,gas,15498.0,clean,other,3C6RR7KT2HG689972,4wd,pickup,silver,4.0,39400.0
5499,chevrolet,spark,excellent,4 cylinders,gas,138128.0,clean,automatic,KL8CD6S98DC612752,fwd,hatchback,custom,8.0,13995.0
5495,chevrolet,malibult,excellent,4 cylinders,gas,174886.0,clean,automatic,1G1ZC5E07CF338199,fwd,sedan,blue,9.0,22700.0
26590,kia,k900premiumsedan4d,good,6 cylinders,gas,24667.0,clean,other,KNALT4D31H6035524,rwd,sedan,black,4.0,59900.0
46990,mercedes-benz,slclasssl550,good,8 cylinders,other,28834.0,clean,other,WDDJK7DA9EF024737,rwd,convertible,blue,7.0,104000.0
29590,ford,expeditionxltsport,good,6 cylinders,gas,70760.0,clean,other,1FMJU1JT1HEA52352,4wd,SUV,blue,4.0,52355.0
16495,mazda,mazda3,good,4 cylinders,gas,82960.0,clean,automatic,3MZBM1N75GM251156,fwd,hatchback,blue,5.0,21200.0
34990,jeep,grandcherokeetrailhawk,good,6 cylinders,gas,37509.0,clean,other,1C4RJFLG1JC138453,4wd,other,black,3.0,47195.0
16900,ford,edgeselawd,excellent,6 cylinders,gas,81999.0,clean,automatic,2FMDK4JCXDBB19623,4wd,SUV,red,8.0,30400.0
6195,chrysler,200,good,4 cylinders,gas,117532.0,clean,automatic,1C3CCBBB1CN175996,fwd,sedan,black,9.0,19500.0
9899,subaru,impreza,excellent,4 cylinders,gas,73384.0,clean,automatic,JF1GPAA64E8217455,4wd,hatchback,blue,7.0,18500.0
15999,chevrolet,silverado1500lt,like new,8 cylinders,gas,95177.0,clean,automatic,2GCEK29C791137205,4wd,pickup,silver,12.0,32500.0
44590,toyota,tundracrewmaxlimited,good,8 cylinders,other,40526.0,clean,other,5TFHW5F15JX683272,4wd,pickup,black,3.0,46500.0
15950,chevrolet,impalalt,excellent,4 cylinders,gas,49000.0,clean,automatic,1G11Z5SA2KU135613,fwd,sedan,black,2.0,29970.0
4900,buick,century,excellent,6 cylinders,gas,71000.0,clean,automatic,2G4WS52J231222874,fwd,sedan,silver,18.0,21000.0
7995,chrysler,300,excellent,6 cylinders,gas,100238.0,clean,automatic,2C3CA5CVXAH221296,rwd,sedan,black,11.0,24900.0
9995,dodge,dakota,excellent,6 cylinders,gas,67843.0,clean,automatic,1D7HE42K46S506329,rwd,truck,blue,15.0,22890.0
38990,chevrolet,corvettegrandsport,good,8 cylinders,gas,51525.0,clean,other,1G1YW3DW6D5106133,rwd,other,red,8.0,56300.0
9500,ford,explorerpoliceinterceptor,excellent,6 cylinders,gas,157308.0,clean,automatic,1FM5K8AR8EGC61205,4wd,SUV,white,7.0,32000.0
29990,toyota,tacomadoublecabpickup,good,6 cylinders,gas,43182.0,clean,other,3TMLU4EN4CM085701,4wd,pickup,white,9.0,30400.0
20590,chrysler,300limitedsedan4d,good,6 cylinders,gas,71021.0,clean,other,2C3CCAEG6JH123125,rwd,sedan,black,3.0,34100.0
11900,toyota,corolla,excellent,4 cylinders,gas,81299.0,clean,automatic,5YFBURHE5FP190717,fwd,sedan,custom,6.0,18300.0
50990,chevrolet,silverado2500hdcrew,good,8 cylinders,other,56262.0,clean,other,1GC1KXEG2GF282176,4wd,pickup,black,5.0,58885.0
33590,chevrolet,silverado1500regular,good,8 cylinders,gas,22320.0,clean,other,3GCNYAEF9KG245900,4wd,pickup,red,2.0,35000.0
7995,audi,q5,good,6 cylinders,gas,152030.0,clean,automatic,WA1MKAFP5AA067527,4wd,SUV,grey,11.0,43500.0
27995,chevrolet,corvette,good,8 cylinders,gas,43652.0,clean,manual,1G1YY36UX65123221,rwd,convertible,black,15.0,49500.0
11998,honda,accordlx,good,4 cylinders,gas,98920.0,clean,automatic,1HGCR2F33EA013490,fwd,sedan,silver,7.0,22990.0
17995,chevrolet,suburban,good,8 cylinders,gas,165601.0,clean,automatic,1GNSKKE30BR256677,4wd,SUV,black,10.0,46000.0
9999,jeep,compass,excellent,4 cylinders,gas,114254.0,clean,automatic,1C4NJDBB6ED569685,4wd,SUV,white,7.0,23695.0
7995,nissan,sentra,good,4 cylinders,gas,95595.0,clean,automatic,3N1AB7AP5GL680402,fwd,sedan,grey,5.0,16800.0
11901,dodge,journey,excellent,4 cylinders,gas,93743.0,clean,automatic,3C4PDCAB1HT606376,fwd,SUV,white,4.0,24000.0
37990,toyota,tundradoublecabsr,good,8 cylinders,gas,22870.0,clean,other,5TFUM5F13GX069124,4wd,pickup,black,5.0,43300.0
20590,chrysler,300limitedsedan4d,good,6 cylinders,gas,71021.0,clean,other,2C3CCAEG6JH123125,rwd,sedan,black,3.0,34800.0
12800,subaru,outback,excellent,4 cylinders,gas,78458.0,clean,automatic,4S4BRBCC8D3267614,4wd,wagon,blue,8.0,27000.0
18895,ford,f150,good,8 cylinders,gas,94978.0,clean,automatic,1FTFX1EF2BFA36717,4wd,truck,blue,10.0,41000.0
44590,infiniti,qx80signaturesport,good,8 cylinders,gas,26477.0,clean,other,JN8AZ2NE9H9158939,4wd,SUV,blue,4.0,66400.0
10000,toyota,corolla,excellent,4 cylinders,gas,80168.0,clean,automatic,5YFBURHE2GP554478,fwd,sedan,black,5.0,18500.0
20990,lexus,gs350sedan4d,good,6 cylinders,gas,75208.0,clean,automatic,JTHBE1BL7E5038972,rwd,sedan,silver,7.0,49500.0
9999,gmc,acadia,excellent,6 cylinders,gas,113077.0,clean,automatic,1GKEV23D29J100288,4wd,SUV,brown,12.0,39500.0
29590,ford,expeditionxltsport,good,6 cylinders,gas,70760.0,clean,other,1FMJU1JT1HEA52352,4wd,SUV,blue,4.0,58500.0
11500,nissan,350z,good,6 cylinders,gas,68600.0,clean,manual,JN1AZ34E05M650516,rwd,coupe,yellow,16.0,29600.0
6995,chevrolet,impala,good,6 cylinders,gas,91080.0,clean,automatic,2G1WT57N191131996,rwd,sedan,grey,12.0,23800.0
12904,ford,f2504x4,excellent,8 cylinders,gas,196292.0,clean,automatic,1FTNX21P44EA51910,4wd,truck,grey,17.0,42900.0
12595,buick,enclave,like new,6 cylinders,gas,97670.0,clean,automatic,5GAKVDED5CJ374407,4wd,SUV,brown,9.0,45135.0
59990,ford,superdutyf550drw,good,8 cylinders,diesel,31337.0,clean,automatic,1FD0X5HTXHEB33429,4wd,truck,white,4.0,68300.0
7450,cadillac,dts,excellent,8 cylinders,gas,95886.0,clean,automatic,1G6KD57Y16U240720,fwd,sedan,white,15.0,52180.0
15999,ford,f150,excellent,8 cylinders,gas,131004.0,clean,automatic,1FTFW1E66BFA14304,4wd,pickup,white,10.0,40600.0
7695,jeep,liberty37v6,like new,6 cylinders,gas,128500.0,clean,automatic,1J4PN2GK2AW109782,4wd,SUV,red,11.0,26955.0
37121,chevrolet,silverado1500,excellent,8 cylinders,gas,16351.0,clean,automatic,3GCUKSEC7FG415766,4wd,truck,black,6.0,42600.0
12900,bmw,228i,excellent,4 cylinders,gas,83000.0,clean,automatic,WBA1F5C59EVV98961,rwd,coupe,black,7.0,32900.0
30590,dodge,challengerrtcoupe2d,good,8 cylinders,gas,5937.0,clean,other,2C3CDZBT2GH316605,rwd,coupe,black,5.0,32500.0
13300,gmc,yukonxldenali,excellent,8 cylinders,gas,90000.0,clean,automatic,1GKS2MEF7BR174674,4wd,SUV,silver,10.0,69300.0
32900,dodge,challenger,excellent,8 cylinders,gas,23132.0,clean,automatic,2C3CDZBT6LH131029,rwd,coupe,black,1.0,36500.0
31990,ford,mustanggtcoupe2d,good,8 cylinders,gas,19043.0,clean,automatic,1FA6P8CF5H5237592,rwd,coupe,silver,4.0,35000.0
5450,chevrolet,cobaltlt,excellent,4 cylinders,gas,102115.0,clean,automatic,1G1AF5F52A7211673,fwd,sedan,white,11.0,18600.0
9900,mercedes-benz,cclass,excellent,6 cylinders,gas,107125.0,clean,automatic,WDDGF8BB3BF643832,fwd,sedan,blue,10.0,37300.0
8500,volkswagen,jetta,good,4 cylinders,gas,110247.0,clean,automatic,3VWD07AJ1FM357837,fwd,sedan,black,6.0,20500.0
13995,kia,optimaex,excellent,4 cylinders,gas,102271.0,clean,automatic,5XXGU4L34GG030109,fwd,sedan,white,5.0,22700.0
37990,chevrolet,corvettegrandsport,good,8 cylinders,other,56302.0,clean,other,1G1YS3DW5A5103103,rwd,other,red,11.0,57900.0
18888,honda,civicsedanex,good,4 cylinders,gas,59517.0,clean,automatic,19XFC2F74HE017016,fwd,sedan,white,4.0,24000.0
34590,chevrolet,corvettecoupe2d,good,8 cylinders,gas,20182.0,clean,other,1G1YF2DWXA5104665,rwd,coupe,red,11.0,49380.0
19995,toyota,rav4xle,excellent,4 cylinders,gas,43412.0,clean,automatic,2T3RFREV2HW595049,fwd,SUV,black,4.0,30500.0
19990,kia,cadenzalimitedsedan4d,good,6 cylinders,gas,28121.0,clean,other,KNALN4D75G5215462,fwd,sedan,white,5.0,42300.0
6800,chevrolet,spark,excellent,4 cylinders,gas,99900.0,clean,automatic,KL8CB6S95DC504238,fwd,sedan,red,8.0,12500.0
18987,chevrolet,expresspassenger,good,8 cylinders,gas,60047.0,clean,automatic,1GAWGPFA2D1183585,rwd,van,white,8.0,33500.0
7991,dodge,grandcaravan,good,6 cylinders,gas,93000.0,clean,automatic,2D8HN54159R611084,fwd,van,custom,12.0,26500.0
30990,mercedes-benz,slclasssl550,good,8 cylinders,hybrid,51086.0,clean,automatic,WDBSK7BA6BF166264,rwd,convertible,silver,10.0,105000.0
11477,toyota,camry,excellent,4 cylinders,gas,93083.0,clean,automatic,4T4BF1FK7ER406834,fwd,sedan,grey,7.0,22000.0
5970,chevrolet,impalalimitedpolice,excellent,6 cylinders,gas,133160.0,clean,automatic,2G1WD5E30E1147499,fwd,sedan,silver,7.0,26500.0
7995,kia,soul,excellent,4 cylinders,gas,93985.0,clean,manual,KNDJT2A51D7496344,fwd,wagon,silver,8.0,17495.0
6999,kia,soul,excellent,4 cylinders,gas,76000.0,clean,manual,KNDJT2A16B7282895,fwd,hatchback,white,10.0,15000.0
34900,audi,q730premiumplus,excellent,6 cylinders,gas,62450.0,clean,automatic,WA1LAAF76HD014410,4wd,SUV,blue,4.0,59000.0
10900,hyundai,sonata,excellent,4 cylinders,gas,0.0,clean,automatic,5NPE24AF0GH411468,fwd,sedan,black,5.0,22800.0
5900,kia,forte,excellent,4 cylinders,gas,141570.0,clean,automatic,KNAFU4A24C5595204,fwd,sedan,black,9.0,18000.0
33990,ford,superdutyf550drw,good,8 cylinders,diesel,136250.0,clean,automatic,1FDUF5HT3EEB73528,4wd,truck,white,7.0,68700.0
3995,mazda,mazda3,good,4 cylinders,gas,164211.0,clean,automatic,JM1BL1UG9C1517308,fwd,sedan,grey,9.0,19500.0
30990,dodge,challengerrtshaker,good,8 cylinders,gas,36758.0,clean,other,2C3CDZBT6GH232240,rwd,coupe,silver,5.0,33290.0
20990,dodge,chargersxtsedan4d,good,6 cylinders,gas,40967.0,clean,other,2C3CDXHG5GH211247,rwd,sedan,black,5.0,31600.0
37990,chevrolet,camarosscoupe2d,good,8 cylinders,gas,9704.0,clean,other,1G1FF1R79G0140582,rwd,coupe,red,5.0,38400.0
6450,subaru,forester25x,excellent,4 cylinders,gas,141179.0,clean,manual,JF2SHABC0CG424192,4wd,SUV,green,9.0,25500.0
49995,ram,3500,good,6 cylinders,diesel,85404.0,clean,automatic,3C63RRMLXEG167648,4wd,truck,white,7.0,57300.0
29990,chevrolet,coloradocrewcabwork,good,6 cylinders,gas,11401.0,clean,other,1GCGTBEN7J1162712,4wd,pickup,red,3.0,34000.0
5400,honda,civic,good,4 cylinders,gas,179350.0,clean,automatic,1HGFA16578L031368,fwd,sedan,blue,13.0,18500.0
39590,ford,mustanggtcoupe2d,good,8 cylinders,gas,1988.0,clean,other,1FA6P8CF9L5171928,rwd,coupe,black,1.0,43500.0
39950,chevrolet,silverado2500hd,excellent,8 cylinders,diesel,99888.0,clean,automatic,1GC2KUEY0JZ203251,4wd,truck,white,3.0,48600.0
31990,ram,1500quadcabharvestpickup,good,6 cylinders,gas,27426.0,clean,other,1C6RR7GG8JS247420,4wd,pickup,white,3.0,40860.0
23195,nissan,rogue,excellent,4 cylinders,gas,36854.0,clean,automatic,5N1AT2MV7LC743797,4wd,SUV,green,1.0,28500.0
31990,ford,superdutyf250srw,good,8 cylinders,gas,101335.0,clean,automatic,1FDBF2B69DEB79406,4wd,truck,white,8.0,43100.0
12500,chevrolet,silverado1500lt,excellent,8 cylinders,gas,223192.0,clean,automatic,2GCEC13J071550515,rwd,pickup,white,14.0,27300.0
3400,honda,civiccoupeex,good,4 cylinders,gas,178000.0,clean,automatic,2HGFG128X7H581643,fwd,coupe,black,14.0,19000.0
23590,buick,enclavepremiumsport,good,6 cylinders,gas,79136.0,clean,other,5GAKRCKD4FJ155025,fwd,other,white,6.0,45000.0
40590,toyota,tundracrewmaxsr5pickup,good,8 cylinders,gas,30011.0,clean,automatic,5TFDW5F11HX646020,4wd,pickup,blue,4.0,47500.0
35590,ram,1500crewcabbighorn,good,8 cylinders,gas,22401.0,clean,other,1C6RR7LT4HS667558,4wd,pickup,blue,4.0,40200.0
47990,ford,superdutyf550drw,good,8 cylinders,diesel,39253.0,clean,automatic,1FDUF5HT8EEA80861,4wd,truck,white,7.0,59600.0
14750,acura,mdxawd,excellent,6 cylinders,gas,142145.0,clean,automatic,5FRYD4H22EB021945,4wd,SUV,black,7.0,50000.0
9500,nissan,juke,excellent,4 cylinders,gas,108147.0,clean,automatic,JN8AF5MV4ET482357,4wd,wagon,black,7.0,24990.0
24590,lexus,gs350sedan4d,good,6 cylinders,gas,50252.0,clean,automatic,JTHBE1BL4FA003542,rwd,sedan,black,6.0,47800.0
2495,dodge,journey,like new,6 cylinders,gas,80751.0,clean,automatic,3C4PDCBG6FT678696,fwd,SUV,black,6.0,26700.0
25990,ford,mustanggtpremium,good,8 cylinders,gas,24122.0,clean,other,1ZVBP8FFXB5151039,rwd,other,blue,10.0,39995.0
24990,chrysler,300limitedsedan4d,good,6 cylinders,gas,14714.0,clean,other,2C3CCAEG5JH314003,rwd,sedan,white,3.0,38500.0
17950,jeep,compass,excellent,4 cylinders,gas,39313.0,clean,automatic,3C4NJDBB3JT100168,4wd,SUV,black,3.0,26000.0
7990,hyundai,elantragls4drsedan6,good,4 cylinders,gas,134000.0,clean,automatic,KMHDH4AE0CU454057,fwd,sedan,grey,9.0,19450.0
37999,cadillac,xt5platinumawd,like new,6 cylinders,gas,26625.0,clean,automatic,1GYKNFRS4HZ289063,4wd,SUV,white,4.0,62690.0
7495,mitsubishi,outlandersport,good,4 cylinders,gas,135017.0,clean,automatic,4A4AR3AU4EE007789,fwd,wagon,red,7.0,23995.0
23900,chevrolet,corvette,good,8 cylinders,gas,43242.0,clean,manual,1G1YY34U655134623,rwd,convertible,black,16.0,55000.0
30800,chevrolet,corvette,like new,8 cylinders,gas,19428.0,clean,manual,1G1YY26U575112283,rwd,coupe,yellow,14.0,50000.0
23995,volkswagen,tiguan,excellent,4 cylinders,gas,8245.0,clean,automatic,3VV1B7AXXLM014803,fwd,SUV,white,1.0,26000.0
8000,chevrolet,malibult,good,4 cylinders,gas,107669.0,clean,automatic,1G1ZC5EU4BF120027,fwd,sedan,grey,10.0,21875.0
9999,chevrolet,cruze,excellent,4 cylinders,gas,13090.0,rebuilt,automatic,1G1BC5SM6K7150968,fwd,sedan,white,2.0,19900.0
38900,chevrolet,suburbanpremier,excellent,8 cylinders,gas,116788.0,clean,automatic,1GNSCJKC2HR190198,rwd,SUV,silver,4.0,68600.0
21900,chevrolet,traverse,excellent,6 cylinders,gas,88650.0,clean,automatic,1GNKVJKD3HJ131565,4wd,SUV,silver,4.0,45000.0
36990,gmc,sierra2500hddoublecab,good,8 cylinders,gas,23190.0,clean,other,1GT22REG1GZ401351,4wd,pickup,black,5.0,38200.0
19850,nissan,roguesawd,new,4 cylinders,gas,2050.0,rebuilt,automatic,5N1AT2MV8LC778669,4wd,SUV,blue,1.0,28760.0
25590,toyota,avalonxletouringsedan,good,6 cylinders,gas,30870.0,clean,other,4T1BK1EB3HU264087,fwd,sedan,silver,4.0,36000.0
6500,buick,enclave,excellent,6 cylinders,gas,143211.0,clean,automatic,5GAKVCED3BJ169564,4wd,SUV,white,10.0,46840.0
30850,cadillac,xt5,excellent,6 cylinders,gas,44550.0,clean,automatic,1GYKNERS8HZ159362,4wd,wagon,silver,4.0,61500.0
15995,chevrolet,silverado,good,8 cylinders,gas,190000.0,clean,automatic,1GB4C0CG6BF232673,rwd,truck,white,9.0,41400.0
29900,ford,f150,excellent,8 cylinders,gas,114000.0,clean,automatic,1FTFW1EF4EFB07682,4wd,truck,white,7.0,39900.0
5993,chrysler,sebringtouring,like new,4 cylinders,gas,105261.0,clean,automatic,1C3CC4FB9AN170936,fwd,sedan,white,11.0,20500.0
5950,buick,lacrosse,good,6 cylinders,gas,138887.0,clean,automatic,2G4WD582061274714,fwd,sedan,red,15.0,25700.0
23900,lexus,is250,excellent,6 cylinders,gas,80654.0,clean,automatic,JTHBF1D25E5008564,rwd,sedan,white,7.0,35900.0
6950,honda,accord,excellent,6 cylinders,gas,192771.0,clean,automatic,5KBCP3F85AB013953,fwd,sedan,blue,11.0,28450.0
35990,dodge,challengerrtcoupe2d,good,8 cylinders,gas,1548.0,clean,other,2C3CDZBT9LH119053,rwd,coupe,black,1.0,36500.0
20590,mercedes-benz,clsclasscls550,good,8 cylinders,other,80765.0,clean,other,WDDDJ7CB0BA172021,rwd,coupe,white,10.0,61850.0
27000,toyota,sienna,excellent,6 cylinders,gas,59143.0,clean,automatic,5TDYZ3DC0HS830694,fwd,mini-van,white,4.0,39990.0
3900,subaru,forester25xawd,excellent,4 cylinders,gas,168921.0,clean,manual,JF1SG63696G716344,4wd,SUV,grey,15.0,21500.0
37590,dodge,chargerrtsedan4d,good,8 cylinders,gas,7762.0,clean,other,2C3CDXCT7LH153799,rwd,sedan,purple,1.0,38500.0
8995,dodge,grandcaravan,excellent,6 cylinders,gas,119444.0,clean,automatic,2C4RDGBGXGR145402,fwd,mini-van,silver,5.0,28695.0
12990,nissan,maxima,excellent,6 cylinders,gas,92241.0,clean,automatic,1N4AA5AP8EC483694,fwd,sedan,black,7.0,34990.0
12999,toyota,sequoia,excellent,8 cylinders,gas,138189.0,clean,automatic,5TDZT34A25S241730,rwd,SUV,grey,16.0,38500.0
8900,ford,fusion,excellent,4 cylinders,gas,118267.0,clean,automatic,3FA6P0G75GR353830,fwd,sedan,white,5.0,22000.0
30990,nissan,frontiercrewcabpro4x,good,6 cylinders,gas,31095.0,clean,other,1N6DD0EV9HN769618,4wd,pickup,white,4.0,33500.0
29990,chevrolet,coloradocrewcabwork,good,6 cylinders,gas,11401.0,clean,other,1GCGTBEN7J1162712,4wd,pickup,red,3.0,34700.0
38900,toyota,4runner,excellent,6 cylinders,gas,73000.0,clean,automatic,JTEBU5JR4H5429529,4wd,SUV,grey,4.0,41710.0
10999,acura,tsx,excellent,4 cylinders,gas,116444.0,clean,automatic,JH4CU2F61AC001536,fwd,sedan,white,11.0,30000.0
54900,ram,35004x4cummins,excellent,6 cylinders,diesel,55822.0,clean,automatic,3C7WR9CL5KG517631,4wd,pickup,black,2.0,57000.0
32995,ram,1500,excellent,8 cylinders,gas,99934.0,clean,automatic,1C6RR7NT9FS587523,4wd,pickup,silver,6.0,43300.0
39590,ford,mustanggtcoupe2d,good,8 cylinders,gas,728.0,clean,other,1FA6P8CF3L5183234,rwd,coupe,blue,1.0,43000.0
24590,nissan,maximasvsedan4d,good,6 cylinders,gas,45057.0,clean,other,1N4AA6CV1LC360091,fwd,sedan,silver,1.0,38830.0
41990,lincoln,continentalreserve,good,6 cylinders,gas,9345.0,clean,other,1LN6L9RP8K5604130,fwd,sedan,blue,2.0,64980.0
14990,ford,explorer,excellent,6 cylinders,gas,114235.0,clean,automatic,1FM5K8D88DGA03591,4wd,SUV,blue,8.0,36250.0
29590,ford,expeditionxltsport,good,6 cylinders,gas,70760.0,clean,other,1FMJU1JT1HEA52352,4wd,SUV,blue,4.0,56130.0
10995,bmw,x5xdrive30i,excellent,6 cylinders,gas,112568.0,clean,automatic,5UXFE43529L261599,4wd,SUV,blue,12.0,60000.0
5390,toyota,4runnerlimited,excellent,6 cylinders,gas,218.0,clean,automatic,JT3GN87R310184035,rwd,SUV,white,20.0,36400.0
37900,ford,edgetitaniumawd,like new,4 cylinders,gas,17000.0,clean,automatic,2FMPK4K90KBB74997,4wd,SUV,blue,2.0,38250.0
13830,nissan,versa,excellent,4 cylinders,gas,29826.0,clean,automatic,3N1CN7AP7KL843270,fwd,sedan,black,2.0,14200.0
13999,honda,pilot,good,6 cylinders,gas,157096.0,clean,automatic,5FNYF4H60DB501396,4wd,SUV,white,8.0,38820.0
3499,ford,fusion,good,4 cylinders,gas,148025.0,clean,automatic,3FAHP0HA9CR248740,fwd,sedan,black,9.0,23500.0
45590,gmc,yukonslesportutility4d,good,8 cylinders,gas,29734.0,clean,other,1GKS2AKC7JR109945,4wd,other,black,3.0,53300.0
9999,dodge,grandcaravan4dr,like new,6 cylinders,gas,77003.0,rebuilt,automatic,2C4RDGCG1GR384223,fwd,van,grey,5.0,28700.0
24590,chevrolet,coloradoextendedcab,good,6 cylinders,gas,100851.0,clean,other,1GCHTDE3XG1220609,4wd,pickup,red,5.0,38500.0
54950,ram,5500,excellent,6 cylinders,diesel,40988.0,clean,automatic,3C7WRNFL0GG251561,4wd,truck,white,5.0,56000.0
38590,chevrolet,corvettegrandsport,good,8 cylinders,gas,30237.0,clean,other,1G1YR3DW3B5102190,rwd,other,red,10.0,57700.0
32900,ford,transit,like new,6 cylinders,gas,6735.0,clean,automatic,1FTYR1YM7KKA86825,rwd,van,white,2.0,40000.0
36990,gmc,sierra2500hddoublecab,good,8 cylinders,gas,23190.0,clean,other,1GT22REG1GZ401351,4wd,pickup,black,5.0,38500.0
16998,nissan,frontiercrewcab,excellent,6 cylinders,gas,92166.0,clean,automatic,1N6AD0FR3GN798910,rwd,truck,grey,5.0,30610.0
28990,lexus,es350sedan4d,good,6 cylinders,gas,11264.0,clean,other,JTHBK1GG0G2229495,fwd,sedan,red,5.0,38900.0
16750,ram,1500,excellent,8 cylinders,gas,111327.0,clean,automatic,1C6RR7PT0ES219890,4wd,pickup,red,7.0,46000.0
33990,mercedes-benz,eclasse63amg,good,8 cylinders,gas,88107.0,clean,automatic,WDDHF7EB7CA570344,rwd,sedan,white,9.0,101500.0
42990,lincoln,navigatorreservesport,good,6 cylinders,gas,50680.0,clean,automatic,5LMJJ2LT3HEL02540,4wd,other,black,4.0,73900.0
18495,cadillac,srx,excellent,6 cylinders,gas,43857.0,clean,automatic,3GYFNDE39DS629089,fwd,SUV,black,8.0,45500.0
29995,jeep,grandcherokeelaredo,like new,6 cylinders,gas,20005.0,clean,automatic,1C4RJFAG0LC132651,4wd,SUV,black,1.0,38500.0
13088,chevrolet,equinoxlt,excellent,4 cylinders,gas,130113.0,clean,automatic,2GNFLFEK4F6104285,4wd,SUV,black,6.0,29500.0
25990,ford,mustanggtpremium,good,8 cylinders,gas,24122.0,clean,other,1ZVBP8FFXB5151039,rwd,other,blue,10.0,38500.0
46990,chevrolet,corvettestingray,good,8 cylinders,gas,16966.0,clean,other,1G1YA3D74E5119018,rwd,other,white,7.0,51000.0
8900,volkswagen,jetta,excellent,4 cylinders,diesel,115390.0,clean,automatic,3VWLL7AJ8EM271622,fwd,sedan,black,7.0,25500.0
4000,chevrolet,cobalt,excellent,4 cylinders,gas,127726.0,clean,automatic,1G1AM18B587255176,fwd,sedan,white,13.0,20490.0
36500,gmc,sierra1500,excellent,8 cylinders,gas,37000.0,clean,automatic,3GTU2NECXJG274699,4wd,truck,black,3.0,46000.0
9988,hyundai,accentvalueedition,good,4 cylinders,gas,110418.0,clean,automatic,KMHCT4AE1HU253897,fwd,sedan,white,4.0,15500.0
17995,chevrolet,silverado1500,excellent,8 cylinders,gas,151701.0,clean,automatic,3GCPKSE7XDG270977,4wd,truck,black,8.0,41000.0
13222,honda,civiccpesi,good,4 cylinders,gas,144500.0,clean,manual,2HGFG4A58DH706224,fwd,coupe,blue,8.0,23900.0
31990,ram,1500quadcabharvestpickup,good,6 cylinders,gas,27426.0,clean,other,1C6RR7GG8JS247420,4wd,pickup,white,3.0,41850.0
4150,jeep,commander,good,8 cylinders,gas,180000.0,clean,automatic,1J8HG48N06C366434,4wd,SUV,custom,15.0,35000.0
8999,chevrolet,spark,excellent,4 cylinders,gas,42006.0,clean,automatic,KL8CA6S92EC521969,fwd,sedan,silver,7.0,12800.0
17459,jeep,cherokee,excellent,6 cylinders,gas,101086.0,clean,automatic,1C4PJMBS8FW503878,4wd,SUV,grey,6.0,36340.0
32590,chevrolet,corvettecoupe2d,good,8 cylinders,gas,20420.0,clean,other,1G1YY25W995110249,rwd,coupe,silver,12.0,48500.0
10000,chevrolet,cruzelimited,excellent,4 cylinders,gas,99728.0,clean,automatic,1G1PE5SB1G7111243,fwd,sedan,white,5.0,20000.0
18500,jeep,cherokeelatitudesport,excellent,4 cylinders,gas,50000.0,clean,automatic,1C4PJLCB0GW178122,fwd,SUV,red,5.0,26695.0
5100,honda,civic,excellent,4 cylinders,gas,135000.0,clean,manual,2HGFA1E52AH543236,fwd,sedan,red,11.0,18000.0
10500,nissan,versa,excellent,4 cylinders,gas,29616.0,clean,automatic,3N1CN7AP1HL905268,fwd,sedan,black,4.0,12000.0
19495,lincoln,mkx,good,6 cylinders,gas,89498.0,clean,automatic,2LMTJ8LR6GBL29829,4wd,SUV,white,5.0,45100.0
2295,ford,taurus,excellent,6 cylinders,gas,82522.0,rebuilt,automatic,1FAFP55U32G275604,fwd,sedan,custom,19.0,19650.0
20495,jeep,renegadelatitude,excellent,4 cylinders,gas,25304.0,clean,automatic,ZACCJBBB0JPJ17090,4wd,SUV,grey,3.0,26995.0
7898,kia,fortelxsedan,like new,4 cylinders,gas,62327.0,clean,manual,3KPFK4A76HE066434,fwd,sedan,silver,4.0,16000.0
17390,chevrolet,silverado2500hd,excellent,8 cylinders,diesel,175348.0,clean,automatic,1GCHK29628E140470,4wd,truck,blue,13.0,48500.0
11733,toyota,camry,excellent,4 cylinders,gas,93083.0,clean,automatic,4T4BF1FK7ER406834,fwd,sedan,grey,7.0,24000.0
9450,subaru,forester,excellent,4 cylinders,gas,133239.0,clean,automatic,JF2SHABC1BH733002,4wd,SUV,blue,10.0,24495.0
33990,ram,1500crewcabtradesman,good,8 cylinders,gas,17033.0,clean,other,3C6RR7KT7HG794054,4wd,pickup,blue,4.0,36000.0
20300,lexus,es350,excellent,6 cylinders,gas,53000.0,clean,automatic,JTHBK1GG8F2186216,fwd,sedan,blue,6.0,38900.0
5896,chevrolet,sonic,excellent,4 cylinders,gas,145222.0,clean,automatic,1G1JA6SH3E4153603,fwd,hatchback,blue,7.0,14500.0
10000,chevrolet,cruze,new,4 cylinders,gas,100840.0,clean,manual,1G1PC5SH1C7294518,fwd,sedan,black,9.0,19500.0
29590,ford,expeditionxltsport,good,6 cylinders,gas,70760.0,clean,other,1FMJU1JT1HEA52352,4wd,SUV,blue,4.0,52320.0
11900,ford,fusion,excellent,4 cylinders,gas,0.0,clean,automatic,3FA6P0HD0GR342786,fwd,sedan,black,5.0,24000.0
18700,toyota,rav4,excellent,4 cylinders,gas,40089.0,clean,automatic,2T3BFREV4HW621815,4wd,SUV,purple,4.0,29500.0
13995,honda,crv,excellent,4 cylinders,gas,96608.0,clean,automatic,JHLRM4H77CC000166,4wd,SUV,silver,9.0,30320.0
28990,bmw,m3convertible2d,good,8 cylinders,gas,70703.0,clean,other,WBSDX9C57CE785089,rwd,other,silver,9.0,57000.0
18995,nissan,altima,good,4 cylinders,gas,61293.0,clean,automatic,1N4AL3AP2HC245018,rwd,sedan,black,4.0,22490.0
36900,mercedes-benz,slclass,excellent,8 cylinders,gas,29984.0,clean,automatic,WDBSK71F09F152898,rwd,convertible,black,12.0,87350.0
10900,audi,a5,excellent,4 cylinders,gas,93000.0,clean,automatic,WAUAFAFH9CN000704,fwd,convertible,red,9.0,42000.0
11914,chrysler,300s,excellent,6 cylinders,gas,170591.0,clean,automatic,2C3CCABG1EH118893,rwd,sedan,black,7.0,38500.0
44950,ram,3500crewcab,excellent,6 cylinders,diesel,113058.0,clean,automatic,3C63R3JL5EG216059,4wd,truck,black,7.0,48500.0
22000,lexus,rx350fsportawd,excellent,6 cylinders,gas,91000.0,clean,automatic,2T2BK1BA1DC166503,4wd,SUV,custom,8.0,44700.0
31990,ram,1500quadcabharvestpickup,good,6 cylinders,gas,27426.0,clean,other,1C6RR7GG8JS247420,4wd,pickup,white,3.0,39600.0
34990,lexus,rx350sportutility4d,good,6 cylinders,gas,21959.0,clean,other,2T2ZZMCAXJC097770,fwd,SUV,silver,3.0,43600.0
5000,chevrolet,impalaltz,good,6 cylinders,gas,116805.0,clean,automatic,2G1WU583389168929,fwd,sedan,silver,13.0,28440.0
34590,ford,mustanggtpremium,good,8 cylinders,gas,30970.0,clean,other,1FATP8FF6F5341651,rwd,other,white,6.0,40995.0
7000,subaru,outback,good,4 cylinders,gas,180879.0,clean,automatic,4S4BRBKC8D3221296,4wd,hatchback,white,8.0,30700.0
31995,bmw,x5,excellent,6 cylinders,gas,62681.0,clean,automatic,5UXKR0C5XG0U07855,4wd,SUV,grey,5.0,60500.0
6495,jeep,grandcherokee,good,8 cylinders,gas,154769.0,clean,automatic,1J8HR58277C589870,4wd,other,silver,14.0,41700.0
8295,toyota,prius,excellent,4 cylinders,hybrid,122350.0,clean,automatic,JTDKN3DU5D1699408,fwd,hatchback,white,8.0,24500.0
10995,lexus,rx350,good,6 cylinders,gas,104976.0,clean,automatic,2T2HK31U17C035707,4wd,SUV,green,14.0,40400.0
8000,chevrolet,malibult,good,4 cylinders,gas,107669.0,clean,automatic,1G1ZC5EU4BF120027,fwd,sedan,grey,10.0,22770.0
40995,jaguar,xesawd,excellent,6 cylinders,gas,15673.0,clean,automatic,SAJAM4FV0JCP17096,4wd,sedan,black,3.0,59800.0
8990,chevrolet,equinox,good,4 cylinders,gas,127100.0,clean,automatic,2GNALFEK8D6411627,fwd,wagon,black,8.0,31300.0
37990,chevrolet,camarosscoupe2d,good,8 cylinders,gas,9704.0,clean,other,1G1FF1R79G0140582,rwd,coupe,red,5.0,38800.0
7991,mercedes-benz,cclass,excellent,6 cylinders,gas,146908.0,clean,automatic,WDDGF8BB5BR148305,4wd,sedan,grey,10.0,36600.0
4995,gmc,envoysle,good,6 cylinders,gas,194681.0,clean,automatic,1GKDT13S652309659,4wd,SUV,blue,16.0,41180.0
34990,ram,1500quadcabbighorn,good,6 cylinders,other,22064.0,clean,other,1C6RR7GG0JS247282,4wd,pickup,silver,3.0,38500.0
8000,jeep,compass,excellent,4 cylinders,gas,50000.0,salvage,automatic,1C4NJDEB6HD171649,4wd,SUV,custom,4.0,26490.0
7900,ford,fusionsel,excellent,6 cylinders,gas,90395.0,clean,automatic,3FAHP0JG0CR211574,fwd,sedan,white,9.0,25300.0
32990,dodge,challengerrtcoupe2d,good,8 cylinders,gas,2676.0,clean,other,2C3CDZBT6KH724310,rwd,coupe,white,2.0,34400.0
48900,ford,superdutyf250srw,excellent,8 cylinders,diesel,134000.0,clean,automatic,1FT7W2BT4FEA02443,4wd,truck,white,6.0,64000.0
9990,hyundai,veracruz,excellent,6 cylinders,gas,149000.0,clean,automatic,KM8NUDCC6BU145526,4wd,SUV,silver,10.0,33900.0
32590,chevrolet,corvettecoupe2d,good,8 cylinders,gas,20420.0,clean,other,1G1YY25W995110249,rwd,coupe,silver,12.0,50000.0
28590,jeep,wranglerunlimitedsport,good,6 cylinders,gas,46469.0,clean,other,1C4BJWDG4DL523249,4wd,other,black,8.0,30390.0
21999,dodge,challenger,good,8 cylinders,gas,69782.0,clean,automatic,2C3CDYBT4DH540738,rwd,other,white,8.0,31495.0
24995,chevrolet,colorado,good,6 cylinders,gas,121802.0,clean,automatic,1GCGTDEN6H1229922,4wd,truck,grey,4.0,38500.0
3995,gmc,envoy,excellent,6 cylinders,gas,164677.0,clean,automatic,1GKDS13S352105842,rwd,SUV,black,16.0,44535.0
19790,toyota,rav4,excellent,4 cylinders,gas,70716.0,clean,automatic,2T3WFREV6HW388537,fwd,SUV,white,4.0,30000.0
24995,chevrolet,silverado3500hd4x4,like new,8 cylinders,gas,157192.0,clean,automatic,1GB5KZCG2DZ333089,4wd,truck,white,8.0,42000.0
23900,chevrolet,corvette,good,8 cylinders,gas,43242.0,clean,manual,1G1YY34U655134623,rwd,convertible,black,16.0,54000.0
34995,ram,2500,excellent,6 cylinders,diesel,137699.0,clean,automatic,3C6UR5CLXEG147348,4wd,pickup,white,7.0,44800.0
39990,chevrolet,tahoelssportutility,good,8 cylinders,gas,31992.0,clean,other,1GNSKAKC9JR179028,4wd,SUV,black,3.0,57000.0
4500,honda,element,excellent,4 cylinders,gas,276650.0,clean,automatic,5J6YH28514L013538,4wd,SUV,green,17.0,23500.0
28990,lexus,ls460sedan4d,good,8 cylinders,diesel,72772.0,clean,other,JTHBL5EF0E5129259,rwd,sedan,silver,7.0,72000.0
16895,audi,q5,excellent,4 cylinders,gas,76819.0,clean,automatic,WA1LFAFP4DA051372,4wd,SUV,black,8.0,43000.0
12208,honda,accordsdn,excellent,4 cylinders,gas,62095.0,clean,automatic,1HGCP2F62CA105378,fwd,sedan,grey,9.0,24600.0
17995,chevrolet,expresscargovan,good,8 cylinders,other,86610.0,clean,automatic,1GCWGFCA6D1150885,rwd,van,white,8.0,30600.0
14995,ford,f150,excellent,8 cylinders,gas,158230.0,clean,automatic,1FTPW14V08FA25871,4wd,pickup,white,13.0,32500.0
13995,chevrolet,silverado2500hd,good,8 cylinders,gas,165000.0,clean,automatic,1GC4KXBG5AF149999,4wd,pickup,blue,11.0,39500.0
17880,nissan,roguesv,excellent,4 cylinders,gas,40529.0,clean,automatic,5N1AT2MV7JC701434,4wd,SUV,silver,3.0,30000.0
7495,pontiac,g6gt,good,6 cylinders,gas,63164.0,rebuilt,automatic,1G2ZH36N884305534,fwd,convertible,red,13.0,24700.0
17495,chevrolet,avalanch,excellent,8 cylinders,gas,136563.0,clean,automatic,3GNTKFE7XCG124400,4wd,truck,white,9.0,38500.0
5000,ford,fiesta,excellent,4 cylinders,gas,130000.0,clean,automatic,3FADP4BJ1FM191319,fwd,sedan,silver,6.0,15500.0
30900,chevrolet,silverado1500,excellent,8 cylinders,gas,113000.0,clean,automatic,3GCUKREC2FG287865,4wd,truck,red,6.0,39900.0
1195,honda,accord,good,4 cylinders,gas,198500.0,clean,automatic,1HGCM56487A146046,fwd,sedan,blue,14.0,23625.0
7500,honda,civicex,excellent,4 cylinders,gas,127332.0,clean,automatic,2HGFB2F81DH543535,fwd,sedan,grey,8.0,21500.0
2800,volkswagen,gti18t,fair,4 cylinders,other,114001.0,salvage,manual,9BWDE61J764006351,rwd,hatchback,black,15.0,23000.0
11913,chevrolet,equinoxltz,excellent,4 cylinders,gas,113062.0,clean,automatic,2GNALFEK4D6179771,fwd,SUV,blue,7.0,28800.0
29590,ford,expeditionxltsport,good,6 cylinders,gas,70760.0,clean,other,1FMJU1JT1HEA52352,4wd,SUV,blue,4.0,49360.0
14295,gmc,terrainsle2awd,like new,6 cylinders,gas,111979.0,clean,automatic,2GKFLWE3XF6207538,4wd,SUV,white,6.0,31600.0
13988,mazda,mazda3isport,good,4 cylinders,gas,65253.0,clean,other,JM1BM1U76E1124608,fwd,sedan,white,7.0,18800.0
39990,infiniti,qx60luxesportutility,good,6 cylinders,other,7018.0,clean,other,5N1DL0MNXLC513401,fwd,SUV,blue,1.0,48700.0
3300,buick,century,excellent,6 cylinders,gas,151260.0,clean,automatic,2G4WS52JX21300350,fwd,sedan,custom,19.0,22990.0
24999,buick,enclave,excellent,6 cylinders,gas,28022.0,rebuilt,automatic,5GAERBKW4KJ188822,rwd,SUV,custom,2.0,44700.0
23900,chevrolet,corvette,good,8 cylinders,gas,43242.0,clean,manual,1G1YY34U655134623,rwd,convertible,black,16.0,49000.0
13911,buick,enclave,excellent,6 cylinders,gas,100567.0,clean,automatic,5GAKVCEDXBJ135816,4wd,SUV,silver,10.0,41300.0
10900,ford,fusionse,like new,4 cylinders,gas,108530.0,clean,automatic,3FA6P0H76GR308412,fwd,sedan,silver,5.0,22500.0
3000,honda,accordsedan,good,4 cylinders,gas,196000.0,clean,automatic,1HGCG16522A076612,fwd,sedan,green,19.0,23900.0
30495,ram,1500,excellent,8 cylinders,gas,50538.0,clean,automatic,3C6RR7KT6HG796863,4wd,truck,grey,4.0,40400.0
26990,ford,superdutyf750straightframe,good,8 cylinders,diesel,201035.0,clean,automatic,1FDWF7DC4GDA01690,rwd,truck,white,5.0,60400.0
34990,gmc,sierra1500doublecabsle,good,8 cylinders,gas,31728.0,clean,other,1GTV2MECXHZ377968,4wd,pickup,white,4.0,38000.0
17995,chevrolet,suburbanlt,excellent,8 cylinders,gas,110000.0,clean,automatic,1GNSCJE00DR160337,rwd,SUV,white,8.0,50000.0
14995,bmw,z4roadster,excellent,6 cylinders,gas,44810.0,clean,manual,4USBT33473LR63524,rwd,convertible,blue,18.0,33500.0
3999,mazda,tribute,excellent,6 cylinders,gas,143552.0,clean,automatic,4F2YZ961X5KM06943,4wd,SUV,silver,16.0,27300.0
12999,gmc,yukondenali,excellent,8 cylinders,gas,157587.0,clean,automatic,1GKFK03299R302787,4wd,SUV,black,12.0,59000.0
36990,gmc,sierra2500hddoublecab,good,8 cylinders,gas,23190.0,clean,other,1GT22REG1GZ401351,4wd,pickup,black,5.0,38400.0
41990,ford,mustanggtcoupe2d,good,8 cylinders,gas,561.0,clean,other,1FA6P8CFXL5169606,rwd,coupe,white,1.0,43000.0
7500,kia,sportage,excellent,4 cylinders,gas,150.0,clean,automatic,KNDPB3A21C7193295,fwd,SUV,white,9.0,22600.0
8000,honda,accord,excellent,4 cylinders,gas,16202.0,clean,automatic,1HGCR2F59FA194095,fwd,hatchback,black,6.0,25000.0
38900,toyota,4runner,excellent,6 cylinders,gas,73000.0,clean,automatic,JTEBU5JR4H5429529,4wd,SUV,grey,4.0,41600.0
8000,ford,escape,excellent,4 cylinders,gas,140000.0,clean,automatic,1FMCU0HX1DUA72192,fwd,SUV,grey,8.0,26995.0
39000,chevrolet,silverado2500hd,excellent,8 cylinders,diesel,159240.0,clean,automatic,1GC1KVEYXJF151856,4wd,pickup,black,3.0,56600.0
24148,jeep,cherokee,excellent,4 cylinders,gas,21784.0,clean,automatic,1C4PJMLB0KD367217,4wd,SUV,white,2.0,29600.0
29990,chevrolet,silverado1500double,good,8 cylinders,gas,26129.0,clean,other,1GCVKREC7EZ196951,4wd,pickup,brown,7.0,39775.0
16995,lincoln,mkxpremiere,excellent,6 cylinders,gas,43496.0,clean,automatic,2LMTJ6JR6GBL44225,fwd,SUV,black,5.0,36425.0
26250,toyota,4runnersr5premium,excellent,6 cylinders,gas,101390.0,clean,automatic,JTEBU5JRXF5253731,4wd,SUV,grey,6.0,35700.0
49300,ford,f250lariat,excellent,8 cylinders,gas,115672.0,clean,automatic,1FT7W2B69KEC83904,4wd,truck,black,2.0,52000.0
21990,chrysler,pacificatouringl,good,6 cylinders,gas,20941.0,clean,other,2C4RC1BG8HR796612,fwd,van,silver,4.0,34800.0
4995,chrysler,200,good,4 cylinders,gas,107414.0,clean,automatic,1C3CCBBB8CN300542,fwd,sedan,brown,9.0,20295.0
3400,mercury,mariner,good,4 cylinders,gas,169000.0,clean,automatic,4M2CN8B71AKJ08554,fwd,SUV,red,11.0,28600.0
36590,gmc,yukonsltsportutility4d,good,8 cylinders,gas,79395.0,clean,other,1GKS2BKC1FR647439,4wd,other,silver,6.0,63000.0
27900,jeep,wranglerunlimited,excellent,6 cylinders,gas,93000.0,clean,automatic,1C4BJWDG6GL291774,4wd,wagon,white,5.0,29000.0
37990,toyota,tundradoublecabsr,good,8 cylinders,gas,22870.0,clean,other,5TFUM5F13GX069124,4wd,pickup,black,5.0,45000.0
8700,honda,odyssey,excellent,10 cylinders,gas,104559.0,clean,other,5FNRL38639B408712,4wd,van,red,12.0,29750.0
8995,honda,civic,good,4 cylinders,gas,103677.0,clean,automatic,19XFA1F52BE032507,fwd,sedan,white,10.0,19300.0
16900,honda,pilot,excellent,6 cylinders,gas,101716.0,clean,automatic,5FNYF4H72EB055410,4wd,SUV,white,7.0,39800.0
7495,dodge,avenger,excellent,4 cylinders,gas,82453.0,clean,automatic,1C3CDZAB3EN109153,fwd,sedan,black,7.0,19300.0
36590,volkswagen,atlascrosssportse,good,6 cylinders,gas,12005.0,clean,other,1V2YE2CA7LC214067,fwd,other,blue,1.0,38900.0
30990,gmc,canyoncrewcabslepickup,good,6 cylinders,gas,51605.0,clean,other,1GTG6CE34G1115349,4wd,pickup,silver,5.0,33750.0
17995,volkswagen,jettase,excellent,4 cylinders,gas,12980.0,clean,automatic,3VWCB7BU5LM020274,fwd,sedan,grey,1.0,20500.0
38590,chevrolet,corvettegrandsport,good,8 cylinders,gas,32086.0,clean,automatic,1G1YW3DW4C5101754,rwd,convertible,white,9.0,62900.0
19995,ram,1500,excellent,6 cylinders,diesel,104281.0,clean,automatic,1C6RR7SM5FS719089,4wd,truck,grey,6.0,40100.0
38465,ford,f250sd,excellent,8 cylinders,diesel,121000.0,clean,automatic,1FT7W2BT3GED34598,4wd,truck,white,5.0,58980.0
8950,ford,f150,excellent,8 cylinders,gas,115518.0,clean,automatic,1FTPX14576KC01378,4wd,truck,red,15.0,34500.0
12990,mazda,cx5,excellent,4 cylinders,gas,115000.0,clean,automatic,JM3KE4CY3F0485897,4wd,SUV,black,6.0,27300.0
9995,chevrolet,silverado1500,good,8 cylinders,gas,203595.0,clean,automatic,2GCEK290X91111817,4wd,truck,silver,12.0,36400.0
5500,fiat,500c2015,good,4 cylinders,gas,116958.0,clean,automatic,3C3CFFBR7FT502725,fwd,coupe,green,6.0,22600.0
31990,bmw,5series550isedan4d,good,8 cylinders,gas,37610.0,clean,other,WBAKN9C57GD962558,rwd,sedan,silver,5.0,61900.0
34995,chevrolet,silverado1500,like new,8 cylinders,gas,61100.0,clean,automatic,3GCUKSEC1EG421691,4wd,truck,brown,7.0,49000.0
9500,lexus,es350,excellent,6 cylinders,gas,98500.0,clean,automatic,JTHBJ46G092275210,fwd,sedan,silver,12.0,34600.0
17665,chevrolet,equinox,excellent,4 cylinders,gas,78448.0,clean,automatic,3GNAXSEV4JL122789,4wd,SUV,blue,3.0,30600.0
6750,honda,civicexsedan,good,4 cylinders,gas,89872.0,clean,manual,1HGFA15836L105538,fwd,sedan,grey,15.0,18680.0
35288,jeep,wranglerunlimitedsport,good,6 cylinders,gas,46138.0,clean,manual,1C4BJWDG9HL579757,4wd,other,black,4.0,38500.0
16700,ford,f1504x4lariat,excellent,8 cylinders,gas,192131.0,clean,automatic,1FTFW1EF0CFD06547,4wd,truck,white,9.0,37500.0
10995,acura,tsx,good,4 cylinders,gas,57730.0,clean,automatic,JH4CU2F63EC004699,fwd,sedan,black,7.0,31995.0
11999,toyota,4runner,excellent,6 cylinders,gas,185956.0,clean,automatic,JTEBU14R050063985,4wd,SUV,silver,16.0,35800.0
26900,gmc,sierra1500sle4x4,excellent,8 cylinders,gas,99000.0,clean,automatic,3GTU2UEC3EG226686,4wd,truck,black,7.0,39800.0
8700,mercedes-benz,cclass,good,6 cylinders,gas,147583.0,clean,automatic,WDDGF54X28F051712,rwd,sedan,silver,13.0,33900.0
13000,nissan,rogue,excellent,4 cylinders,gas,54500.0,clean,automatic,KNMAT2MV3HP505367,4wd,SUV,blue,4.0,29500.0
6995,honda,civic,excellent,4 cylinders,gas,114001.0,clean,automatic,1HGFA165X9L014128,fwd,sedan,red,12.0,19400.0
17998,rover,lr4,excellent,8 cylinders,gas,109150.0,clean,automatic,SALAG2D44CA603968,4wd,SUV,black,9.0,58900.0
15900,jeep,wrangler,excellent,6 cylinders,gas,85500.0,clean,manual,1J4FA39S95P325588,4wd,truck,black,16.0,22895.0
22495,subaru,impreza,excellent,4 cylinders,gas,42603.0,clean,automatic,4S3GTAM69J3750510,4wd,wagon,white,3.0,26700.0
42900,ford,superdutyf250srw,excellent,8 cylinders,diesel,145000.0,clean,automatic,1FT7W2BT2DEB73222,4wd,truck,black,8.0,54100.0
44990,ram,5500,good,6 cylinders,diesel,80733.0,clean,automatic,3C7WRNFL3FG705901,4wd,truck,white,6.0,56000.0
11500,audi,q532quattropremium,excellent,6 cylinders,gas,103000.0,clean,automatic,WA1DKBFP0BA017884,4wd,SUV,grey,10.0,42850.0
9700,toyota,4runner,good,6 cylinders,gas,217231.0,clean,automatic,JTEBU14R98K022313,4wd,SUV,silver,13.0,35000.0
43800,chevrolet,silveradoltz4x4,excellent,8 cylinders,gas,49254.0,clean,automatic,3GCUKSEC7JG272729,4wd,pickup,grey,3.0,45000.0
15900,bmw,x1,excellent,4 cylinders,gas,51897.0,clean,automatic,WBAVM1C50DVL64027,rwd,SUV,orange,8.0,33900.0
16998,chevrolet,equinox,excellent,4 cylinders,gas,74832.0,clean,automatic,1GNALDEK0EZ112613,fwd,SUV,white,7.0,30200.0
11599,audi,a5,excellent,4 cylinders,gas,109971.0,clean,automatic,WAUJFAFH1BN007306,fwd,sedan,brown,10.0,42000.0
14000,toyota,tundrasr5doublecab,excellent,8 cylinders,gas,164350.0,clean,automatic,5TFRY5F13AX078942,rwd,truck,white,11.0,32300.0
12995,subaru,outback25limitedawd,excellent,4 cylinders,gas,79849.0,clean,automatic,4S4BRBJC1D3291627,4wd,wagon,grey,8.0,29300.0
30990,jeep,grandcherokee,good,6 cylinders,gas,52725.0,clean,automatic,1C4RJFBG9KC724210,4wd,SUV,silver,2.0,42500.0
38590,lincoln,continentalsedan4d,good,6 cylinders,gas,1772.0,clean,other,1LN6L9UK4L5602632,fwd,sedan,black,1.0,57000.0
38900,ford,f150,excellent,8 cylinders,gas,52072.0,clean,automatic,1FTEW1EF7HFA06281,4wd,truck,silver,4.0,48980.0
9995,ford,f150,excellent,8 cylinders,gas,163000.0,clean,automatic,1FTFX1EV6AFA58483,4wd,pickup,red,11.0,36850.0
19500,ford,e250econoline,like new,8 cylinders,gas,41000.0,clean,automatic,1FDPE24L52HA66043,rwd,van,silver,19.0,30525.0
9990,nissan,altima,excellent,4 cylinders,gas,108000.0,clean,automatic,1N4AL3AP2FC103281,fwd,sedan,black,6.0,22000.0
9999,dodge,grandcaravan,excellent,6 cylinders,gas,129640.0,clean,automatic,2C4RDGBG2HR827885,fwd,mini-van,white,4.0,28800.0
8500,ford,flex,excellent,6 cylinders,gas,135925.0,clean,automatic,2FMDK52C69BA58136,fwd,sedan,black,12.0,29345.0
12995,ford,fusionse,excellent,4 cylinders,gas,80186.0,clean,automatic,3FA6P0H7XGR322622,fwd,sedan,grey,5.0,23595.0
31990,ram,1500crewcabexpresspickup,good,8 cylinders,gas,15498.0,clean,other,3C6RR7KT2HG689972,4wd,pickup,silver,4.0,38400.0
14000,toyota,tundrasr5doublecab,excellent,8 cylinders,gas,164350.0,clean,automatic,5TFRY5F13AX078942,rwd,truck,white,11.0,33250.0
36990,chevrolet,silverado1500crew,good,8 cylinders,gas,19853.0,clean,automatic,3GCUKREC8HG223476,4wd,pickup,white,4.0,41500.0
31990,ram,1500quadcabharvestpickup,good,6 cylinders,gas,27426.0,clean,other,1C6RR7GG8JS247420,4wd,pickup,white,3.0,39710.0
24880,ford,f250superduty,excellent,8 cylinders,diesel,252298.0,clean,automatic,1FT7W2BTXCEB60054,4wd,truck,brown,9.0,50000.0
13995,toyota,camryle,excellent,4 cylinders,gas,66800.0,clean,automatic,4T4BF1FK0FR494885,fwd,sedan,white,6.0,24000.0
14400,infiniti,qx50,excellent,6 cylinders,gas,88000.0,clean,automatic,JN1BJ0HR1EM191620,4wd,SUV,black,7.0,35900.0
12999,chrysler,200,excellent,4 cylinders,gas,78800.0,clean,automatic,1C3CCCAB6FN598987,fwd,sedan,silver,6.0,22995.0
19400,honda,odyssey,excellent,6 cylinders,gas,90120.0,clean,automatic,5FNRL5H61GB017955,fwd,mini-van,black,5.0,36800.0
5799,lincoln,mkz,excellent,6 cylinders,gas,124753.0,clean,automatic,3LNHM28T69R611855,4wd,sedan,blue,12.0,33400.0
23999,audi,q5,good,4 cylinders,gas,40254.0,clean,automatic,WA1C2AFP4HA044309,4wd,SUV,black,4.0,41900.0
20965,gmc,terrain,excellent,6 cylinders,gas,93870.0,clean,automatic,2GKFLVE31H6129034,4wd,SUV,black,4.0,38400.0
6990,kia,forteexhatchback5d,like new,4 cylinders,gas,73398.0,clean,automatic,KNAFU5A24C5551385,fwd,hatchback,black,9.0,17500.0
52991,volvo,xc90,excellent,4 cylinders,gas,18195.0,clean,automatic,YV4A22PL9K1416200,4wd,SUV,grey,2.0,66300.0
10999,jeep,wranglerunlimited,good,6 cylinders,gas,140577.0,clean,automatic,1J4GA39148L605054,4wd,SUV,green,13.0,30500.0
37990,ford,mustanggtcoupe2d,good,8 cylinders,gas,337.0,clean,other,1FA6P8CF8K5199377,rwd,coupe,black,2.0,43100.0
15688,volkswagen,passat18tse,good,4 cylinders,gas,54825.0,clean,automatic,1VWBT7A30GC065793,fwd,sedan,silver,5.0,23890.0
36999,chrysler,300,excellent,8 cylinders,gas,79750.0,clean,automatic,2C3CCAFJ1EH249022,rwd,sedan,white,7.0,48700.0
11995,buick,enclave,excellent,6 cylinders,gas,140506.0,clean,automatic,5GAKVBKD8FJ151324,4wd,wagon,white,6.0,39945.0
2500,bmw,428ixdrive,like new,4 cylinders,gas,64298.0,clean,automatic,WBA4C9C55GG141536,4wd,SUV,black,5.0,44000.0
39590,ram,1500crewcabbighorn,good,6 cylinders,gas,22154.0,clean,other,1C6RRFFG4KN755640,4wd,pickup,red,2.0,40000.0
9995,ford,escape,good,4 cylinders,gas,112870.0,clean,automatic,1FMCU0GX8DUD07981,fwd,wagon,custom,8.0,23900.0
22995,ram,1500,good,8 cylinders,gas,117641.0,clean,automatic,1C6RR6FT1GS100910,rwd,truck,silver,5.0,30995.0
23900,chevrolet,corvette,good,8 cylinders,gas,43242.0,clean,manual,1G1YY34U655134623,rwd,convertible,black,16.0,50000.0
33990,dodge,challengerrtcoupe2d,good,8 cylinders,gas,7350.0,clean,other,2C3CDZBT4JH305791,rwd,coupe,orange,3.0,34195.0
26999,jeep,wranglerunlimited,excellent,6 cylinders,gas,101028.0,clean,automatic,1C4HJWEG7EL188871,4wd,SUV,white,7.0,33500.0
9999,chevrolet,equinox,excellent,4 cylinders,gas,84765.0,clean,automatic,2GNALBEK3C1252701,fwd,SUV,white,9.0,24500.0
34990,lexus,rx350sportutility4d,good,6 cylinders,gas,14760.0,clean,other,2T2ZZMCA1JC102547,fwd,SUV,silver,3.0,45000.0
3995,honda,civic,good,4 cylinders,gas,271993.0,clean,automatic,1HGFA16547L124931,fwd,sedan,custom,14.0,19500.0
24995,bmw,3series330eiperformance,good,4 cylinders,electric,23643.0,clean,automatic,WBA8E1C33HA158819,rwd,sedan,blue,4.0,44000.0
15990,ford,f150lariat4wd,good,8 cylinders,gas,179896.0,clean,automatic,1FTFW1EVXAFA09662,4wd,truck,black,11.0,38500.0
38900,toyota,4runner,excellent,6 cylinders,gas,73000.0,clean,automatic,JTEBU5JR4H5429529,4wd,SUV,grey,4.0,39740.0
20990,hyundai,equussignaturesedan4d,good,8 cylinders,gas,45720.0,clean,other,KMHGH4JH7DU069975,rwd,sedan,white,8.0,59800.0
34990,gmc,canyoncrewcabslepickup,good,6 cylinders,gas,34425.0,clean,other,1GTG6CE36G1115577,4wd,pickup,red,5.0,35500.0
38590,lexus,es350luxurysedan4d,good,6 cylinders,other,11599.0,clean,other,58ABZ1B16KU051206,fwd,sedan,white,2.0,39900.0
12788,toyota,4runnersr54x2,good,6 cylinders,gas,172997.0,clean,automatic,JTEZU14RX68049772,rwd,other,black,15.0,30700.0
51990,cadillac,escaladeesvpremium,good,8 cylinders,other,72367.0,clean,automatic,1GYS4JKJ6JR198941,4wd,SUV,black,3.0,84790.0
23590,hyundai,genesis50sedan4d,good,8 cylinders,gas,47998.0,clean,automatic,KMHGN4JF8FU047655,rwd,sedan,silver,6.0,60000.0
35590,dodge,challengersrt8coupe2d,good,8 cylinders,gas,16796.0,clean,other,2B3CJ7DJ7BH589702,rwd,coupe,green,10.0,46000.0
16500,acura,mdx,excellent,6 cylinders,gas,92315.0,clean,automatic,2HNYD2H41DH507821,4wd,SUV,silver,8.0,48600.0
14338,honda,crzex,good,4 cylinders,electric,61895.0,clean,automatic,JHMZF1D66ES003425,fwd,hatchback,white,7.0,22900.0
10495,bmw,x5,good,6 cylinders,gas,87994.0,clean,automatic,5UXFE43529L272702,4wd,SUV,black,12.0,53000.0
38998,rover,evoque,excellent,4 cylinders,gas,36257.0,clean,automatic,SALVD2BG6HH242202,4wd,SUV,black,4.0,43600.0
7499,acura,tsx,good,6 cylinders,gas,127099.0,clean,automatic,JH4CU26679C012357,fwd,sedan,black,12.0,29990.0
9950,mazda,mazda3,excellent,4 cylinders,gas,111638.0,clean,automatic,JM1BL1V84C1549252,fwd,sedan,grey,9.0,19500.0
16288,hyundai,santafesport24l,good,4 cylinders,gas,97074.0,clean,automatic,5XYZT3LB4HG428964,fwd,other,white,4.0,26500.0
28590,dodge,chargerrtroadandtrack,good,8 cylinders,gas,33174.0,clean,other,2C3CDXCT8FH914859,rwd,sedan,black,6.0,33500.0
19800,ford,explorer,excellent,6 cylinders,gas,96281.0,clean,automatic,1FM5K8F81FGB54384,4wd,wagon,silver,6.0,40500.0
7995,mini,coopercountryman,good,4 cylinders,gas,132685.0,clean,other,WMWZC5C54CWL59255,4wd,wagon,green,9.0,27600.0
1500,chrysler,300,good,6 cylinders,gas,85571.0,clean,automatic,2C3CA6CT6BH537249,rwd,sedan,grey,7.0,38000.0
76100,tesla,modelxp100d,like new,other,electric,6400.0,rebuilt,automatic,5YJXCAE4XJF143001,4wd,SUV,white,3.0,81600.0
19500,ram,1500,excellent,6 cylinders,gas,85919.0,clean,automatic,1C6RR6GG2FS561341,rwd,truck,white,6.0,33500.0
16995,subaru,impreza,excellent,4 cylinders,gas,32363.0,clean,automatic,4S3GKAA6XJ3603863,4wd,sedan,black,3.0,20200.0
18995,ford,f250superduty,like new,8 cylinders,gas,133494.0,clean,automatic,1FTBF2B66DEA11792,4wd,truck,black,8.0,45500.0
19901,toyota,tundra2wdtruck,excellent,8 cylinders,gas,147666.0,clean,automatic,5TFRM5F15DX061401,rwd,truck,black,8.0,32500.0
11588,hyundai,elantrase,good,4 cylinders,gas,84675.0,clean,automatic,KMHDH4AE4FU354273,fwd,sedan,blue,6.0,18400.0
29000,bmw,550igt,like new,8 cylinders,gas,3200.0,clean,automatic,WBASN4C58AC208536,rwd,hatchback,black,11.0,62000.0
32990,jeep,wranglerunlimitedsport,good,6 cylinders,gas,30041.0,clean,other,1C4BJWDG5HL705371,4wd,other,silver,4.0,36000.0
24988,chevrolet,equinox,excellent,4 cylinders,gas,16750.0,clean,automatic,3GNAXSEV3JS573962,4wd,SUV,brown,3.0,29500.0
24990,chevrolet,camaroltconvertible,good,6 cylinders,gas,28068.0,clean,other,1G1FB3DSXK0111118,rwd,other,white,2.0,26500.0
4995,jeep,liberty,excellent,6 cylinders,gas,160611.0,clean,automatic,1J4GL48K05W522550,4wd,SUV,black,16.0,25000.0
34999,gmc,sierra2500hd,excellent,8 cylinders,diesel,174729.0,clean,automatic,1GT125C86BF233782,4wd,pickup,black,10.0,54800.0
116899,ferrari,360modenaspyder,good,8 cylinders,gas,34123.0,clean,automatic,ZFFYT53A340136996,rwd,convertible,red,17.0,144000.0
14995,chevrolet,silverado1500,good,8 cylinders,gas,116117.0,clean,automatic,3GCEK23359G191344,4wd,truck,blue,12.0,34700.0
1000,cadillac,cts,good,6 cylinders,gas,213300.0,clean,automatic,1G6DP577460112809,rwd,sedan,white,15.0,31470.0
41990,lincoln,continentalreserve,good,6 cylinders,gas,9345.0,clean,other,1LN6L9RP8K5604130,fwd,sedan,blue,2.0,64000.0
13500,dodge,journeysesuv,good,4 cylinders,gas,101766.0,clean,automatic,3C4PDCAB4HT608204,fwd,SUV,white,4.0,22795.0
15500,ford,f350,good,8 cylinders,diesel,138000.0,clean,automatic,1FTWF31R38EC65114,4wd,pickup,white,13.0,40500.0
32900,audi,a6,excellent,6 cylinders,gas,11652.0,rebuilt,automatic,WAUG3AFC8JN059344,4wd,sedan,blue,3.0,60000.0
6995,ford,ranger,good,6 cylinders,gas,167176.0,clean,automatic,1FTYR10E04PA78432,rwd,truck,yellow,17.0,13450.0
5999,dodge,dart,excellent,4 cylinders,gas,127332.0,clean,automatic,1C3CDFBH7DD182399,fwd,sedan,black,8.0,18800.0
8900,gmc,terrain,excellent,4 cylinders,gas,120510.0,clean,automatic,2GKFLTEK4D6284893,4wd,SUV,grey,8.0,30510.0
34990,ford,mustanggtpremium,good,8 cylinders,gas,18650.0,clean,other,1FATP8FF5J5115190,rwd,convertible,black,3.0,41700.0
39995,ram,2500powerwagon,excellent,8 cylinders,gas,120673.0,clean,automatic,3C6TR5EJ4EG265760,4wd,offroad,white,7.0,60200.0
33500,honda,odysseyexl,excellent,6 cylinders,gas,31365.0,clean,automatic,5FNRL6H76KB028490,fwd,mini-van,silver,2.0,36000.0
39995,chevrolet,silverado3500hd4x4,like new,8 cylinders,gas,42522.0,clean,automatic,1GB4KYCG5HF134082,4wd,truck,white,4.0,42700.0
11795,kia,soul,like new,4 cylinders,gas,63746.0,clean,automatic,KNDJN2A22H7473922,fwd,sedan,grey,4.0,16000.0
10700,hyundai,sonata,excellent,4 cylinders,gas,91877.0,clean,automatic,5NPE24AF1GH364385,fwd,sedan,silver,5.0,22900.0
11913,chevrolet,equinoxltz,excellent,4 cylinders,gas,113062.0,clean,automatic,2GNALFEK4D6179771,fwd,SUV,blue,7.0,29900.0
7495,kia,soulbase,excellent,4 cylinders,gas,0.0,clean,automatic,KNDJT2A50D7768320,fwd,SUV,silver,8.0,15000.0
38990,jeep,wranglerunlimitedrubicon,good,6 cylinders,gas,20676.0,clean,other,1C4BJWFG3HL547853,4wd,other,red,4.0,42300.0
29990,chevrolet,coloradoextendedcab,good,6 cylinders,gas,17302.0,clean,other,1GCHTCE37G1186784,4wd,pickup,red,5.0,36700.0
26990,acura,rdxtechnologyand,good,6 cylinders,gas,30386.0,clean,other,5J8TB3H59JL009998,fwd,other,silver,3.0,39600.0
38590,toyota,4runnersr5sportutility,good,6 cylinders,gas,37252.0,clean,other,JTEBU5JR6J5530271,4wd,other,black,3.0,39500.0
27990,gmc,sierra2500hdextendedcab,good,8 cylinders,gas,68696.0,clean,other,1GT220CG8CZ231238,4wd,pickup,black,9.0,40270.0
13995,chevrolet,silverado1500,excellent,8 cylinders,gas,176140.0,clean,automatic,2GCEK19JX81214043,4wd,pickup,black,13.0,22800.0
34990,jeep,grandcherokeetrailhawk,good,6 cylinders,gas,37509.0,clean,other,1C4RJFLG1JC138453,4wd,other,black,3.0,48400.0
19990,chevrolet,avalancheblackdiamond,excellent,8 cylinders,gas,123212.0,clean,automatic,3GNTKFE76DG255907,4wd,pickup,black,8.0,36000.0
9995,volkswagen,passat,good,4 cylinders,gas,68686.0,clean,manual,1VWAS7A36FC002792,fwd,sedan,grey,6.0,21500.0
14700,dodge,journeysxt,good,6 cylinders,gas,93439.0,clean,automatic,3C4PDDBG1FT561324,4wd,SUV,white,6.0,26000.0
28590,chevrolet,camarosscoupe2d,good,8 cylinders,gas,16903.0,clean,other,2G1FT1EW5A9116525,rwd,coupe,yellow,11.0,38500.0
17990,jeep,grandcherokee,good,6 cylinders,gas,113659.0,clean,automatic,1C4RJFAG5GC420820,4wd,SUV,red,5.0,36000.0
19995,chevrolet,silverado2500hd,excellent,8 cylinders,gas,238537.0,clean,automatic,1GC1KXCG8EF164990,4wd,truck,silver,7.0,40000.0
59990,ford,superdutyf550drw,good,8 cylinders,diesel,31337.0,clean,automatic,1FD0X5HTXHEB33429,4wd,truck,white,4.0,69300.0
8990,jeep,patriot,excellent,4 cylinders,gas,98979.0,clean,automatic,1C4NJPBA5ED893851,fwd,SUV,grey,7.0,19500.0
5995,lexus,rx,good,6 cylinders,gas,236726.0,clean,automatic,2T2HA31U55C040196,4wd,SUV,blue,16.0,36500.0
9495,toyota,rav4,excellent,4 cylinders,gas,144657.0,clean,automatic,JTMZD33V285103570,fwd,SUV,green,13.0,23400.0
4100,toyota,prius,good,4 cylinders,hybrid,215076.0,clean,automatic,JTDKB22U167531366,fwd,hatchback,silver,15.0,23900.0
39900,ford,superdutyf350srw,excellent,8 cylinders,diesel,129347.0,clean,automatic,1FT8W3BT8HED77376,4wd,pickup,white,4.0,57170.0
51990,cadillac,escaladeesvpremium,good,8 cylinders,other,72367.0,clean,automatic,1GYS4JKJ6JR198941,4wd,SUV,black,3.0,82395.0
8999,ford,escape,good,4 cylinders,gas,63408.0,clean,automatic,1FMCU92749KB08540,4wd,SUV,white,12.0,23995.0
4994,subaru,forester25x,excellent,4 cylinders,gas,185350.0,clean,automatic,JF1SG63626H734999,4wd,SUV,grey,15.0,22995.0
8950,honda,accordsdn,excellent,4 cylinders,gas,140438.0,clean,automatic,1HGCP2F80CA151132,fwd,sedan,grey,9.0,27000.0
12916,cadillac,xts,excellent,6 cylinders,gas,114263.0,clean,automatic,2G61R5S30D9175197,4wd,sedan,black,8.0,45800.0
35500,ram,1500sltcrewcab4x2,excellent,6 cylinders,diesel,27000.0,clean,automatic,1C6RR6LM3JS261957,rwd,pickup,silver,3.0,42000.0
11900,chevrolet,silverado2500hd,good,8 cylinders,gas,207964.0,clean,automatic,1GCHK29U84E349057,4wd,truck,custom,17.0,36000.0
6995,buick,regal,good,4 cylinders,gas,143923.0,clean,automatic,2G4GN5EX3F9253486,fwd,sedan,blue,6.0,33660.0
11500,buick,lucerne,like new,6 cylinders,gas,62150.0,clean,automatic,1G4HC5EM0BU143069,fwd,coupe,red,10.0,34500.0
39990,ford,f150supercrewcabxl,good,8 cylinders,other,41886.0,clean,other,1FTEW1E5XJFA43340,4wd,pickup,blue,3.0,48500.0
12500,chevrolet,silveradocrewcab4x4,excellent,8 cylinders,gas,161000.0,clean,automatic,2GCEK133281219683,4wd,pickup,silver,13.0,32800.0
10977,hyundai,elantrase,excellent,4 cylinders,gas,123535.0,clean,automatic,5NPD74LF6JH313076,fwd,sedan,white,3.0,19400.0
32995,ram,1500,excellent,8 cylinders,gas,53510.0,clean,automatic,1C6RR7FT7GS108435,4wd,pickup,black,5.0,37100.0
30990,toyota,siennasepremiumminivan,good,6 cylinders,gas,29544.0,clean,other,5TDXZ3DC3HS892540,fwd,van,black,4.0,36490.0
29990,chevrolet,silverado1500double,good,8 cylinders,gas,26129.0,clean,other,1GCVKREC7EZ196951,4wd,pickup,brown,7.0,40500.0
9725,honda,crv,excellent,4 cylinders,gas,142859.0,clean,automatic,5J6RE4H73BL012530,4wd,SUV,red,10.0,30300.0
36990,gmc,sierra2500hddoublecab,good,8 cylinders,gas,23190.0,clean,other,1GT22REG1GZ401351,4wd,pickup,black,5.0,43000.0
23995,ram,1500laramielonghorn,good,8 cylinders,gas,110675.0,clean,automatic,1C6RD7PT4CS174495,4wd,truck,custom,9.0,40000.0
24255,infiniti,qx60pure,good,6 cylinders,gas,41628.0,clean,automatic,5N1DL0MN0KL567904,fwd,SUV,blue,2.0,44850.0
30900,chevrolet,silverado1500,good,8 cylinders,gas,114800.0,clean,automatic,3GCUKSEC4FG336264,4wd,truck,custom,6.0,40400.0
17590,acura,tlspecialeditionsedan,good,6 cylinders,gas,67448.0,clean,automatic,19UUA8F34DA018016,fwd,sedan,silver,8.0,36400.0
37590,gmc,canyoncrewcabsltpickup,good,6 cylinders,gas,19547.0,clean,other,1GTG6DEN0J1125570,4wd,pickup,white,3.0,38800.0
33990,jaguar,xjxjlportfoliosedan4d,good,6 cylinders,other,28153.0,clean,other,SAJWA2GZ8F8V89026,rwd,sedan,green,6.0,82000.0
38990,jeep,wranglerunlimitedrubicon,good,6 cylinders,gas,20676.0,clean,other,1C4BJWFG3HL547853,4wd,other,red,4.0,41000.0
14900,ford,explorer,excellent,6 cylinders,gas,93952.0,clean,automatic,1FMHK8F89CGA53764,4wd,SUV,grey,9.0,39500.0
28590,chevrolet,camarosscoupe2d,good,8 cylinders,gas,16903.0,clean,other,2G1FT1EW5A9116525,rwd,coupe,yellow,11.0,37500.0
12995,volkswagen,passat,good,4 cylinders,gas,60117.0,clean,automatic,1VWAT7A39FC041308,fwd,sedan,white,6.0,21565.0
4990,chrysler,200,excellent,4 cylinders,gas,103200.0,rebuilt,automatic,1C3CCBBB3DN575043,fwd,sedan,white,8.0,19750.0
22999,ford,f150,excellent,8 cylinders,gas,133508.0,clean,automatic,1FTFW1EF7EFB35590,4wd,pickup,red,7.0,40000.0
23990,jeep,wranglersaharasport,good,6 cylinders,gas,66649.0,clean,other,1C4AJWBG1CL242975,4wd,other,red,9.0,31995.0
4995,ford,escape,excellent,6 cylinders,gas,150642.0,clean,automatic,1FMCU9DG5AKD43885,4wd,SUV,white,11.0,26600.0
17999,lexus,is350,excellent,6 cylinders,gas,120872.0,clean,automatic,JTHBE1D28E5008044,rwd,sedan,white,7.0,38850.0
8900,honda,civicsdn,excellent,4 cylinders,gas,103255.0,clean,automatic,19XFB2F56DE034637,fwd,sedan,brown,8.0,19750.0
10995,toyota,corolla,excellent,4 cylinders,gas,82631.0,clean,automatic,2T1BURHE4GC524818,fwd,sedan,silver,5.0,18000.0
9995,dodge,magnumsxt,excellent,6 cylinders,gas,91611.0,clean,automatic,2D4GZ37V48H171948,4wd,wagon,grey,13.0,27000.0
41590,lexus,rx350sportutility4d,good,6 cylinders,gas,14072.0,clean,automatic,2T2ZZMCA7KC122397,fwd,SUV,blue,2.0,45900.0
29990,chevrolet,coloradoextendedcab,good,6 cylinders,gas,17302.0,clean,other,1GCHTCE37G1186784,4wd,pickup,red,5.0,37300.0
10995,toyota,prius,excellent,4 cylinders,hybrid,80239.0,clean,automatic,JTDKN3DU8A0172433,fwd,sedan,white,11.0,24000.0
21900,acura,mdx,good,6 cylinders,gas,92968.0,clean,automatic,5FRYD4H24FB010902,4wd,wagon,grey,6.0,48600.0
23900,jeep,wranglerunlimited,excellent,6 cylinders,gas,109000.0,clean,automatic,1C4BJWDG1CL185050,4wd,wagon,red,9.0,28300.0
19995,infiniti,qx50,excellent,6 cylinders,gas,37300.0,clean,automatic,JN1BJ0RR4GM263993,4wd,SUV,black,5.0,40800.0
21995,jeep,wranglerunlimitedsport,good,6 cylinders,gas,125444.0,clean,other,1J4BA3H12AL100146,4wd,other,silver,11.0,28700.0
38990,infiniti,qx60luxesportutility,good,6 cylinders,gas,5279.0,clean,other,5N1DL0MN9LC508268,fwd,other,black,1.0,45950.0
9663,hyundai,elantra,excellent,4 cylinders,gas,106992.0,clean,automatic,5NPDH4AE7GH707329,fwd,sedan,red,5.0,17900.0
18900,jeep,wrangler,excellent,6 cylinders,gas,84000.0,clean,manual,1C4AJWAG7CL223686,4wd,wagon,white,9.0,24895.0
17995,honda,odyssey,excellent,6 cylinders,gas,140000.0,clean,automatic,5FNRL5H93GB057352,fwd,van,red,5.0,33800.0
36990,toyota,4runnersr5sportutility,good,6 cylinders,gas,33909.0,clean,other,JTEBU5JR6K5679412,4wd,other,black,2.0,37400.0
6895,jeep,grandcherokee,excellent,6 cylinders,gas,138654.0,clean,automatic,1J8GR48K99C524205,4wd,SUV,silver,12.0,35300.0
13198,honda,crv,excellent,4 cylinders,gas,102071.0,clean,automatic,5J6RM4H51DL056885,4wd,SUV,grey,8.0,25500.0
35590,chevrolet,corvetteconvertible,good,8 cylinders,gas,31879.0,clean,other,1G1YC3DW6A5101146,rwd,other,red,11.0,66995.0
32900,ford,mustang,excellent,8 cylinders,gas,34894.0,clean,automatic,1FATP8FF2K5161707,rwd,convertible,black,2.0,45500.0
36590,chevrolet,silverado1500double,good,8 cylinders,gas,13146.0,clean,other,1GCVKREC5HZ247187,4wd,pickup,red,4.0,39500.0
17995,ford,ecosport,excellent,4 cylinders,gas,30177.0,clean,manual,MAJ6S3KL3KC267752,4wd,SUV,blue,2.0,27000.0
37990,chevrolet,camarosscoupe2d,good,8 cylinders,gas,9704.0,clean,other,1G1FF1R79G0140582,rwd,coupe,red,5.0,38900.0
1000,chevrolet,impalalt,good,6 cylinders,gas,167110.0,clean,automatic,2G1WG5E39C1317962,fwd,sedan,silver,9.0,24590.0
9991,honda,accord,excellent,4 cylinders,gas,68000.0,clean,automatic,1HGCP2F89AA062480,fwd,sedan,black,11.0,26390.0
11490,chevrolet,tahoe,excellent,8 cylinders,gas,173498.0,clean,automatic,1GNFK33039R216717,4wd,SUV,black,12.0,47800.0
16590,acura,rdxsportutility4d,good,6 cylinders,gas,86919.0,clean,automatic,5J8TB3H59EL004581,fwd,SUV,black,7.0,39900.0
15600,mercedes-benz,cclass,excellent,6 cylinders,gas,71215.0,clean,automatic,WDDGF8AB1DF983274,4wd,sedan,blue,8.0,37800.0
18999,gmc,sierra1500,excellent,8 cylinders,gas,136435.0,clean,automatic,2GTEK13J781263810,4wd,pickup,red,13.0,26990.0
26590,jeep,wranglerrubiconsport,good,6 cylinders,gas,79540.0,clean,other,1C4BJWCG5DL538165,4wd,SUV,blue,8.0,33500.0
30000,chevrolet,silverado1500,excellent,8 cylinders,gas,97191.0,clean,automatic,3GCUKREC2EG535367,4wd,truck,black,7.0,38500.0
6981,ford,edgesel,good,6 cylinders,gas,215116.0,clean,automatic,2FMDK3JC0CBA45265,fwd,SUV,white,11.0,28700.0
32995,subaru,wrxsti,like new,4 cylinders,gas,89011.0,clean,manual,JF1VA2Z61H9841201,4wd,sedan,black,4.0,38800.0
2900,honda,odysseyexl,excellent,6 cylinders,gas,189000.0,clean,automatic,5FNRL18043B005779,fwd,mini-van,silver,18.0,30945.0
34900,ram,3500,excellent,6 cylinders,diesel,125032.0,clean,automatic,3C63RPGL9JG138748,rwd,pickup,white,3.0,45000.0
8500,lexus,rx400h,good,6 cylinders,gas,179000.0,clean,automatic,JTJHW31U472017965,4wd,SUV,white,14.0,42000.0
36990,mercedes-benz,cclassc63amg,good,8 cylinders,gas,60708.0,clean,automatic,WDDGF7HB7DA863086,rwd,sedan,black,8.0,61500.0
52900,gmc,sierra2500hd,excellent,8 cylinders,diesel,104000.0,clean,automatic,1GT12UE88GF101539,4wd,truck,black,5.0,68250.0
20995,rover,sport,excellent,8 cylinders,gas,79015.0,clean,automatic,SALSH2E45BA292873,4wd,SUV,silver,10.0,74500.0
11995,mazda,cx5grandtouring,excellent,4 cylinders,gas,134962.0,clean,automatic,JM3KE4DY7E0300974,4wd,SUV,grey,7.0,29990.0
41990,lincoln,continentalreserve,good,6 cylinders,gas,9345.0,clean,other,1LN6L9RP8K5604130,fwd,sedan,blue,2.0,71980.0
75850,lincoln,navigatorl,excellent,6 cylinders,gas,12500.0,clean,automatic,5LMJJ3LT7KEL23078,4wd,SUV,red,2.0,91130.0
6495,chevrolet,impala,good,6 cylinders,gas,131860.0,clean,automatic,2G1WB5EN4A1173010,fwd,sedan,grey,11.0,23500.0
14890,chevrolet,silverado1500ls,excellent,8 cylinders,gas,146979.0,clean,automatic,1GCRCREA6CZ122835,rwd,truck,black,9.0,29850.0
12800,honda,civic,excellent,4 cylinders,gas,80119.0,clean,automatic,19XFB2F8XFE293435,fwd,sedan,grey,6.0,21810.0
38590,chevrolet,corvettegrandsport,good,8 cylinders,gas,30237.0,clean,other,1G1YR3DW3B5102190,rwd,other,red,10.0,59600.0
23990,honda,odysseyexlminivan4d,good,6 cylinders,gas,43087.0,clean,other,5FNRL5H6XFB112433,fwd,van,blue,6.0,36800.0
2500,pontiac,g6,fair,6 cylinders,gas,119000.0,clean,automatic,1G2ZH361384238905,fwd,convertible,black,13.0,24600.0
30990,chevrolet,silverado1500,excellent,8 cylinders,gas,97140.0,clean,automatic,3GCPCTEC4FG306584,rwd,pickup,blue,6.0,49500.0
38590,toyota,4runnersr5sportutility,good,6 cylinders,gas,37252.0,clean,other,JTEBU5JR6J5530271,4wd,other,black,3.0,39700.0
24590,chrysler,300touringlsedan4d,good,6 cylinders,gas,15557.0,clean,other,2C3CCAAG9KH637025,rwd,sedan,black,2.0,32600.0
17995,chevrolet,traverse,good,6 cylinders,gas,109397.0,clean,automatic,1GNKVGKD0HJ143711,4wd,wagon,white,4.0,37395.0
6999,chevrolet,suburban,excellent,8 cylinders,gas,207091.0,clean,automatic,1GNFK16348R255258,4wd,SUV,custom,13.0,45620.0
43995,ford,superdutyf350drw,excellent,8 cylinders,diesel,255000.0,clean,automatic,1FT8W3DT0HEB94731,4wd,pickup,black,4.0,63500.0
16500,jeep,cherokee,good,4 cylinders,gas,43655.0,clean,automatic,1C4PJLAB7GW346146,fwd,SUV,blue,5.0,23500.0
38590,chevrolet,corvettegrandsport,good,8 cylinders,gas,30237.0,clean,other,1G1YR3DW3B5102190,rwd,other,red,10.0,56300.0
19900,toyota,camry,good,4 cylinders,gas,55292.0,clean,automatic,4T1B11HK4KU219844,fwd,sedan,grey,2.0,24180.0
41990,lincoln,continentalreserve,good,6 cylinders,gas,9345.0,clean,other,1LN6L9RP8K5604130,fwd,sedan,blue,2.0,60500.0
37990,ford,mustanggtcoupe2d,good,8 cylinders,gas,337.0,clean,other,1FA6P8CF8K5199377,rwd,coupe,black,2.0,43000.0
22990,lexus,is250cconvertible2d,good,6 cylinders,gas,67266.0,clean,other,JTHFF2C28D2529027,rwd,convertible,black,8.0,35000.0
5800,nissan,altima25,good,4 cylinders,gas,225164.0,clean,automatic,1N4AL3AP5DC237490,fwd,sedan,white,8.0,22475.0
4500,hyundai,santafe,excellent,4 cylinders,gas,149050.0,clean,automatic,5XYZG3AB8BG058617,fwd,SUV,blue,10.0,23300.0
9900,honda,crvlx,excellent,4 cylinders,gas,105102.0,clean,automatic,5J6RE3H33AL801086,fwd,SUV,black,11.0,23500.0
7900,hyundai,sonatalimited,like new,4 cylinders,gas,110000.0,clean,automatic,5NPEC4AC6BH110716,fwd,sedan,blue,10.0,21500.0
26900,buick,enclave,excellent,6 cylinders,gas,18910.0,clean,automatic,5GAERBKW3LJ103082,fwd,SUV,white,1.0,43400.0
30000,chevrolet,silverado1500,excellent,8 cylinders,gas,79867.0,clean,automatic,3GCUKREC8EG215163,4wd,truck,blue,7.0,38500.0
39995,gmc,sierra2500hd,good,8 cylinders,diesel,178400.0,clean,automatic,1GT12TEY4JF265016,4wd,truck,red,3.0,60800.0
34994,gmc,sierra,like new,8 cylinders,gas,106978.0,clean,automatic,3GTU2PEJ0HG210711,4wd,truck,grey,4.0,54800.0
12500,chevrolet,equinoxfwd4drlt,excellent,4 cylinders,gas,108009.0,clean,automatic,2GNALCEK9G1141677,fwd,SUV,black,5.0,26500.0
33590,lexus,gs350sedan4d,good,6 cylinders,gas,30814.0,clean,automatic,JTHBZ1BLXJA012999,rwd,sedan,white,3.0,51350.0
29590,ford,expeditionxltsport,good,6 cylinders,gas,70760.0,clean,other,1FMJU1JT1HEA52352,4wd,SUV,blue,4.0,55800.0
7595,toyota,prius,excellent,4 cylinders,hybrid,125750.0,clean,automatic,JTDKN3DU5A0155783,fwd,hatchback,grey,11.0,24000.0
36990,gmc,sierra2500hddoublecab,good,8 cylinders,gas,23190.0,clean,other,1GT22REG1GZ401351,4wd,pickup,black,5.0,45000.0
17998,honda,odysseyse,excellent,6 cylinders,gas,89577.0,clean,automatic,5FNRL5H36GB087585,fwd,mini-van,grey,5.0,33500.0
8795,ford,f150,good,8 cylinders,gas,150204.0,clean,automatic,1FTNF1CF0CKD54250,rwd,truck,white,9.0,33550.0
28590,lexus,rx350sportutility4d,good,6 cylinders,gas,71314.0,clean,other,2T2ZZMCA6HC074996,fwd,SUV,black,4.0,43150.0
16588,dodge,challenger,good,6 cylinders,gas,79238.0,clean,automatic,2B3CJ4DG7BH574328,rwd,coupe,white,10.0,25000.0
38990,chevrolet,corvettegrandsport,good,8 cylinders,gas,51525.0,clean,other,1G1YW3DW6D5106133,rwd,other,red,8.0,55300.0
7000,honda,civic,good,4 cylinders,gas,86000.0,clean,automatic,2HGFA1F57AH582211,fwd,sedan,grey,11.0,19500.0
20980,ford,explorer,excellent,4 cylinders,gas,60963.0,clean,automatic,1FM5K7BH0HGA68972,fwd,SUV,white,4.0,31350.0
38590,ford,f150supercrewcablariat,good,8 cylinders,other,41804.0,clean,other,1FTEW1EF4FFB55826,4wd,pickup,brown,6.0,39500.0
44990,chevrolet,corvettestingray,good,8 cylinders,gas,22973.0,clean,other,1G1YF2D7XE5108892,rwd,coupe,black,7.0,66300.0
13895,gmc,sierra1500sle4x4,excellent,8 cylinders,gas,180500.0,clean,automatic,1GTR2VE36BZ357277,4wd,pickup,black,10.0,38000.0
8900,chevrolet,traverselt,good,6 cylinders,gas,95964.0,clean,automatic,1GNLVGED5AJ228419,4wd,SUV,silver,11.0,33500.0
30990,infiniti,qx6035sportutility,good,6 cylinders,gas,22821.0,clean,automatic,5N1DL0MN5JC501394,fwd,SUV,blue,3.0,44900.0
37750,bmw,x3,excellent,4 cylinders,gas,14660.0,clean,automatic,5UXTR9C59KLP89022,4wd,SUV,silver,2.0,43000.0
33990,chevrolet,camarosscoupe2d,good,8 cylinders,gas,13542.0,clean,other,2G1FH1EJ6F9246925,rwd,coupe,white,6.0,38500.0
12947,volkswagen,passat,excellent,4 cylinders,diesel,47210.0,clean,automatic,1VWBN7A31DC028810,fwd,sedan,black,8.0,29000.0
39590,chevrolet,camarozl1coupe2d,good,8 cylinders,gas,26682.0,clean,other,2G1FM1EP4F9801144,rwd,coupe,red,6.0,61500.0
19500,mercedes-benz,sclasss550sedan,excellent,8 cylinders,gas,49749.0,clean,automatic,WDDNG71X39A271234,rwd,sedan,white,12.0,89900.0
32000,toyota,4runner4x4,excellent,6 cylinders,gas,65438.0,rebuilt,automatic,JTEBU5JR0J5497171,4wd,SUV,silver,3.0,36700.0
13333,honda,accordcpeex,good,4 cylinders,gas,58385.0,clean,automatic,1HGCS1B77CA004845,fwd,coupe,black,9.0,23300.0
33990,gmc,sierra1500crewcabslt,good,8 cylinders,other,72397.0,clean,other,3GTU2VEC0EG398759,4wd,pickup,white,7.0,41000.0
37999,ford,f150,good,8 cylinders,gas,118703.0,clean,automatic,1FTFW1R62CFC09795,4wd,truck,black,9.0,45900.0
30990,dodge,challengerrtcoupe2d,good,8 cylinders,gas,38399.0,clean,other,2C3CDZBTXHH561296,rwd,coupe,black,4.0,33500.0
14990,ford,f150supercrew4x4,fair,6 cylinders,gas,177541.0,clean,automatic,1FTFW1ET6CFD07191,4wd,truck,white,9.0,35900.0
8400,subaru,legacy,excellent,4 cylinders,gas,132688.0,clean,automatic,4S3BMCA67D3015276,4wd,pickup,white,8.0,23570.0
34990,ford,mustanggtpremium,good,8 cylinders,gas,18650.0,clean,other,1FATP8FF5J5115190,rwd,convertible,black,3.0,42000.0
11995,ford,f150,excellent,8 cylinders,gas,157896.0,clean,automatic,1FTFW1EV2AFB59829,4wd,pickup,blue,11.0,35500.0
20990,chrysler,pacifica,excellent,6 cylinders,gas,66635.0,clean,automatic,2C4RC1BG5HR598540,fwd,mini-van,silver,4.0,34800.0
28590,chevrolet,blazer2ltsport,good,6 cylinders,gas,23252.0,clean,other,3GNKBCRS6LS618954,fwd,other,silver,1.0,35500.0
17900,honda,accordtouring,like new,6 cylinders,gas,71300.0,clean,automatic,1HGCR3F90HA045246,fwd,sedan,silver,4.0,33500.0
6500,lincoln,towncar,excellent,8 cylinders,gas,143297.0,clean,automatic,1LNHM81W25Y642572,rwd,sedan,white,16.0,53910.0
32990,ram,1500quadcabharvestpickup,good,6 cylinders,gas,29979.0,clean,other,1C6RR7GG9JS229010,4wd,pickup,black,3.0,38900.0
21900,chevrolet,traversels,like new,6 cylinders,gas,3730.0,rebuilt,automatic,1GNERFKW7LJ116611,fwd,SUV,black,1.0,30500.0
36990,gmc,sierra1500doublecabsle,good,8 cylinders,gas,23424.0,clean,other,2GTV2MECXJ1106083,4wd,pickup,black,3.0,43100.0
8950,toyota,tundradoublecabsr5,good,8 cylinders,gas,205765.0,clean,automatic,5TBET34145S494068,rwd,truck,white,16.0,27500.0
7000,honda,accordex,good,4 cylinders,gas,167941.0,clean,automatic,1HGCP26798A143867,fwd,sedan,white,13.0,23000.0
10995,chevrolet,traverse,good,6 cylinders,gas,110082.0,clean,automatic,1GNKRGED9BJ167108,rwd,SUV,custom,10.0,35000.0
20995,ford,superdutyf350srw,excellent,8 cylinders,diesel,211298.0,clean,automatic,1FTWW31R98EA47287,4wd,pickup,black,13.0,45115.0
30900,chevrolet,silverado1500,excellent,8 cylinders,gas,113000.0,clean,automatic,3GCUKREC2FG287865,4wd,truck,red,6.0,38500.0
11011,hyundai,santafe,excellent,4 cylinders,gas,105880.0,clean,automatic,5XYZTDLB0DG086946,4wd,SUV,white,8.0,26350.0
10999,lexus,is250base,good,6 cylinders,gas,105291.0,clean,automatic,JTHBK262892087931,rwd,sedan,grey,12.0,33900.0
7595,toyota,prius,good,4 cylinders,hybrid,163407.0,clean,automatic,JTDKN3DU8B1406467,fwd,hatchback,grey,10.0,24000.0
5495,honda,civic,new,4 cylinders,gas,157000.0,clean,automatic,2HGFA1F54AH315057,fwd,sedan,grey,11.0,18600.0
6500,audi,a4,excellent,4 cylinders,gas,99098.0,clean,automatic,WAUAFAFL9AN000719,fwd,sedan,white,11.0,33500.0
31990,gmc,acadiaslesportutility4d,good,6 cylinders,gas,4108.0,clean,other,1GKKNKLS4LZ240269,fwd,other,white,1.0,33500.0
6895,ford,explorer,good,6 cylinders,gas,194776.0,clean,automatic,1FMEU74E49UA34341,4wd,SUV,brown,12.0,33980.0
5250,hyundai,accentse,good,4 cylinders,gas,101250.0,clean,automatic,KMHCU5AE1CU039407,fwd,hatchback,black,9.0,15500.0
9995,toyota,priusv,excellent,4 cylinders,hybrid,111052.0,clean,automatic,JTDZN3EU1C3040256,fwd,sedan,grey,9.0,27900.0
3999,ford,focus,good,4 cylinders,gas,156126.0,clean,automatic,3FAFP31301R188042,fwd,coupe,red,20.0,14500.0
10991,subaru,forester,excellent,4 cylinders,gas,65000.0,clean,automatic,JF2SHABCXCH412397,4wd,sedan,blue,9.0,24790.0
7495,honda,odysseyexl,excellent,6 cylinders,gas,133000.0,clean,automatic,5FNRL38798B031231,fwd,mini-van,blue,13.0,31800.0
45900,ford,f350superduty,excellent,8 cylinders,gas,26679.0,clean,automatic,1FDRF3H63HEF41781,4wd,other,white,4.0,51610.0
37990,chevrolet,camarosscoupe2d,good,8 cylinders,gas,9704.0,clean,other,1G1FF1R79G0140582,rwd,coupe,red,5.0,38900.0
8999,ford,cmaxhybrid,good,4 cylinders,gas,152801.0,clean,automatic,1FADP5BU4DL549141,fwd,hatchback,silver,8.0,26200.0
12900,jeep,wrangler,good,6 cylinders,gas,209000.0,clean,automatic,1J4FA49S25P373293,4wd,SUV,yellow,16.0,22700.0
27990,gmc,sierra2500hdextendedcab,good,8 cylinders,gas,68696.0,clean,other,1GT220CG8CZ231238,4wd,pickup,black,9.0,42970.0
34590,chevrolet,silverado1500double,good,6 cylinders,gas,29499.0,clean,other,1GCVKREH6GZ228691,4wd,pickup,silver,5.0,40310.0
14988,cadillac,escaladeesv,good,8 cylinders,gas,152733.0,clean,automatic,1GYFK66837R419125,4wd,SUV,black,14.0,74900.0
24495,jeep,grandcherokeelimited,excellent,6 cylinders,gas,59900.0,clean,automatic,1C4RJFBGXGC358104,4wd,SUV,black,5.0,42300.0
11998,ford,fiesta,good,4 cylinders,gas,125048.0,clean,other,3FADP4GXXEM203642,fwd,hatchback,black,7.0,21900.0
40990,acura,mdxadvancepkgsport,good,6 cylinders,gas,12046.0,clean,other,5J8YD3H87KL002026,fwd,other,red,2.0,57000.0
15000,bmw,750,excellent,8 cylinders,gas,63000.0,clean,automatic,WBAKB8C58ACY63120,rwd,sedan,blue,11.0,88500.0
29990,chevrolet,coloradoextendedcab,good,6 cylinders,gas,17302.0,clean,other,1GCHTCE37G1186784,4wd,pickup,red,5.0,38300.0
12500,honda,crvex,excellent,4 cylinders,gas,104755.0,clean,automatic,5J6RM4H55DL014610,4wd,SUV,brown,8.0,27770.0
9995,ford,f150,good,8 cylinders,gas,175303.0,clean,automatic,1FTFX1CVXAFB91167,rwd,truck,white,11.0,28000.0
15990,audi,q5,good,6 cylinders,gas,128900.0,clean,automatic,WA1DGAFP7FA017494,4wd,SUV,brown,6.0,49700.0
24999,porsche,panamera,good,10 cylinders,gas,115519.0,clean,other,WP0AA2A7XDL016767,4wd,sedan,brown,8.0,88000.0
18295,subaru,impreza,excellent,4 cylinders,gas,17760.0,clean,automatic,4S3GTAA63J3751902,4wd,hatchback,silver,3.0,22195.0
16500,chevrolet,equinoxltz,like new,4 cylinders,gas,82000.0,lien,automatic,1GNALDEK2FZ140446,fwd,SUV,custom,6.0,31900.0
17895,honda,civicsedan,excellent,4 cylinders,gas,36387.0,clean,automatic,19XFC2F63JE203644,fwd,other,grey,3.0,21800.0
16900,jeep,wranglerunlimitedsahara,excellent,6 cylinders,gas,123443.0,clean,automatic,1J8GB59107L215669,rwd,SUV,black,14.0,29500.0
32990,jeep,wranglerrubiconsport,good,6 cylinders,gas,42344.0,clean,other,1C4BJWCG1GL261390,4wd,other,silver,5.0,38500.0
27500,chevrolet,camaro,like new,8 cylinders,gas,17000.0,clean,automatic,2G1FK1EJ8B9140522,rwd,coupe,black,10.0,36730.0
12995,buick,verano,excellent,4 cylinders,gas,64000.0,clean,automatic,1G4PR5SK9H4112876,fwd,sedan,grey,4.0,26600.0
12995,subaru,impreza,good,4 cylinders,gas,74925.0,clean,automatic,JF1GPAA67FH327613,4wd,wagon,silver,6.0,18500.0
15995,chevrolet,traverse,excellent,6 cylinders,gas,128985.0,clean,automatic,1GNKVJKD7EJ121035,4wd,SUV,black,7.0,43500.0
6995,dodge,journeysxt,good,6 cylinders,gas,129000.0,clean,automatic,3D4GG57V99T218725,fwd,SUV,green,12.0,22900.0
14900,cadillac,ats,excellent,4 cylinders,gas,83539.0,clean,automatic,1G6AB5RA1E0170658,rwd,sedan,white,7.0,38900.0
13995,ford,f150,excellent,8 cylinders,gas,144120.0,clean,automatic,1FTEW1E80AFA90399,4wd,truck,black,11.0,30800.0
17995,gmc,savana3500cargovan,excellent,8 cylinders,gas,141655.0,clean,automatic,1GTZ7GFF4G1240213,rwd,van,red,5.0,30500.0
16999,chevrolet,silverado2500hdbuiltafteraug14,excellent,8 cylinders,gas,149353.0,clean,automatic,1GC0CUEG9FZ105015,rwd,pickup,white,6.0,33800.0
30990,infiniti,qx6035sportutility,good,6 cylinders,gas,22821.0,clean,automatic,5N1DL0MN5JC501394,fwd,SUV,blue,3.0,43900.0
27990,dodge,chargerrtroadandtrack,good,8 cylinders,gas,53562.0,clean,other,2C3CDXCT3FH784652,rwd,sedan,blue,6.0,33500.0
14495,jeep,wrangler,good,6 cylinders,gas,113573.0,clean,other,1J4FA24198L514729,4wd,SUV,grey,13.0,25000.0
13995,ford,f150,excellent,8 cylinders,gas,126143.0,clean,automatic,1FTRF14WX8KE91140,4wd,pickup,white,13.0,32200.0
28990,infiniti,qx6035sportutility,good,6 cylinders,gas,32458.0,clean,other,5N1DL0MN7JC500375,fwd,SUV,black,3.0,44000.0
29590,ford,expeditionxltsport,good,6 cylinders,gas,70760.0,clean,other,1FMJU1JT1HEA52352,4wd,SUV,blue,4.0,57000.0
38590,nissan,maximaplatinumsedan4d,good,6 cylinders,gas,11272.0,clean,other,1N4AA6FV9LC375627,fwd,sedan,black,1.0,40990.0
28500,ford,expedition,excellent,6 cylinders,gas,80200.0,clean,automatic,1FMJK1KT7HEA09493,rwd,SUV,grey,4.0,61090.0
9495,ford,escape,excellent,4 cylinders,gas,112955.0,clean,automatic,1FMCU9G95EUE31620,4wd,SUV,red,7.0,28800.0
37999,gmc,sierra2500hd,good,8 cylinders,gas,140685.0,clean,automatic,1GT125E85DF140705,4wd,truck,white,8.0,54500.0
16395,toyota,landcruiser,excellent,8 cylinders,gas,208967.0,clean,automatic,JTEHT05J842067396,4wd,SUV,blue,17.0,49900.0
15800,honda,odyssey,excellent,6 cylinders,gas,94767.0,clean,automatic,5FNRL5H98CB132069,fwd,mini-van,black,9.0,40800.0
18975,chevrolet,silverado1500,excellent,8 cylinders,gas,114245.0,clean,automatic,3GCPKSE7XCG264353,4wd,pickup,white,9.0,38500.0
27990,buick,enclaveleathersport,good,6 cylinders,gas,31479.0,clean,other,5GAKRBKD0HJ337088,fwd,other,black,4.0,39500.0
32990,jeep,wranglerrubiconsport,good,6 cylinders,gas,42344.0,clean,other,1C4BJWCG1GL261390,4wd,other,silver,5.0,35300.0
36990,ford,f150supercablariat,good,6 cylinders,gas,38094.0,clean,other,1FTFX1EG9HKD14814,4wd,pickup,white,4.0,38500.0
41500,gmc,sierra1500,good,8 cylinders,gas,82000.0,clean,automatic,3GTU2PEC2JG255558,4wd,truck,silver,3.0,50000.0
5300,saturn,vue,good,6 cylinders,gas,133000.0,clean,automatic,5GZCZ53457S840528,fwd,SUV,blue,14.0,24950.0
5500,honda,accordexl,excellent,4 cylinders,gas,146700.0,clean,automatic,JHMCM56824C009801,fwd,sedan,silver,17.0,22700.0
19500,dodge,charger,like new,8 cylinders,gas,186046.0,clean,automatic,2C3CDXAT3DH523506,rwd,sedan,white,8.0,30000.0
25990,dodge,grandcaravanpassengerse,good,6 cylinders,gas,28.0,clean,other,2C4RDGBG7KR782806,fwd,van,black,2.0,28895.0
5995,jeep,grandcherokeelaredo2wd,good,6 cylinders,gas,128499.0,clean,automatic,1J8GS48K36C111714,fwd,SUV,grey,15.0,27995.0
16900,ford,transitconnect,excellent,4 cylinders,gas,35173.0,clean,automatic,NM0LS7E74E1172536,fwd,van,white,7.0,22000.0
41500,jeep,wranglerunlimited,excellent,4 cylinders,gas,9864.0,clean,automatic,1C4HJXEN7LW280790,4wd,SUV,red,1.0,45000.0
7990,toyota,priusiii,excellent,4 cylinders,hybrid,102335.0,clean,automatic,JTDKN3DU4B5300770,fwd,hatchback,silver,10.0,24000.0
6500,toyota,camry,excellent,4 cylinders,gas,113813.0,salvage,automatic,4T1BF3EK0AU020757,fwd,sedan,silver,11.0,213000.0
16995,volkswagen,jetta,excellent,4 cylinders,gas,31649.0,clean,automatic,3VWD17AJ8HM388759,fwd,sedan,grey,4.0,19700.0
14500,chevrolet,malibu,excellent,4 cylinders,gas,90073.0,clean,automatic,1G1ZE5ST6GF228954,fwd,sedan,blue,5.0,23200.0
10995,ford,f150,excellent,8 cylinders,gas,111212.0,clean,automatic,1FTPX14547FB56894,4wd,other,grey,14.0,32600.0
41990,lincoln,continentalreserve,good,6 cylinders,gas,9345.0,clean,other,1LN6L9RP8K5604130,fwd,sedan,blue,2.0,68980.0
5995,chevrolet,sonic,good,4 cylinders,diesel,124333.0,clean,automatic,1G1JC6SB9D4102496,fwd,sedan,orange,8.0,19500.0
15995,honda,crv,excellent,4 cylinders,gas,108209.0,clean,automatic,2HKRM3H5XFH508338,fwd,wagon,blue,6.0,26600.0
6995,chrysler,300,excellent,8 cylinders,gas,90446.0,clean,automatic,2C3LA63H07H809247,rwd,sedan,white,14.0,38900.0
34990,ford,f150supercrewcabxl,good,8 cylinders,gas,46440.0,clean,other,1FTEW1E50KKC17053,4wd,pickup,white,2.0,43200.0
6925,jeep,grandcherokee,excellent,6 cylinders,gas,147939.0,clean,automatic,1J8GS48K77C592830,rwd,SUV,green,14.0,27500.0
5650,buick,lacrosse,good,6 cylinders,gas,117103.0,clean,automatic,2G4WC582761208714,fwd,sedan,blue,15.0,26000.0
37990,chevrolet,corvettegrandsport,good,8 cylinders,other,56302.0,clean,other,1G1YS3DW5A5103103,rwd,other,red,11.0,59000.0
47990,chevrolet,tahoeltsportutility,good,8 cylinders,gas,34216.0,clean,other,1GNSKBKC1KR138450,4wd,other,white,2.0,59600.0
6490,hyundai,elantra,excellent,4 cylinders,gas,106752.0,clean,manual,KMHDU4AD9AU155800,fwd,sedan,black,11.0,15700.0
17498,subaru,outback,good,4 cylinders,gas,107689.0,clean,automatic,4S4BSANC0F3310969,4wd,wagon,green,6.0,33500.0
25590,ford,mustangv6convertible2d,good,6 cylinders,gas,11325.0,clean,other,1FATP8EM6H5342611,rwd,convertible,red,4.0,30700.0
8950,subaru,legacy25ipremiumawd,good,4 cylinders,gas,81373.0,rebuilt,manual,4S3BMAB66A1228293,4wd,sedan,white,11.0,23700.0
19995,chevrolet,silverado1500,good,8 cylinders,gas,95710.0,clean,automatic,1GCRKSE38BZ272441,4wd,truck,white,10.0,38500.0
13995,chevrolet,impala,like new,6 cylinders,gas,114281.0,clean,automatic,2G1125S38E9306551,fwd,sedan,black,7.0,27000.0
16990,lexus,es350sedan4d,good,6 cylinders,gas,101373.0,clean,other,JTHBK1GG5D2037744,fwd,sedan,silver,8.0,39900.0
29990,chevrolet,coloradoextendedcab,good,6 cylinders,gas,17302.0,clean,other,1GCHTCE37G1186784,4wd,pickup,red,5.0,39300.0
5490,kia,soul,excellent,4 cylinders,gas,133000.0,clean,automatic,KNDJT2A64D7766711,fwd,hatchback,silver,8.0,18100.0
9995,jeep,grandcherokee,excellent,6 cylinders,gas,204220.0,clean,automatic,1J4RR4GG7BC647840,4wd,SUV,red,10.0,36000.0
17846,honda,hrv,excellent,4 cylinders,gas,56889.0,clean,automatic,3CZRU6H57GM706530,4wd,wagon,black,5.0,24000.0
4995,chevrolet,sonicls,excellent,4 cylinders,gas,133900.0,clean,automatic,1G1JA5SH4D4211064,fwd,sedan,blue,8.0,14400.0
8950,dodge,dartrallye,excellent,4 cylinders,gas,84000.0,clean,automatic,1C3CDFBA8DD333057,fwd,sedan,grey,8.0,19000.0
12800,subaru,outback,excellent,4 cylinders,gas,78458.0,clean,automatic,4S4BRBCC8D3267614,4wd,wagon,blue,8.0,26100.0
6995,nissan,sentra,good,4 cylinders,gas,106520.0,clean,automatic,3N1AB7AP9DL689843,fwd,sedan,red,8.0,15000.0
7495,dodge,grandcaravan,good,6 cylinders,gas,145209.0,clean,automatic,2D4RN5DGXBR693765,fwd,van,black,10.0,27000.0
73900,ford,superdutyf450drw,excellent,8 cylinders,diesel,74534.0,clean,automatic,1FT8W4DT3KED52394,4wd,pickup,black,2.0,82000.0
12000,kia,sportagelx,good,4 cylinders,gas,67053.0,clean,automatic,KNDPB3AC6G7872266,fwd,SUV,grey,5.0,23800.0
10995,chevrolet,silverado1500,good,8 cylinders,gas,175000.0,clean,automatic,1GCRKSE70DZ342102,4wd,pickup,silver,8.0,38500.0
27990,gmc,sierra2500hdextendedcab,good,8 cylinders,gas,68696.0,clean,other,1GT220CG8CZ231238,4wd,pickup,black,9.0,42000.0
8100,chevrolet,impala,excellent,4 cylinders,gas,210155.0,clean,automatic,2G1155S38E9198973,fwd,sedan,blue,7.0,34500.0
16500,hyundai,genesis38l,excellent,6 cylinders,gas,57020.0,salvage,automatic,KMHGN4JE9FU096161,rwd,sedan,silver,6.0,60000.0
21995,ford,f150,excellent,6 cylinders,gas,122000.0,clean,automatic,1FTFW1ET9DFB73732,4wd,pickup,silver,8.0,41900.0
2900,ford,expedition,good,8 cylinders,gas,180000.0,clean,automatic,1FMRU15W83LB14597,rwd,SUV,white,18.0,35700.0
9995,honda,civiclx,good,4 cylinders,gas,65703.0,clean,automatic,19XFB2F54DE201612,fwd,sedan,grey,8.0,18700.0
9950,ford,flexsel,excellent,6 cylinders,gas,99103.0,clean,automatic,2FMEK62C39BA70464,4wd,SUV,white,12.0,30000.0
37980,audi,a6quattcompetprestige,excellent,6 cylinders,gas,47187.0,clean,automatic,WAUF3AFC3HN024099,4wd,sedan,grey,4.0,67400.0
15900,cadillac,atssedan,excellent,4 cylinders,gas,33608.0,clean,automatic,1G6AB5SA3G0138825,rwd,sedan,white,5.0,36795.0
41990,acura,mdxtechnologypkgsport,good,6 cylinders,gas,5722.0,clean,other,5J8YD3H5XLL010676,fwd,SUV,black,1.0,44900.0
29700,chevrolet,silverado1500lt,excellent,6 cylinders,gas,65550.0,clean,automatic,1GCVKREH5EZ120415,4wd,pickup,silver,7.0,35500.0
15995,acura,ilx,good,4 cylinders,gas,57345.0,clean,manual,19VDE2E50EE000574,fwd,other,grey,7.0,28490.0
8300,dodge,avenger,good,6 cylinders,gas,67500.0,rebuilt,automatic,1C3CDZBG3DN502899,fwd,sedan,white,8.0,23000.0
29995,gmc,sierra1500,excellent,8 cylinders,gas,100901.0,clean,automatic,3GTU2UEC7FG403239,4wd,truck,green,6.0,38500.0
12995,mitsubishi,outlander,like new,4 cylinders,gas,53089.0,clean,automatic,4A4AR3AU9FE047352,4wd,SUV,red,6.0,21500.0
9850,chevrolet,montecarlo,good,8 cylinders,gas,89825.0,rebuilt,automatic,2G1WL15C469300951,fwd,coupe,red,15.0,29000.0
18500,honda,crvexl,excellent,4 cylinders,gas,47100.0,clean,automatic,5J6RM3H75EL034529,fwd,SUV,white,7.0,28400.0
16900,toyota,corolla,excellent,4 cylinders,gas,34788.0,clean,automatic,2T1BURHE7JC045350,fwd,sedan,silver,3.0,19645.0
27350,bmw,x3,excellent,4 cylinders,gas,37576.0,clean,automatic,5UXWX9C51H0T06572,4wd,SUV,white,4.0,41000.0
8495,kia,optima4drsdnlx,excellent,4 cylinders,gas,140000.0,clean,automatic,5XXGM4A79FG458424,fwd,sedan,black,6.0,23300.0
33990,mercedes-benz,eclasse63amg,good,8 cylinders,gas,88107.0,clean,automatic,WDDHF7EB7CA570344,rwd,sedan,white,9.0,102000.0
36990,mercedes-benz,slclasssl550,good,8 cylinders,gas,56553.0,clean,automatic,WDDJK7DA9DF019438,rwd,convertible,black,8.0,101000.0
24590,chrysler,300touringlsedan4d,good,6 cylinders,gas,15557.0,clean,other,2C3CCAAG9KH637025,rwd,sedan,black,2.0,30700.0
7995,ford,escapelimitedawd,excellent,6 cylinders,gas,145500.0,clean,automatic,1FMCU9EGXBKA44084,4wd,SUV,red,10.0,30980.0
39590,dodge,chargerscatpacksedan4d,good,8 cylinders,gas,22501.0,clean,other,2C3CDXGJ3KH644667,rwd,sedan,black,2.0,39995.0
31990,chrysler,pacificalimited,good,6 cylinders,gas,34925.0,clean,other,2C4RC1GG9KR731896,fwd,van,white,2.0,38500.0
33590,ford,explorerxltsportutility,good,6 cylinders,gas,9728.0,clean,other,1FM5K8D89JGC38335,4wd,other,black,3.0,38400.0
13975,ford,f350,excellent,6 cylinders,diesel,96800.0,clean,automatic,1FDWX36P86EA71756,rwd,truck,white,15.0,40080.0
35990,ford,f150supercablariat,good,6 cylinders,other,20596.0,clean,other,1FTEX1EP1JFA54368,4wd,pickup,blue,3.0,42600.0
18800,ford,f350superduty,excellent,8 cylinders,diesel,205110.0,clean,automatic,1FTWW31P07EB30394,4wd,truck,white,14.0,39640.0
35590,infiniti,q6030tsportcoupe2d,good,6 cylinders,gas,12113.0,clean,other,JN1EV7EK9JM341131,rwd,coupe,blue,3.0,48600.0
38590,ram,1500crewcabbighorn,good,6 cylinders,gas,28556.0,clean,other,1C6RRFFGXKN695394,4wd,pickup,white,2.0,41500.0
25997,chevrolet,silverado1500,excellent,8 cylinders,gas,133778.0,clean,automatic,3GCUKREC6HG333006,4wd,pickup,silver,4.0,40000.0
14950,subaru,outback36rlimited,excellent,6 cylinders,gas,50806.0,clean,automatic,4S4BRDLC4A2362572,4wd,wagon,black,11.0,32495.0
29990,chevrolet,coloradoextendedcab,good,6 cylinders,gas,17302.0,clean,other,1GCHTCE37G1186784,4wd,pickup,red,5.0,35825.0
35995,toyota,tundradblcabsr5,excellent,8 cylinders,gas,9100.0,clean,automatic,5TFTY5F11KX010551,rwd,truck,white,2.0,39100.0
6995,lexus,is250,good,6 cylinders,gas,163517.0,clean,automatic,JTHCK262085018832,4wd,sedan,silver,13.0,35900.0
20900,toyota,camry,excellent,4 cylinders,gas,13761.0,clean,automatic,4T1G11AK3LU354914,fwd,sedan,grey,1.0,24970.0
41590,buick,enclaveavenirsport,good,6 cylinders,gas,29010.0,clean,other,5GAERDKWXLJ231184,fwd,SUV,red,1.0,48500.0
8995,toyota,rav4,excellent,4 cylinders,gas,137667.0,clean,automatic,JTMZD33V485114649,fwd,SUV,silver,13.0,22900.0
39985,cadillac,xt4,excellent,4 cylinders,gas,16772.0,clean,automatic,1GYFZFR42KF111524,4wd,SUV,red,2.0,45000.0
30990,jaguar,ftypeconvertible2d,good,6 cylinders,gas,71835.0,clean,other,SAJWA6E76E8K08555,rwd,other,white,7.0,70300.0
7495,honda,crv,excellent,4 cylinders,gas,149916.0,clean,automatic,JHLRD78596C049258,4wd,SUV,grey,15.0,25325.0
6995,dodge,dart,like new,4 cylinders,gas,82776.0,clean,automatic,1C3CDFBB0FD275439,fwd,sedan,black,6.0,20995.0
57990,chevrolet,corvettestingrayz51,good,8 cylinders,gas,4753.0,clean,other,1G1YK3D72G5123682,rwd,other,red,5.0,66500.0
10967,ford,edge,excellent,6 cylinders,gas,131678.0,clean,automatic,2FMDK4KC6BBB44899,4wd,SUV,silver,10.0,33900.0
16999,kia,optima,excellent,4 cylinders,gas,71910.0,clean,automatic,5XXGT4L35HG141448,fwd,sedan,grey,4.0,22800.0
29990,chevrolet,coloradoextendedcab,good,6 cylinders,gas,17302.0,clean,other,1GCHTCE37G1186784,4wd,pickup,red,5.0,34500.0
17995,ford,transitconnectvanxlt,good,4 cylinders,gas,106006.0,clean,automatic,NM0LE7F2XK1384136,fwd,van,white,2.0,26370.0
28590,cadillac,xt5luxurysport,good,6 cylinders,gas,33333.0,clean,other,1GYKNBRS3HZ159932,fwd,other,silver,4.0,41990.0
35900,ford,explorer,excellent,6 cylinders,gas,18097.0,clean,automatic,1FM5K8D80JGA39223,4wd,SUV,white,3.0,38500.0
8495,ford,edgesel,excellent,6 cylinders,gas,129000.0,clean,automatic,2FMDK3JC0BBA97882,fwd,SUV,red,10.0,29995.0
18850,toyota,tacoma,excellent,6 cylinders,gas,151630.0,clean,automatic,5TFJU4GN9DX047977,rwd,pickup,silver,8.0,26600.0
9995,honda,fitex,good,4 cylinders,gas,101012.0,clean,manual,3HGGK5G83FM766426,fwd,hatchback,silver,6.0,19500.0
26990,nissan,titansinglecabsv,good,8 cylinders,gas,41335.0,clean,other,1N6AA1R84HN570756,4wd,pickup,red,4.0,41500.0
5500,honda,accordexl,excellent,4 cylinders,gas,146700.0,clean,automatic,JHMCM56824C009801,fwd,sedan,silver,17.0,23500.0
12500,honda,odysseylx,good,6 cylinders,gas,176757.0,clean,automatic,5FNRL5H21GB029312,fwd,mini-van,white,5.0,29500.0
17927,lexus,is,excellent,6 cylinders,gas,67085.0,clean,automatic,JTHBF5C21C5178460,rwd,sedan,grey,9.0,38850.0
48900,chevrolet,silverado2500hdltz,like new,8 cylinders,diesel,43034.0,rebuilt,automatic,1GC1KWEYXJF108821,4wd,truck,black,3.0,62900.0
16495,jeep,cherokee,excellent,6 cylinders,other,75218.0,clean,automatic,1C4PJMCS5GW283597,4wd,other,grey,5.0,30000.0
33990,ford,superdutyf550drw,good,8 cylinders,diesel,136250.0,clean,automatic,1FDUF5HT3EEB73528,4wd,truck,white,7.0,60400.0
20999,cadillac,atsluxury,good,6 cylinders,gas,45000.0,clean,automatic,1G6AB5R32F0112058,rwd,sedan,black,6.0,38000.0
12897,ford,fusionse,excellent,4 cylinders,gas,67185.0,clean,automatic,3FA6P0H75GR304979,fwd,sedan,grey,5.0,22000.0
9999,toyota,priuschybrid,like new,4 cylinders,hybrid,31920.0,rebuilt,automatic,JTDKDTB35G1589413,fwd,hatchback,blue,5.0,19500.0
9999,honda,civicsdn,excellent,4 cylinders,gas,136435.0,clean,automatic,2HGFB2F57CH539588,fwd,sedan,blue,9.0,18500.0
5200,mazda,3,excellent,4 cylinders,gas,140907.0,clean,automatic,JM1BL1UP3D1801602,fwd,sedan,grey,8.0,19500.0
8950,volkswagen,passattsiwolfsburg,excellent,4 cylinders,gas,100274.0,clean,automatic,1VWAT7A31FC018187,fwd,sedan,white,6.0,22000.0
32590,chevrolet,corvettecoupe2d,good,8 cylinders,gas,20420.0,clean,other,1G1YY25W995110249,rwd,coupe,silver,12.0,50000.0
9995,ford,flex,excellent,6 cylinders,gas,83366.0,clean,automatic,2FMGK5BC6CBD00296,fwd,sedan,white,9.0,30700.0
8572,hyundai,sonata,excellent,4 cylinders,gas,122357.0,clean,automatic,5NPEC4AC7BH120428,fwd,sedan,silver,10.0,21500.0
24499,volkswagen,tiguan,excellent,4 cylinders,gas,34320.0,clean,automatic,3VV2B7AX2JM133396,4wd,SUV,orange,3.0,36500.0
6499,chevrolet,equinox,excellent,4 cylinders,gas,165314.0,clean,automatic,2CNFLEEC6B6234649,4wd,SUV,brown,10.0,26520.0
23995,chevrolet,coloradoextendedcab,good,4 cylinders,gas,32000.0,rebuilt,automatic,1GCHTBEA7J1121000,4wd,truck,grey,3.0,30900.0
10998,jeep,wranglerx,good,6 cylinders,gas,178842.0,clean,automatic,1J4FA39S34P796022,4wd,SUV,black,17.0,20600.0
14988,cadillac,escaladeesv,good,8 cylinders,gas,152733.0,clean,automatic,1GYFK66837R419125,4wd,SUV,black,14.0,70000.0
8500,lincoln,towncarblack,excellent,8 cylinders,gas,116754.0,clean,automatic,2LNBL8CV0BX757826,rwd,sedan,black,10.0,53200.0
41975,ford,f250superduty,excellent,8 cylinders,diesel,73000.0,clean,automatic,1FT7W2BT7HED60090,4wd,pickup,white,4.0,65000.0
24590,jeep,wranglersaharasport,good,6 cylinders,gas,62362.0,clean,other,1C4GJWBG6CL153249,4wd,SUV,red,9.0,32100.0
8995,nissan,maxima,good,6 cylinders,gas,131434.0,clean,automatic,1N4AA5AP0DC840574,fwd,sedan,blue,8.0,30990.0
8950,chevrolet,silverado1500,good,8 cylinders,gas,190507.0,clean,automatic,1GCEK14088E218279,4wd,truck,white,13.0,29800.0
35900,gmc,sierra2500hd,excellent,8 cylinders,diesel,163000.0,clean,automatic,1GT121E80CF143079,4wd,truck,red,9.0,49980.0
24995,toyota,86,excellent,4 cylinders,gas,17532.0,clean,manual,JF1ZNAA13H9707712,fwd,coupe,orange,4.0,26990.0
10950,subaru,outback36rpremium,good,6 cylinders,gas,102102.0,clean,automatic,4S4BRDCC2C2247584,4wd,SUV,red,9.0,28745.0
15995,chevrolet,colorado,good,4 cylinders,gas,136694.0,clean,automatic,1GCGSAEA0F1266735,rwd,pickup,white,6.0,21000.0
8190,chevrolet,cruze,excellent,4 cylinders,gas,105855.0,clean,manual,1G1PJ5SB3D7219905,fwd,sedan,grey,8.0,19995.0
10988,hyundai,tucson,good,4 cylinders,gas,119862.0,clean,automatic,KM8JU3AC6DU685649,rwd,SUV,black,8.0,23900.0
10499,ford,taurussho,excellent,6 cylinders,gas,160728.0,clean,automatic,1FAHP2KT1DG180951,4wd,sedan,white,8.0,39400.0
41990,ford,mustanggtcoupe2d,good,8 cylinders,gas,561.0,clean,other,1FA6P8CFXL5169606,rwd,coupe,white,1.0,42900.0
10500,chevrolet,equinox,excellent,4 cylinders,gas,96437.0,clean,automatic,2GNFLEEK9F6115177,4wd,SUV,black,6.0,24300.0
12774,honda,accord,good,6 cylinders,gas,120857.0,clean,automatic,1HGCR3F85DA035118,fwd,sedan,grey,8.0,30900.0
37999,lexus,gx460,excellent,8 cylinders,gas,55725.0,clean,automatic,JTJBM7FX5E5076587,4wd,SUV,white,7.0,61790.0
10999,toyota,camry,excellent,4 cylinders,gas,153209.0,clean,automatic,4T1BF1FK4EU752673,fwd,sedan,grey,7.0,24000.0
7995,chevrolet,impala,good,6 cylinders,gas,126251.0,clean,automatic,2G1WB58N881300881,fwd,sedan,grey,13.0,24955.0
6999,subaru,impreza,good,4 cylinders,gas,100270.0,clean,automatic,JF1GE6A6XAH504554,4wd,sedan,grey,11.0,19395.0
31700,toyota,tacomasr5,excellent,6 cylinders,gas,29567.0,clean,automatic,3TMBZ5DN9JM016391,rwd,pickup,black,3.0,36400.0
9000,chevrolet,malibuls,good,4 cylinders,gas,110275.0,clean,automatic,1G1ZB5ST4GF214365,fwd,sedan,black,5.0,22000.0
13990,hyundai,elantra,good,4 cylinders,gas,44225.0,clean,automatic,5NPD74LF1KH435653,fwd,sedan,black,2.0,19700.0
20965,gmc,terrain,excellent,6 cylinders,gas,93870.0,clean,automatic,2GKFLVE31H6129034,4wd,SUV,black,4.0,39200.0
34590,chevrolet,silverado1500double,good,6 cylinders,gas,29499.0,clean,other,1GCVKREH6GZ228691,4wd,pickup,silver,5.0,40405.0
33990,ford,superdutyf250srw,good,8 cylinders,diesel,49678.0,clean,automatic,1FTBF2BT2CEA75283,4wd,truck,white,9.0,48500.0
7995,buick,lucerne,good,6 cylinders,gas,92000.0,clean,automatic,1G4HA5EM8BU112450,fwd,sedan,black,10.0,29800.0
41590,acura,mdxadvancepkgsport,good,6 cylinders,gas,12046.0,clean,other,5J8YD3H87KL002026,fwd,other,red,2.0,50000.0
8848,chevrolet,malibu,excellent,4 cylinders,gas,113886.0,clean,automatic,1G1ZC5EB1AF210295,fwd,sedan,black,11.0,23500.0
33990,gmc,sierra1500doublecabsle,good,6 cylinders,gas,24299.0,clean,other,1GTV2MEHXJZ346690,4wd,pickup,white,3.0,40700.0
16000,acura,rlxadance,excellent,6 cylinders,gas,114000.0,clean,automatic,JH4KC1F96EC006160,fwd,sedan,black,7.0,60995.0
13995,chevrolet,malibult,excellent,4 cylinders,gas,113426.0,clean,automatic,1G1ZD5ST9JF186080,fwd,sedan,silver,3.0,24500.0
7450,honda,ridgeline,excellent,6 cylinders,gas,231617.0,clean,automatic,2HJYK16577H543451,4wd,pickup,silver,14.0,33200.0
8995,nissan,sentra,excellent,4 cylinders,gas,66630.0,clean,automatic,3N1AB7AP7GY264273,fwd,sedan,silver,5.0,16990.0
5295,hyundai,elantragls,excellent,4 cylinders,gas,123844.0,clean,automatic,KMHDU46D57U033369,fwd,sedan,grey,14.0,16000.0
9000,toyota,camryhybrid,excellent,4 cylinders,gas,169521.0,clean,automatic,4T1BD1FK1CU012498,fwd,sedan,red,9.0,26500.0
23995,jeep,compasssport,like new,4 cylinders,gas,17801.0,clean,automatic,3C4NJDAB9JT308167,4wd,SUV,green,3.0,25000.0
12000,subaru,xvcrosstrek,excellent,4 cylinders,gas,139950.0,clean,automatic,JF2GPAGC0D2899194,4wd,SUV,white,8.0,24995.0
49900,lexus,rx450h,excellent,6 cylinders,hybrid,1900.0,clean,automatic,2T2BGMCA9KC043093,4wd,SUV,white,2.0,60000.0
29590,buick,enclaveessencesport,good,6 cylinders,gas,38459.0,clean,other,5GAERBKW1JJ210810,fwd,SUV,white,3.0,43900.0
29900,chevrolet,express2500cargovan,like new,8 cylinders,gas,16967.0,clean,automatic,1GCWGBFG8L1155769,rwd,van,white,1.0,38500.0
21700,toyota,tacoma,excellent,4 cylinders,gas,84049.0,clean,automatic,5TFSX5EN8HX052565,4wd,sedan,silver,4.0,33500.0
25990,acura,rdxtechnologypkgsport,good,6 cylinders,gas,38619.0,clean,other,5J8TB3H52JL002469,fwd,other,blue,3.0,38500.0
9396,kia,sportage,good,4 cylinders,gas,126775.0,clean,automatic,KNDPBCAC3G7877912,4wd,wagon,white,5.0,25890.0
24990,chevrolet,suburbanlt4x4,excellent,8 cylinders,gas,157349.0,clean,automatic,1GNSKJKC5FR692767,4wd,SUV,black,6.0,57000.0
29590,ford,expeditionxltsport,good,6 cylinders,gas,70760.0,clean,other,1FMJU1JT1HEA52352,4wd,SUV,blue,4.0,58000.0
38590,chevrolet,corvettegrandsport,good,8 cylinders,gas,30237.0,clean,other,1G1YR3DW3B5102190,rwd,other,red,10.0,54100.0
11900,bmw,320ixdrive,good,4 cylinders,gas,83500.0,clean,automatic,WBA3C3C54DF980183,4wd,sedan,white,8.0,32900.0
17999,chevrolet,silverado2500hd,good,8 cylinders,gas,288486.0,clean,automatic,1GCHK23285F823348,4wd,truck,white,16.0,46500.0
9900,mercedes-benz,cclass,excellent,6 cylinders,gas,107125.0,clean,automatic,WDDGF8BB3BF643832,fwd,sedan,blue,10.0,36800.0
13250,jeep,compasshighaltitude,excellent,4 cylinders,gas,76500.0,clean,automatic,1C4NJDEB5FD155018,4wd,SUV,green,6.0,24400.0
21800,ford,e150transit,like new,6 cylinders,gas,100000.0,clean,automatic,1FTYE2YG6GKA85393,rwd,van,white,5.0,34500.0
2500,rover,discoveryseriesii,fair,8 cylinders,gas,224872.0,clean,manual,SALTL15421A733127,4wd,offroad,green,20.0,43000.0
10495,hyundai,veloster,good,4 cylinders,gas,20846.0,clean,automatic,KMHTC6AD5DU178201,fwd,coupe,black,8.0,18700.0
21900,ford,superdutyf350srw,excellent,8 cylinders,diesel,280000.0,clean,automatic,1FT8W3BT5CEB05909,4wd,truck,white,9.0,54000.0
26590,kia,k900premiumsedan4d,good,6 cylinders,gas,24667.0,clean,other,KNALT4D31H6035524,rwd,sedan,black,4.0,59900.0
14900,dodge,charger,excellent,6 cylinders,gas,84959.0,clean,automatic,2C3CDXBG6EH186557,rwd,sedan,black,7.0,27300.0
25990,mercedes-benz,eclasse550,good,8 cylinders,gas,42045.0,clean,automatic,WDDKJ7DB6DF216826,rwd,coupe,white,8.0,63150.0
35590,ram,1500crewcabbighorn,good,6 cylinders,other,22805.0,clean,other,1C6RR7LG2JS220638,4wd,pickup,black,3.0,42500.0
32590,bmw,m3convertible2d,good,8 cylinders,gas,44429.0,clean,other,WBSDX9C58BE784175,rwd,other,white,10.0,61500.0
14500,ford,f150,like new,6 cylinders,gas,150362.0,clean,automatic,1FTEX1CM7EKF95396,rwd,truck,white,7.0,29800.0
10991,subaru,forester,excellent,4 cylinders,gas,65000.0,clean,automatic,JF2SHABCXCH412397,4wd,sedan,blue,9.0,25000.0
20088,chevrolet,equinoxlt,good,4 cylinders,gas,29992.0,clean,automatic,2GNALCEK5H6178360,fwd,other,blue,4.0,26900.0
21950,chevrolet,silverado1500,good,8 cylinders,gas,175124.0,clean,automatic,1GCUKREC0HF129898,4wd,truck,white,4.0,40400.0
30990,dodge,challengerrtcoupe2d,good,8 cylinders,gas,26229.0,clean,other,2C3CDZBT4GH322017,rwd,coupe,red,5.0,35000.0
46990,ford,f150supercrewcablariat,good,8 cylinders,gas,13935.0,clean,other,1FTEW1E52LFC42305,4wd,pickup,black,1.0,48500.0
35590,dodge,challengersrt8coupe2d,good,8 cylinders,gas,16796.0,clean,other,2B3CJ7DJ7BH589702,rwd,coupe,green,10.0,44500.0
17788,hyundai,tucsonsel,good,4 cylinders,gas,68517.0,clean,automatic,KM8J33A40JU696198,fwd,other,black,3.0,23500.0
28995,gmc,sierra2500hd,excellent,8 cylinders,gas,72602.0,clean,automatic,1GD02ZCG0BZ447297,4wd,truck,white,10.0,38500.0
9000,buick,lacrossecxl4drsedan,like new,6 cylinders,gas,38600.0,clean,automatic,2G4WD582481149234,rwd,sedan,white,13.0,30000.0
4999,buick,lesabreltd,like new,6 cylinders,gas,106894.0,clean,automatic,1G4HR54K12U207974,fwd,sedan,green,19.0,29690.0
32000,ford,f350superduty,excellent,8 cylinders,diesel,155616.0,clean,automatic,1FT8W3BT6BEA08149,4wd,truck,white,10.0,42300.0
32995,ford,f250sd,good,8 cylinders,diesel,171175.0,clean,automatic,1FT7W2BT2EEA21278,4wd,truck,grey,7.0,51300.0
53900,gmc,sierra2500hd,excellent,8 cylinders,diesel,95000.0,clean,automatic,1GT12TE88GF140884,4wd,truck,red,5.0,57000.0
35590,ram,1500crewcabbighorn,good,8 cylinders,gas,22401.0,clean,other,1C6RR7LT4HS667558,4wd,pickup,blue,4.0,39500.0
18598,nissan,roguesv,excellent,4 cylinders,gas,35584.0,clean,automatic,KNMAT2MVXJP535634,4wd,SUV,grey,3.0,29300.0
4949,acura,mdxtouring,excellent,6 cylinders,gas,161000.0,clean,automatic,2HNYD18683H537117,rwd,SUV,silver,18.0,42000.0
16995,toyota,camry,excellent,4 cylinders,gas,67930.0,clean,automatic,4T1BF1FK3HU719118,fwd,sedan,red,4.0,21500.0
38590,chevrolet,corvettegrandsport,good,8 cylinders,gas,32086.0,clean,automatic,1G1YW3DW4C5101754,rwd,convertible,white,9.0,58500.0
33990,jeep,wranglersportsuv2d,good,6 cylinders,gas,7359.0,clean,other,1C4GJXAGXKW590790,4wd,other,white,2.0,38400.0
3500,honda,accord,excellent,6 cylinders,gas,137000.0,clean,automatic,1HGCM66504A083406,fwd,sedan,black,17.0,26000.0
6995,toyota,camry,excellent,4 cylinders,gas,133338.0,clean,automatic,JTNBE46KX73088540,fwd,sedan,silver,14.0,21500.0
6500,honda,civiccpe,good,4 cylinders,gas,104601.0,clean,automatic,2HGFG12896H534134,fwd,coupe,blue,15.0,19500.0
33000,jeep,wranglerunlimitedsahara,excellent,6 cylinders,gas,50758.0,clean,manual,1C4BJWEG6GL198655,4wd,SUV,grey,5.0,35190.0
31990,ford,mustanggtcoupe2d,good,8 cylinders,gas,19043.0,clean,automatic,1FA6P8CF5H5237592,rwd,coupe,silver,4.0,35000.0
16990,chevrolet,silverado1500,good,8 cylinders,gas,120415.0,clean,automatic,3GCEK23379G239118,4wd,truck,blue,12.0,36600.0
12400,subaru,legacy25i,like new,4 cylinders,gas,80760.0,clean,automatic,4S3BMBA60E3035803,4wd,sedan,silver,7.0,22995.0
13000,cadillac,cts,good,6 cylinders,gas,64417.0,clean,automatic,1G6DG5EG4A0119769,4wd,sedan,silver,11.0,40950.0
12907,gmc,yukon,excellent,8 cylinders,gas,169211.0,clean,automatic,1GKFK130X7R292577,4wd,SUV,black,14.0,42500.0
41990,ford,mustanggtcoupe2d,good,8 cylinders,gas,561.0,clean,other,1FA6P8CFXL5169606,rwd,coupe,white,1.0,42500.0
4995,ford,taurus,good,6 cylinders,gas,122000.0,clean,automatic,1FAHP23WX9G113376,fwd,sedan,black,12.0,24195.0
9995,chevrolet,cruzelimited,good,4 cylinders,gas,84731.0,clean,automatic,1G1PE5SB3G7116623,fwd,sedan,black,5.0,18500.0
10495,chevrolet,silverado1500lt4x4,good,8 cylinders,gas,178776.0,clean,automatic,3GCEK23M39G285084,4wd,pickup,black,12.0,36000.0
14995,fiat,500x,like new,4 cylinders,gas,52377.0,clean,automatic,ZFBCFXET2GP397285,fwd,SUV,white,5.0,25490.0
14999,hyundai,santafe,excellent,4 cylinders,gas,135696.0,clean,automatic,5XYZUDLA8EG156909,4wd,SUV,grey,7.0,31700.0
37990,chevrolet,camarosscoupe2d,good,8 cylinders,gas,9704.0,clean,other,1G1FF1R79G0140582,rwd,coupe,red,5.0,38900.0
24590,lexus,is350sedan4d,good,6 cylinders,gas,60987.0,clean,other,JTHBE1D28E5001806,rwd,sedan,black,7.0,40900.0
19995,ram,2500tradesman,excellent,8 cylinders,gas,130500.0,clean,automatic,3C6TR5CT8DG557348,4wd,pickup,white,8.0,37500.0
34590,ford,mustanggtpremium,good,8 cylinders,gas,30970.0,clean,other,1FATP8FF6F5341651,rwd,other,white,6.0,40945.0
39590,ford,mustanggtcoupe2d,good,8 cylinders,gas,728.0,clean,other,1FA6P8CF3L5183234,rwd,coupe,blue,1.0,43000.0
19990,hyundai,elantra,good,4 cylinders,gas,27864.0,clean,automatic,5NPD84LF8LH514106,fwd,sedan,blue,1.0,22100.0
27990,lincoln,continentalselectsedan,good,6 cylinders,gas,46857.0,clean,other,1LN6L9SK9H5608744,fwd,sedan,white,4.0,52000.0
12995,ford,escapese,excellent,4 cylinders,gas,71042.0,clean,automatic,1FMCU0F72FUC67806,fwd,SUV,white,6.0,22700.0
14997,mitsubishi,outlandersport,like new,4 cylinders,gas,37229.0,clean,automatic,4A4AR4AU2FE039294,4wd,SUV,blue,6.0,25200.0
49990,ford,superdutyf550drw,good,8 cylinders,diesel,98689.0,clean,automatic,1FD0W5HT7DEB10669,4wd,truck,white,8.0,53000.0
7995,ford,focussehatchback,excellent,4 cylinders,gas,106000.0,clean,automatic,1FADP3K22EL454386,fwd,hatchback,white,7.0,19800.0
12000,toyota,tacoma,excellent,6 cylinders,gas,247000.0,clean,automatic,5TEHN72N13Z220791,4wd,pickup,grey,18.0,25000.0
44990,ram,5500,good,6 cylinders,diesel,80733.0,clean,automatic,3C7WRNFL3FG705901,4wd,truck,white,6.0,55000.0
7500,nissan,altima,excellent,4 cylinders,gas,96554.0,clean,automatic,1N4AL3AP5EN381918,fwd,sedan,grey,7.0,22550.0
21990,chrysler,pacificatouringl,good,6 cylinders,gas,20941.0,clean,other,2C4RC1BG8HR796612,fwd,van,silver,4.0,34500.0
44990,chevrolet,corvettestingrayz51,good,8 cylinders,gas,33566.0,clean,other,1G1YM2D74E5124558,rwd,coupe,white,7.0,73500.0
22999,bmw,528ixdriveawd,excellent,4 cylinders,gas,57538.0,clean,automatic,WBA5A7C5XED615509,4wd,sedan,silver,7.0,58000.0
13250,honda,crv,excellent,4 cylinders,gas,114017.0,clean,automatic,5J6RM3H7XCL048052,fwd,SUV,blue,9.0,27200.0
16800,toyota,4runnersr5,excellent,6 cylinders,gas,195624.0,clean,automatic,JTEBU5JR5B5061370,4wd,SUV,black,10.0,36450.0
2995,chevrolet,impala,excellent,6 cylinders,gas,201923.0,clean,automatic,2G1WT57K991138197,fwd,sedan,blue,12.0,25300.0
29900,ram,1500laramielimited,excellent,8 cylinders,gas,103216.0,clean,automatic,1C6RR6PT9FS788300,rwd,truck,grey,6.0,42500.0
8900,subaru,forester,good,4 cylinders,gas,126311.0,clean,automatic,JF2SHBDCXBH732675,4wd,SUV,blue,10.0,242000.0
65995,ram,cummins2500laramie,like new,6 cylinders,diesel,1080.0,clean,automatic,3C6UR5FLXMG511813,4wd,pickup,red,0.0,69200.0
34990,chevrolet,corvettecoupe2d,good,8 cylinders,gas,19502.0,clean,other,1G1YF2DW0A5100804,rwd,coupe,blue,11.0,48900.0
28990,bmw,m3convertible2d,good,8 cylinders,gas,70703.0,clean,other,WBSDX9C57CE785089,rwd,other,silver,9.0,58000.0
34590,toyota,tacomadoublecabsr5,good,6 cylinders,gas,35680.0,clean,other,5TFCZ5AN4KX176828,4wd,pickup,red,2.0,35900.0
25590,nissan,frontiercrewcabsv,good,6 cylinders,gas,38282.0,clean,other,1N6AD0ER2GN742510,fwd,pickup,silver,5.0,30800.0
5300,honda,accord,good,4 cylinders,gas,132000.0,clean,automatic,1HGCM56406A023629,fwd,sedan,grey,15.0,20500.0
5995,subaru,legacy,excellent,4 cylinders,gas,118320.0,clean,automatic,4S3BMBC6XC3036712,4wd,sedan,grey,9.0,24500.0
29995,audi,tt,good,4 cylinders,gas,35652.0,clean,automatic,TRUC5AFV2G1032501,4wd,coupe,black,5.0,42600.0
4475,chevrolet,impala,good,6 cylinders,gas,145159.0,clean,automatic,2G1WT58K181257892,fwd,sedan,brown,13.0,23800.0
3500,chevrolet,cavalier,excellent,4 cylinders,gas,90945.0,clean,automatic,1G1JH12F347100362,fwd,coupe,black,17.0,17495.0
8400,lexus,es350,excellent,6 cylinders,gas,111729.0,rebuilt,automatic,JTHBJ46G472151308,fwd,sedan,black,14.0,36500.0
14995,cadillac,escalade,excellent,8 cylinders,gas,166450.0,clean,automatic,1GYUKBEF2AR153958,4wd,SUV,red,11.0,75495.0
28588,dodge,challengersxt,good,6 cylinders,gas,25978.0,clean,automatic,2C3CDZAG7KH587463,rwd,coupe,red,2.0,29000.0
27500,acura,tlx,good,6 cylinders,gas,21115.0,clean,automatic,19UUB2F54JA012739,fwd,sedan,black,3.0,36000.0
29999,chevrolet,camaro,excellent,8 cylinders,gas,66213.0,clean,automatic,1G1FF3D78G0163869,rwd,convertible,red,5.0,38900.0
14980,jeep,cherokee,good,6 cylinders,gas,135852.0,clean,automatic,1C4PJMBS0EW303902,4wd,SUV,orange,7.0,34495.0
20990,chevrolet,camarosscoupe2d,good,8 cylinders,gas,90543.0,clean,other,2G1FK1EJ0A9148242,rwd,coupe,red,11.0,38500.0
39590,dodge,chargerscatpacksedan4d,good,8 cylinders,gas,22501.0,clean,other,2C3CDXGJ3KH644667,rwd,sedan,black,2.0,39800.0
6300,honda,civic,excellent,4 cylinders,gas,173000.0,clean,manual,2HGFG21567H710071,fwd,coupe,black,14.0,21500.0
38590,gmc,sierra1500doublecabslt,good,8 cylinders,gas,20448.0,clean,other,1GTV2NECXJZ225636,4wd,pickup,silver,3.0,46500.0
56900,ford,f350superduty,excellent,8 cylinders,diesel,19135.0,clean,automatic,1FT8W3BT3KED97879,4wd,truck,white,2.0,60000.0
7999,toyota,camry,excellent,6 cylinders,gas,123240.0,clean,automatic,4T1BF30K25U100400,fwd,sedan,blue,16.0,23995.0
8500,jeep,grandcherokee,excellent,10 cylinders,gas,105722.0,clean,other,1J8GR48K28C112948,4wd,SUV,blue,13.0,32500.0
39590,ford,mustanggtcoupe2d,good,8 cylinders,gas,728.0,clean,other,1FA6P8CF3L5183234,rwd,coupe,blue,1.0,42500.0
4995,bmw,x544iawd,excellent,8 cylinders,gas,214100.0,clean,automatic,5UXFB53596LV23287,4wd,SUV,black,15.0,60500.0
6410,ford,explorerxlt4x4,fair,6 cylinders,gas,204196.0,clean,automatic,1FMZU73K05UB42264,4wd,SUV,black,16.0,30500.0
39590,ford,mustanggtcoupe2d,good,8 cylinders,gas,728.0,clean,other,1FA6P8CF3L5183234,rwd,coupe,blue,1.0,42500.0
6495,jeep,libertylimited4x4,excellent,6 cylinders,gas,119338.0,clean,automatic,1J4GL58K02W286936,4wd,SUV,silver,19.0,29620.0
8499,ford,fusion,good,4 cylinders,gas,108248.0,clean,automatic,3FA6P0H72DR208111,fwd,sedan,grey,8.0,23600.0
6200,toyota,rav4,excellent,4 cylinders,gas,126000.0,clean,automatic,JTMBD33V476042071,4wd,SUV,grey,14.0,24900.0
30990,dodge,challengerrtshaker,good,8 cylinders,gas,36758.0,clean,other,2C3CDZBT6GH232240,rwd,coupe,silver,5.0,31000.0
36590,gmc,yukonsltsportutility4d,good,8 cylinders,gas,79395.0,clean,other,1GKS2BKC1FR647439,4wd,other,silver,6.0,61400.0
26588,ford,f150xl,good,6 cylinders,gas,76435.0,clean,automatic,1FTFX1CG4HKC93504,rwd,pickup,red,4.0,33500.0
24900,chevrolet,camaro,excellent,6 cylinders,gas,26780.0,clean,automatic,1G1FB3DS7K0146473,rwd,convertible,silver,2.0,26200.0
17665,chevrolet,equinox,excellent,4 cylinders,gas,78448.0,clean,automatic,3GNAXSEV4JL122789,4wd,SUV,blue,3.0,28100.0
11980,toyota,tundra,like new,8 cylinders,gas,192317.0,clean,automatic,5TBBV54178S506565,4wd,pickup,silver,13.0,38900.0
13998,toyota,rav4,good,4 cylinders,gas,115678.0,clean,automatic,2T3BFREV2EW143552,4wd,SUV,white,7.0,26790.0
7500,toyota,tundra,good,8 cylinders,gas,162782.0,clean,automatic,5TBET34124S447569,rwd,truck,silver,17.0,29975.0
57995,ford,superdutyf250srw,excellent,8 cylinders,diesel,39144.0,clean,automatic,1FT7W2BT5KEE85323,4wd,pickup,white,2.0,58500.0
9000,toyota,camry,excellent,4 cylinders,gas,104597.0,clean,automatic,4T4BE46KX9R065651,fwd,sedan,silver,12.0,20800.0
5900,honda,crv,excellent,4 cylinders,gas,202940.0,clean,automatic,JHLRE38367C014005,fwd,SUV,black,14.0,24000.0
21590,mercedes-benz,eclasse350,good,6 cylinders,gas,41758.0,clean,other,WDDHF5KB9DA729956,rwd,sedan,silver,8.0,55000.0
42990,cadillac,atsvcoupe2d,good,6 cylinders,gas,40971.0,clean,other,1G6AN1RY7H0198174,rwd,coupe,black,4.0,62600.0
12990,jeep,renegadetrailhawk,excellent,4 cylinders,gas,94190.0,clean,automatic,ZACCJBCT7FPB35054,4wd,SUV,grey,6.0,33000.0
34900,lexus,rx350,like new,6 cylinders,gas,19231.0,clean,automatic,2T2BZMCA6GC004205,4wd,SUV,grey,5.0,44800.0
8990,honda,accordexl,excellent,4 cylinders,gas,115000.0,clean,automatic,1HGCP2F86CA167786,fwd,sedan,grey,9.0,28000.0
39990,ford,f350,good,8 cylinders,gas,99551.0,clean,automatic,1FT8X3B64HEC05532,4wd,truck,black,4.0,50720.0
10490,audi,a6,like new,6 cylinders,gas,112000.0,clean,automatic,WAUFGAFB3BN026163,4wd,sedan,grey,10.0,55900.0
9999,subaru,forester,excellent,4 cylinders,gas,108124.0,clean,automatic,JF2SHBBC9CH421470,4wd,SUV,blue,9.0,24600.0
5475,dodge,caliberrt,excellent,4 cylinders,gas,128914.0,clean,automatic,1B3HB78K78D672011,fwd,hatchback,orange,13.0,19500.0
15995,honda,crv,good,4 cylinders,gas,94417.0,clean,automatic,5J6RM4H71EL029494,4wd,wagon,white,7.0,28400.0
55000,ford,f350superduty,like new,8 cylinders,diesel,139000.0,clean,automatic,1FT8W3BTXHEB89121,4wd,truck,black,4.0,58000.0
59990,ford,superdutyf550drw,good,8 cylinders,diesel,31337.0,clean,automatic,1FD0X5HTXHEB33429,4wd,truck,white,4.0,75600.0
6975,jeep,grandcherokeelimited4x4,excellent,6 cylinders,diesel,178098.0,clean,automatic,1J8HR58M07C637680,4wd,SUV,silver,14.0,43600.0
18999,subaru,imprezawrx,excellent,4 cylinders,gas,97705.0,clean,manual,JF1GV7F6XCG018012,4wd,sedan,blue,9.0,29995.0
33990,dodge,challengerrtshaker,good,8 cylinders,gas,11087.0,clean,other,2C3CDZBT9HH627238,rwd,coupe,red,4.0,33990.0
4499,jeep,liberty,good,6 cylinders,gas,157153.0,clean,automatic,1J4GL48KX2W335005,4wd,SUV,blue,19.0,24000.0
23590,buick,lacrosseessencesedan4d,good,6 cylinders,gas,52821.0,clean,other,1G4ZP5SS4HU192134,fwd,sedan,black,4.0,38400.0
34995,dodge,challengersrt8,excellent,8 cylinders,gas,23607.0,clean,automatic,2C3CDYCJ7CH253728,rwd,coupe,yellow,9.0,40000.0
39995,ram,2500,good,6 cylinders,diesel,169500.0,clean,automatic,3C6UR5PLXEG117566,4wd,truck,white,7.0,59800.0
25990,chevrolet,camaroltcoupe2d,good,6 cylinders,gas,21938.0,clean,other,1G1FB1RS0L0113491,rwd,coupe,green,1.0,27190.0
38990,chevrolet,corvettegrandsport,good,8 cylinders,gas,51525.0,clean,other,1G1YW3DW6D5106133,rwd,other,red,8.0,61400.0
38990,dodge,chargerrtscatpack,good,8 cylinders,gas,14706.0,clean,other,2C3CDXGJ8JH147905,rwd,sedan,red,3.0,39600.0
22995,toyota,tacomaprerunner,good,4 cylinders,gas,107419.0,clean,automatic,5TFJX4GN3FX041957,rwd,pickup,silver,6.0,28900.0
34990,gmc,canyoncrewcabslepickup,good,6 cylinders,gas,34425.0,clean,other,1GTG6CE36G1115577,4wd,pickup,red,5.0,37200.0
34590,chevrolet,corvettecoupe2d,good,8 cylinders,gas,20182.0,clean,other,1G1YF2DWXA5104665,rwd,coupe,red,11.0,49350.0
7450,hyundai,elantra,excellent,4 cylinders,gas,96222.0,clean,automatic,KMHDH4AE9DU500227,fwd,sedan,red,8.0,18800.0
8500,chevrolet,silverado1500,good,8 cylinders,gas,179700.0,clean,automatic,2GCEK19J471633620,4wd,truck,red,14.0,32700.0
33990,toyota,siennaseminivan4d,good,6 cylinders,gas,16607.0,clean,other,5TDXZ3DC4JS923512,fwd,van,white,3.0,35000.0
11949,nissan,altima,excellent,4 cylinders,gas,81667.0,clean,automatic,1N4AL3AP6FC122481,fwd,sedan,red,6.0,23000.0
30990,dodge,challengerrtcoupe2d,good,8 cylinders,gas,38399.0,clean,other,2C3CDZBTXHH561296,rwd,coupe,black,4.0,33500.0
28990,bmw,m3convertible2d,good,8 cylinders,gas,70703.0,clean,other,WBSDX9C57CE785089,rwd,other,silver,9.0,70000.0
37590,chevrolet,blazerrssport,good,6 cylinders,gas,19363.0,clean,other,3GNKBERS9KS696221,fwd,other,black,2.0,45500.0
43900,ford,superdutyf250srw,excellent,8 cylinders,diesel,118000.0,clean,automatic,1FT7W2BT3GEA11393,4wd,truck,black,5.0,55900.0
20995,ford,superdutyf350srw,excellent,8 cylinders,diesel,211298.0,clean,automatic,1FTWW31R98EA47287,4wd,pickup,black,13.0,39200.0
23999,cadillac,srx,excellent,6 cylinders,gas,36372.0,clean,automatic,3GYFNBE38ES587164,fwd,SUV,brown,7.0,39900.0
6988,chevrolet,malibu,like new,4 cylinders,gas,128017.0,clean,automatic,1G1ZD5E00CF212151,fwd,sedan,white,9.0,24200.0
18985,volkswagen,tiguanwolfsburg,excellent,4 cylinders,gas,38000.0,clean,automatic,WVGSV7AX0HK014202,4wd,SUV,white,4.0,33900.0
16588,lexus,gx470,excellent,8 cylinders,gas,133050.0,rebuilt,automatic,JTJBT20X860111328,4wd,SUV,black,15.0,57000.0
34995,ford,f150,good,6 cylinders,gas,91118.0,clean,automatic,1FTEW1EG5FFB02206,4wd,truck,white,6.0,40400.0
33990,gmc,sierra1500doublecabsle,good,6 cylinders,gas,24299.0,clean,other,1GTV2MEHXJZ346690,4wd,pickup,white,3.0,40700.0
10995,ford,fusion,excellent,4 cylinders,gas,100000.0,clean,automatic,3FA6P0HD7HR110980,fwd,sedan,grey,4.0,25000.0
11495,dodge,charger,good,6 cylinders,gas,122635.0,clean,automatic,2C3CDXHG7CH140272,rwd,sedan,grey,9.0,27000.0
10500,honda,accordsdn,excellent,4 cylinders,gas,78036.0,clean,automatic,1HGCP2F81BA071868,fwd,sedan,blue,10.0,25700.0
18995,acura,mdx,like new,6 cylinders,gas,89661.0,clean,automatic,5FRYD3H24GB016789,4wd,SUV,grey,5.0,42500.0
31990,ram,1500crewcabexpresspickup,good,8 cylinders,gas,15498.0,clean,other,3C6RR7KT2HG689972,4wd,pickup,silver,4.0,42700.0
7900,fiat,500,good,4 cylinders,gas,52434.0,clean,automatic,3C3CFFAR4CT370987,fwd,hatchback,brown,9.0,16000.0
22981,toyota,tacoma,excellent,4 cylinders,gas,92215.0,clean,automatic,5TFRX5GN0JX109410,rwd,truck,white,3.0,33100.0
7595,jeep,patriotlatitude,like new,4 cylinders,gas,172327.0,clean,automatic,1C4NJPFB3ED547929,fwd,SUV,black,7.0,22000.0
29590,ford,expeditionxltsport,good,6 cylinders,gas,70760.0,clean,other,1FMJU1JT1HEA52352,4wd,SUV,blue,4.0,49000.0
10795,ford,f150,good,8 cylinders,gas,221386.0,clean,automatic,1FTPW14V79FA25156,4wd,truck,black,12.0,30000.0
23990,chrysler,300limitedsedan4d,good,6 cylinders,gas,29427.0,clean,other,2C3CCAEG7JH194155,rwd,sedan,silver,3.0,35700.0
17800,bmw,320isedan,excellent,4 cylinders,gas,44100.0,clean,automatic,WBA8A9C54GK616632,rwd,sedan,red,5.0,33000.0
18990,ford,mustang,excellent,8 cylinders,gas,84099.0,clean,automatic,1ZVBP8CF4E5239335,rwd,coupe,silver,7.0,39500.0
23850,bmw,x3,excellent,4 cylinders,gas,59800.0,clean,automatic,5UXWX9C33H0T22271,4wd,wagon,silver,4.0,40500.0
6050,chevrolet,traversels,excellent,6 cylinders,gas,120321.0,clean,automatic,1GNKVEED5CJ422855,4wd,SUV,silver,9.0,32700.0
19500,volvo,xc60t5driveepremier,excellent,6 cylinders,gas,51905.0,clean,automatic,YV440MDK9F2717155,fwd,SUV,custom,6.0,42300.0
23477,ford,transitconnect,excellent,4 cylinders,gas,17908.0,clean,automatic,NM0GE9F78G1249737,fwd,mini-van,red,5.0,24300.0
38900,toyota,4runner,excellent,6 cylinders,gas,73000.0,clean,automatic,JTEBU5JR4H5429529,4wd,SUV,grey,4.0,40800.0
22590,dodge,grandcaravanpassenger,good,6 cylinders,other,40295.0,clean,other,2C4RDGCG8KR744760,fwd,van,silver,2.0,28995.0
11490,volkswagen,beetlefenderedition,good,4 cylinders,gas,63730.0,clean,automatic,3VWVT7ATXDM685509,fwd,hatchback,black,8.0,22750.0
2400,honda,civic,fair,4 cylinders,gas,180000.0,clean,manual,2HGES25711H563770,fwd,sedan,black,20.0,15500.0
19900,jeep,grandcherokee,excellent,6 cylinders,gas,107000.0,clean,automatic,1C4RJFBG1GC319997,4wd,SUV,black,5.0,38995.0
40590,ford,f250superdutyregularcab,good,8 cylinders,other,9313.0,clean,other,1FTBF2B65KEC91136,4wd,pickup,white,2.0,47340.0
31800,ford,f350sd,good,8 cylinders,diesel,93423.0,clean,automatic,1FTBF3BT8EEA28607,4wd,truck,silver,7.0,60000.0
29590,ford,expeditionxltsport,good,6 cylinders,gas,70760.0,clean,other,1FMJU1JT1HEA52352,4wd,SUV,blue,4.0,48700.0
33899,ford,f150,good,6 cylinders,gas,47193.0,clean,automatic,1FTEX1EP6GFC45017,4wd,truck,grey,5.0,38500.0
30900,chevrolet,silverado1500,excellent,8 cylinders,gas,113000.0,clean,automatic,3GCUKREC2FG287865,4wd,truck,red,6.0,38500.0
8995,mercury,mountaineer,excellent,8 cylinders,gas,75746.0,clean,automatic,4M2EU48807UJ23032,4wd,SUV,black,14.0,39200.0
29900,toyota,highlander,excellent,6 cylinders,gas,11628.0,clean,automatic,5TDZZRFH9KS369082,fwd,wagon,silver,2.0,34200.0
43900,ford,superdutyf250srw,excellent,8 cylinders,diesel,118000.0,clean,automatic,1FT7W2BT3GEA11393,4wd,truck,black,5.0,60000.0
6995,chevrolet,equinox,excellent,4 cylinders,gas,120960.0,clean,automatic,2GNFLEEK6C6148780,4wd,SUV,silver,9.0,29995.0
16900,ford,explorer,good,6 cylinders,gas,151260.0,clean,automatic,1FM5K8D85GGB52481,4wd,wagon,black,5.0,38500.0
16990,toyota,tundrasr54x4,excellent,8 cylinders,gas,92675.0,clean,automatic,5TBDT441X6S524645,4wd,truck,custom,15.0,29530.0
8900,subaru,forester,good,4 cylinders,gas,152840.0,clean,automatic,JF2SHABC4BH741899,4wd,SUV,black,10.0,23900.0
24990,chevrolet,camaroltconvertible,good,6 cylinders,gas,28068.0,clean,other,1G1FB3DSXK0111118,rwd,other,white,2.0,26500.0
19999,ram,1500slt,good,8 cylinders,gas,130149.0,clean,automatic,1C6RR7GT5ES365377,4wd,truck,grey,7.0,41400.0
52990,ford,superdutyf550drw,good,8 cylinders,diesel,15886.0,clean,automatic,1FDUF5HT8EEB30478,4wd,truck,white,7.0,59000.0
5900,chevrolet,hhr,good,4 cylinders,gas,93004.0,clean,automatic,3GNBAADB7AS549218,fwd,van,silver,11.0,19000.0
17900,honda,civic,excellent,4 cylinders,gas,26831.0,clean,automatic,2HGFC2F58HH556999,fwd,sedan,red,4.0,19800.0
6995,hyundai,santafe,excellent,4 cylinders,gas,114000.0,clean,automatic,5NMSGDAB4AH370574,4wd,SUV,silver,11.0,24650.0
19995,infiniti,qx80,excellent,8 cylinders,gas,124268.0,clean,automatic,JN8AZ2NE1E9065733,4wd,SUV,silver,7.0,65700.0
11996,cadillac,srxluxurycollection,good,6 cylinders,other,90454.0,clean,automatic,3GYFNAEY8BS565022,fwd,other,silver,10.0,41200.0
33990,chevrolet,silverado1500double,good,8 cylinders,gas,46649.0,clean,other,1GCVKREC5GZ322730,4wd,pickup,black,5.0,40460.0
17999,kia,soullx,like new,4 cylinders,gas,8908.0,clean,automatic,KNDJ23AU4L7107243,fwd,wagon,grey,1.0,20300.0
16995,ford,edgeselawd,excellent,6 cylinders,gas,67720.0,clean,automatic,2FMDK4JC1EBA72810,4wd,SUV,silver,7.0,30700.0
8500,ford,edge,excellent,6 cylinders,gas,162003.0,clean,automatic,2FMDK3KC6DBA36294,fwd,SUV,white,8.0,33400.0
48900,chevrolet,silverado2500hdltz,like new,8 cylinders,diesel,43034.0,rebuilt,automatic,1GC1KWEYXJF108821,4wd,truck,black,3.0,62800.0
41000,bmw,750i,excellent,8 cylinders,gas,38000.0,rebuilt,automatic,WBA7F2C55JG423906,4wd,sedan,grey,3.0,150000.0
37900,chevrolet,silverado1500,excellent,8 cylinders,gas,23000.0,clean,automatic,1GCVKREC7JZ106854,4wd,truck,black,3.0,38500.0
10495,ford,fusionseecoboost,excellent,4 cylinders,gas,142000.0,clean,automatic,1FA6P0HD7F5120540,fwd,sedan,silver,6.0,22770.0
17995,chevrolet,tahoelt4x4,excellent,8 cylinders,gas,91953.0,clean,automatic,1GNSK4E05ER162686,4wd,SUV,silver,7.0,46610.0
15995,hyundai,sonatasport,excellent,4 cylinders,gas,42054.0,clean,automatic,5NPE34AF3JH715477,fwd,sedan,black,3.0,23650.0
39600,volvo,xc90t6,excellent,4 cylinders,gas,55563.0,clean,automatic,YV4A22PN8G1003208,4wd,SUV,black,5.0,60000.0
21950,toyota,highlanderxle,excellent,6 cylinders,gas,59000.0,clean,automatic,5TDJKRFH8ES031646,4wd,SUV,red,7.0,40500.0
2700,ford,escape,excellent,6 cylinders,gas,212291.0,clean,automatic,1FMCU04111KF77853,4wd,SUV,red,20.0,23880.0
7488,honda,crvexlsuv,good,4 cylinders,gas,144575.0,clean,automatic,JHLRE38797C034168,fwd,SUV,black,14.0,26500.0
13495,honda,civic,like new,4 cylinders,gas,4500.0,rebuilt,automatic,2HGFC2F64LH599060,fwd,sedan,blue,1.0,21550.0
7850,chevrolet,tahoelt4x4,good,8 cylinders,gas,161904.0,clean,automatic,1GNEK13Z83J281065,4wd,SUV,blue,18.0,40980.0
12979,volkswagen,tiguan,good,4 cylinders,gas,64347.0,clean,automatic,WVGAV7AX8GW603758,fwd,SUV,black,5.0,24900.0
7995,toyota,prius,like new,4 cylinders,hybrid,138750.0,clean,automatic,JTDKN3DUXD5548413,fwd,hatchback,white,8.0,24500.0
34999,kia,stinger,excellent,6 cylinders,gas,17995.0,clean,automatic,KNAE35LC9K6045208,4wd,sedan,white,2.0,48990.0
31990,ram,1500quadcabharvestpickup,good,6 cylinders,gas,27426.0,clean,other,1C6RR7GG8JS247420,4wd,pickup,white,3.0,38400.0
21990,chrysler,pacificatouringl,good,6 cylinders,gas,20941.0,clean,other,2C4RC1BG8HR796612,fwd,van,silver,4.0,35800.0
6900,ford,f150xl,good,8 cylinders,gas,212000.0,clean,automatic,1FTMF1EW8AKE66140,4wd,truck,white,11.0,35100.0
52990,chevrolet,corvettestingrayz51,good,8 cylinders,gas,14712.0,clean,other,1G1YH2D70H5119107,rwd,coupe,black,4.0,57000.0
21995,chevrolet,silverado2500hd,excellent,8 cylinders,gas,68574.0,clean,automatic,1GCHK24K37E556918,4wd,truck,blue,14.0,32500.0
5999,toyota,prius,good,4 cylinders,gas,86900.0,rebuilt,automatic,JTDKB20U783415943,fwd,hatchback,grey,13.0,23800.0
32990,ram,1500quadcabharvestpickup,good,6 cylinders,gas,29979.0,clean,other,1C6RR7GG9JS229010,4wd,pickup,black,3.0,40580.0
6677,hyundai,sonata,excellent,4 cylinders,gas,149712.0,clean,manual,5NPEB4AC6CH311228,fwd,sedan,blue,9.0,19500.0
9495,honda,accordexl,excellent,6 cylinders,gas,85000.0,clean,automatic,1HGCS22889A001184,fwd,coupe,white,12.0,29600.0
11450,hyundai,elantra,excellent,4 cylinders,gas,75526.0,clean,automatic,KMHD74LF7HU084127,fwd,sedan,silver,4.0,18995.0
11733,toyota,camry,excellent,4 cylinders,gas,93083.0,clean,automatic,4T4BF1FK7ER406834,fwd,sedan,grey,7.0,24000.0
3500,toyota,camry,excellent,4 cylinders,gas,222000.0,clean,automatic,4T1BE32K05U082916,fwd,sedan,red,16.0,20700.0
48995,ram,3500laramie,good,6 cylinders,diesel,137510.0,clean,automatic,3C63RRML4FG508883,rwd,pickup,white,6.0,57000.0
7495,volkswagen,passat,excellent,4 cylinders,diesel,157118.0,clean,automatic,1VWBN7A39DC145213,fwd,sedan,grey,8.0,26900.0
16781,ford,f150,good,6 cylinders,gas,81288.0,clean,automatic,1FTEX1CM3EKE41705,rwd,truck,blue,7.0,28450.0
21307,chevrolet,silverado1500,good,8 cylinders,gas,137515.0,clean,automatic,3GCUKREC6EG223150,4wd,truck,black,7.0,40500.0
38495,ford,f150xltsupercrew4x4,excellent,8 cylinders,gas,59000.0,clean,automatic,1FTEW1EF1GFC30547,4wd,truck,grey,5.0,45200.0
33990,jaguar,xjxjlportfoliosedan4d,good,6 cylinders,other,28153.0,clean,other,SAJWA2GZ8F8V89026,rwd,sedan,green,6.0,81900.0
12800,jeep,grandcherokee,excellent,6 cylinders,gas,105000.0,clean,automatic,1C4RJFAG9CC292432,4wd,SUV,red,9.0,36400.0
17998,jeep,renegade,good,4 cylinders,gas,95681.0,clean,automatic,ZACCJBDB4HPF10178,4wd,SUV,black,4.0,27895.0
34590,chevrolet,silverado1500double,good,6 cylinders,gas,29499.0,clean,other,1GCVKREH6GZ228691,4wd,pickup,silver,5.0,40500.0
14355,lincoln,mkz,excellent,4 cylinders,gas,72968.0,clean,automatic,3LN6L2G91ER826635,fwd,sedan,white,7.0,33900.0
29590,ford,expeditionxltsport,good,6 cylinders,gas,70760.0,clean,other,1FMJU1JT1HEA52352,4wd,SUV,blue,4.0,52220.0
12999,acura,tl,excellent,6 cylinders,gas,120865.0,clean,automatic,19UUA8F55CA004867,fwd,sedan,grey,9.0,39900.0
16900,subaru,forester,excellent,4 cylinders,gas,99056.0,clean,automatic,JF2SJADC3GH451338,4wd,SUV,custom,5.0,27395.0
27900,dodge,grandcaravan,like new,6 cylinders,gas,47500.0,clean,automatic,2C4RDGCG3HR589270,fwd,mini-van,white,4.0,28495.0
30590,dodge,challengerrtcoupe2d,good,8 cylinders,gas,5937.0,clean,other,2C3CDZBT2GH316605,rwd,coupe,black,5.0,32000.0
6000,toyota,camryse,good,4 cylinders,gas,211457.0,clean,automatic,4T1BE46KX8U234463,fwd,sedan,red,13.0,23500.0
38590,chevrolet,corvettegrandsport,good,8 cylinders,gas,32086.0,clean,automatic,1G1YW3DW4C5101754,rwd,convertible,white,9.0,60400.0
37990,chevrolet,corvettegrandsport,good,8 cylinders,other,56302.0,clean,other,1G1YS3DW5A5103103,rwd,other,red,11.0,58100.0
31886,ram,1500,like new,8 cylinders,gas,35327.0,clean,automatic,1C6RR6TT5KS716283,rwd,truck,silver,2.0,41700.0
5900,chevrolet,silverado1500,good,8 cylinders,gas,155122.0,clean,automatic,2GCEC19TX41317035,rwd,truck,grey,17.0,25880.0
8995,bmw,z4,excellent,6 cylinders,gas,118165.0,clean,manual,4USBU33586LW59404,rwd,other,blue,15.0,42000.0
2000,pontiac,montanasv6,excellent,6 cylinders,gas,215391.0,clean,automatic,1GMDV33L25D210640,fwd,mini-van,brown,16.0,27260.0
7995,chevrolet,cruze,good,4 cylinders,gas,84064.0,clean,automatic,1G1PC5SB6E7241957,fwd,sedan,red,7.0,19500.0
6470,ford,f150,excellent,8 cylinders,gas,204670.0,clean,automatic,1FTMF1CW5AKE64562,rwd,pickup,white,11.0,28500.0
24590,chrysler,300touringlsedan4d,good,6 cylinders,gas,12702.0,clean,other,2C3CCAAG0JH121229,rwd,sedan,black,3.0,35000.0
8800,lexus,es350,like new,6 cylinders,gas,85000.0,clean,automatic,JTHBJ46G582267084,fwd,sedan,black,13.0,35000.0
35990,ford,mustanggtpremiumcoupe2d,good,8 cylinders,gas,4899.0,clean,other,1FA6P8CF9F5375018,rwd,coupe,red,6.0,41195.0
18900,jaguar,xj,excellent,6 cylinders,gas,83663.0,clean,automatic,SAJWA2GB2BLV14624,fwd,sedan,black,10.0,85900.0
9500,ford,transitconnect,excellent,4 cylinders,gas,219581.0,clean,automatic,NM0LS7F7XE1147431,fwd,van,white,7.0,23900.0
7700,toyota,highlanderhybrid,excellent,6 cylinders,hybrid,164635.0,clean,automatic,JTEEW21A960009808,4wd,SUV,silver,15.0,29200.0
10995,dodge,challenger,good,6 cylinders,gas,126232.0,clean,automatic,2C3CDYAG2CH155813,rwd,coupe,silver,9.0,25000.0
10499,ford,fusionse,excellent,4 cylinders,gas,73011.0,clean,automatic,3FA6P0H79DR259802,fwd,sedan,red,8.0,23900.0
14975,infiniti,qx56,excellent,8 cylinders,gas,177103.0,clean,automatic,JN8AZ2NE4B9004744,4wd,SUV,black,10.0,60500.0
31990,ram,1500quadcabharvestpickup,good,6 cylinders,gas,27426.0,clean,other,1C6RR7GG8JS247420,4wd,pickup,white,3.0,37500.0
29990,chevrolet,coloradoextendedcab,good,6 cylinders,gas,17302.0,clean,other,1GCHTCE37G1186784,4wd,pickup,red,5.0,34500.0
8999,ford,mustang,excellent,8 cylinders,gas,169156.0,clean,manual,1ZVFT82HX65216384,rwd,coupe,silver,15.0,28500.0
23900,rover,discoverysport,excellent,4 cylinders,gas,60412.0,clean,automatic,SALCR2BG3GH553173,4wd,SUV,black,5.0,38500.0
37990,toyota,tundradoublecabsr,good,8 cylinders,gas,22870.0,clean,other,5TFUM5F13GX069124,4wd,pickup,black,5.0,45000.0
5499,ford,focus,excellent,4 cylinders,gas,113000.0,clean,automatic,1FAFP34N77W255352,fwd,sedan,blue,14.0,16000.0
31990,ram,1500quadcabharvestpickup,good,6 cylinders,gas,27426.0,clean,other,1C6RR7GG8JS247420,4wd,pickup,white,3.0,39600.0
7500,kia,sorento,excellent,6 cylinders,gas,153149.0,clean,automatic,5XYKTDA27CG297273,4wd,SUV,black,9.0,30500.0
12980,honda,accord,like new,4 cylinders,gas,121993.0,clean,manual,1HGCR2E54EA081204,fwd,sedan,black,7.0,23500.0
5495,infiniti,fx35,good,6 cylinders,gas,181986.0,clean,automatic,JNRAS08W06X201565,4wd,SUV,blue,15.0,41500.0
62995,lincoln,aviator,excellent,6 cylinders,gas,4739.0,clean,automatic,5LM5J7XC1LGL11470,4wd,SUV,silver,1.0,68800.0
15995,lexus,rx350,like new,6 cylinders,gas,134406.0,clean,automatic,2T2ZK1BA7DC091093,fwd,SUV,silver,8.0,42500.0
11900,cadillac,ats,like new,4 cylinders,gas,98088.0,clean,automatic,1G6AA5RA1E0129465,rwd,sedan,red,7.0,35000.0
10995,subaru,forester,excellent,4 cylinders,gas,113000.0,clean,automatic,JF2SJABC6FH425253,4wd,SUV,silver,6.0,24500.0
30590,dodge,challengerrtcoupe2d,good,8 cylinders,gas,5720.0,clean,other,2C3CDZBT2GH316605,rwd,coupe,black,5.0,32195.0
23900,volkswagen,tiguan,excellent,4 cylinders,gas,19156.0,clean,automatic,3VV3B7AX7JM087116,fwd,SUV,red,3.0,27500.0
15995,lexus,es350luxury,excellent,6 cylinders,gas,99770.0,clean,automatic,JTHBK1GG6D2008429,fwd,sedan,silver,8.0,38900.0
9995,kia,optimalx,like new,4 cylinders,gas,110247.0,clean,automatic,5XXGM4A78FG371145,fwd,sedan,red,6.0,22900.0
5995,volkswagen,jettasedan,excellent,4 cylinders,gas,147326.0,clean,automatic,3VW267AJ2GM237763,fwd,sedan,black,5.0,18400.0
30900,chevrolet,silverado1500,excellent,8 cylinders,gas,113000.0,clean,automatic,3GCUKREC2FG287865,4wd,truck,red,6.0,38880.0
7500,honda,civic,good,4 cylinders,gas,93000.0,clean,automatic,19XFA1F34BE032264,fwd,sedan,grey,10.0,18950.0
39590,ram,1500crewcablaramiepickup,good,8 cylinders,gas,55804.0,clean,other,1C6SRFRT5KN735634,4wd,pickup,brown,2.0,50380.0
32200,subaru,forester,like new,4 cylinders,gas,10324.0,clean,automatic,JF2SKAUC6KH436175,4wd,SUV,silver,2.0,33500.0
11900,cadillac,ats,excellent,4 cylinders,gas,107053.0,clean,automatic,1G6AB5RA9D0128527,fwd,sedan,brown,8.0,35995.0
37990,chevrolet,camarosscoupe2d,good,8 cylinders,gas,9704.0,clean,other,1G1FF1R79G0140582,rwd,coupe,red,5.0,40500.0
26950,ford,f350superdutylariat,excellent,8 cylinders,diesel,125733.0,clean,automatic,1FTWW31P15ED11162,4wd,truck,white,16.0,43500.0
10900,subaru,forester,good,4 cylinders,gas,88960.0,clean,automatic,JF2SHBDC9BH751315,4wd,SUV,silver,10.0,25000.0
34990,jeep,grandcherokeetrailhawk,good,6 cylinders,gas,37509.0,clean,other,1C4RJFLG1JC138453,4wd,other,black,3.0,45600.0
29995,jeep,wranglerjk,good,6 cylinders,gas,83867.0,clean,automatic,1C4BJWDG7JL883627,4wd,SUV,black,3.0,34345.0
24444,hyundai,kona,like new,4 cylinders,gas,5925.0,clean,automatic,KM8K62AA2KU255301,fwd,sedan,red,2.0,24900.0
10999,ford,fusion,like new,4 cylinders,gas,3289.0,clean,automatic,3FA6P0G77GR177041,fwd,sedan,white,5.0,22000.0
27990,gmc,sierra2500hdextendedcab,good,8 cylinders,gas,68696.0,clean,other,1GT220CG8CZ231238,4wd,pickup,black,9.0,39600.0
11495,honda,accord,good,4 cylinders,gas,107882.0,clean,automatic,1HGCR2E54DA212582,fwd,sedan,black,8.0,23900.0
9888,toyota,tacoma,good,6 cylinders,gas,200000.0,clean,automatic,5TEGN92N41Z853287,rwd,truck,black,20.0,20800.0
24990,chrysler,300touringlsedan4d,good,6 cylinders,gas,12702.0,clean,other,2C3CCAAG0JH121229,rwd,sedan,black,3.0,33500.0
9991,cadillac,ats,excellent,4 cylinders,gas,115000.0,clean,automatic,1G6AA5RA6D0149998,rwd,sedan,white,8.0,33800.0
12388,chevrolet,camaro1ls,good,6 cylinders,gas,106678.0,clean,manual,2G1FE1ED2B9208783,rwd,coupe,silver,10.0,23300.0
7900,ram,1500laramie,excellent,8 cylinders,gas,204000.0,clean,automatic,1D7HA18287S100802,rwd,truck,silver,14.0,26500.0
14500,chevrolet,traxlt,like new,4 cylinders,gas,28722.0,clean,automatic,KL7CJLSBXKB910141,fwd,SUV,white,2.0,21500.0
10995,volkswagen,passat,good,4 cylinders,gas,86268.0,clean,automatic,1VWCT7A33EC010398,4wd,sedan,black,7.0,30500.0
31750,ford,f150,excellent,8 cylinders,gas,153234.0,clean,automatic,1FTEW1E53JKF27762,4wd,truck,black,3.0,46500.0
18500,jeep,wrangler,good,6 cylinders,gas,73620.0,clean,automatic,1J4FA39S45P386413,4wd,SUV,black,16.0,24000.0
26000,toyota,tacomadoublecab,excellent,6 cylinders,gas,98820.0,clean,automatic,3TMLU4EN3FM188564,4wd,truck,white,6.0,32900.0
39590,ford,mustanggtpremiumcoupe2d,good,8 cylinders,gas,1419.0,clean,other,1FA6P8CF5L5136223,rwd,coupe,white,1.0,43000.0
8199,chevrolet,traverseltawd,good,6 cylinders,gas,141490.0,clean,automatic,1GNKVGED2BJ163249,4wd,SUV,grey,10.0,36700.0
13995,volkswagen,jetta,like new,4 cylinders,gas,33328.0,clean,automatic,3VW2B7AJ8HM366524,fwd,sedan,black,4.0,19700.0
23990,honda,odysseyexlminivan4d,good,6 cylinders,gas,43087.0,clean,other,5FNRL5H6XFB112433,fwd,van,blue,6.0,36400.0
35990,jeep,wranglersportsuv2d,good,6 cylinders,gas,2600.0,clean,other,1C4GJXAG9MW578780,4wd,other,yellow,0.0,36690.0
11915,ford,fusionse,excellent,4 cylinders,gas,97963.0,clean,automatic,3FA6P0H76FR130564,fwd,sedan,silver,6.0,22500.0
34990,ford,f150supercrewcabxl,good,6 cylinders,gas,35965.0,clean,automatic,1FTEW1EP8JFB66460,4wd,pickup,red,3.0,38500.0
36995,chevrolet,silverado1500,good,8 cylinders,gas,69521.0,clean,automatic,3GCUKREC6JG172503,4wd,truck,red,3.0,40400.0
28590,acura,rdxtechnologyand,good,6 cylinders,gas,22703.0,clean,other,5J8TB3H58JL012150,fwd,other,blue,3.0,39400.0
5999,fiat,500,excellent,4 cylinders,gas,105000.0,clean,manual,3C3CFFHH2DT620175,fwd,hatchback,grey,8.0,19900.0
24900,gmc,yukon,excellent,8 cylinders,gas,111000.0,clean,automatic,1GKS2EEFXCR278017,4wd,SUV,black,9.0,70565.0
33990,jeep,wranglerunlimitedsahara,good,6 cylinders,other,34152.0,clean,other,1C4HJWEG5HL696454,4wd,SUV,white,4.0,38500.0
7990,kia,soulplus,good,4 cylinders,gas,135113.0,clean,automatic,KNDJP3A50E7007850,fwd,wagon,brown,7.0,19000.0
37990,dodge,challengerrtscatpack,good,8 cylinders,gas,22869.0,clean,other,2C3CDZFJ6JH269367,rwd,coupe,silver,3.0,44700.0
34590,ford,mustanggtpremium,good,8 cylinders,gas,30970.0,clean,other,1FATP8FF6F5341651,rwd,other,white,6.0,39400.0
2950,dodge,chargersxt,good,6 cylinders,gas,103000.0,salvage,automatic,2B3CA3CV0AH258973,rwd,coupe,white,11.0,25000.0
12495,ford,escape,excellent,4 cylinders,gas,122646.0,clean,automatic,1FMCU0GD6HUA69351,fwd,SUV,silver,4.0,26500.0
23590,buick,enclavepremiumsport,good,6 cylinders,gas,79136.0,clean,other,5GAKRCKD4FJ155025,fwd,other,white,6.0,47100.0
3000,dodge,durango4x4,fair,6 cylinders,gas,180085.0,clean,automatic,1D4HB28N76F127724,4wd,SUV,red,15.0,30345.0
17000,chevrolet,silverado1500hybrid,good,8 cylinders,hybrid,138000.0,clean,automatic,3GCUKUEJ5BG302336,4wd,truck,blue,10.0,41000.0
4999,jeep,patriotsport4x4,good,4 cylinders,gas,152300.0,clean,automatic,1C4NJRBBXDD249040,4wd,SUV,grey,8.0,22800.0
8950,mazda,cx5sport,good,4 cylinders,gas,170231.0,clean,automatic,JM3KE2BE9F0466900,fwd,SUV,grey,6.0,21900.0
17995,audi,a4,good,4 cylinders,gas,65808.0,clean,automatic,WAUFFAFL4FN008711,4wd,sedan,silver,6.0,42000.0
11900,nissan,versa,excellent,4 cylinders,gas,29826.0,clean,automatic,3N1CN7AP7KL843270,fwd,sedan,black,2.0,15300.0
36990,gmc,sierra2500hddoublecab,good,8 cylinders,gas,23190.0,clean,other,1GT22REG1GZ401351,4wd,pickup,black,5.0,42180.0
10995,ford,edge,excellent,6 cylinders,gas,136520.0,clean,automatic,2FMDK4GC5EBB67801,4wd,SUV,black,7.0,28700.0
9995,ford,focus,excellent,4 cylinders,gas,41000.0,clean,automatic,1FADP3K21DL177941,fwd,sedan,silver,8.0,19720.0
39995,ram,2500diesel,like new,6 cylinders,diesel,78187.0,clean,automatic,3C6UR5HLXHG720164,4wd,pickup,white,4.0,48600.0
23765,chrysler,300,excellent,6 cylinders,gas,33000.0,clean,automatic,2C3CCAGG6GH278442,4wd,sedan,black,5.0,38500.0
7395,ford,escapexlt,excellent,6 cylinders,gas,74264.0,clean,automatic,1FMYU93166KA37966,4wd,SUV,green,15.0,27000.0
45300,ram,3500bighorn,excellent,6 cylinders,diesel,34125.0,rebuilt,automatic,3C63R3LL4JG236634,4wd,truck,black,3.0,56300.0
31990,ram,1500crewcabexpresspickup,good,8 cylinders,gas,15498.0,clean,other,3C6RR7KT2HG689972,4wd,pickup,silver,4.0,41100.0
37590,ford,f150supercrewcabking,good,6 cylinders,gas,72947.0,clean,automatic,1FTEW1EG0HFB64650,4wd,pickup,black,4.0,44800.0
19987,ford,transitcargovan,good,6 cylinders,gas,105130.0,clean,automatic,1FTNR2ZG4FKA86983,rwd,van,white,6.0,35000.0
29990,toyota,tacomadoublecabpickup,good,6 cylinders,gas,43182.0,clean,other,3TMLU4EN4CM085701,4wd,pickup,white,9.0,31600.0
32995,ram,deiselcummins3500,like new,6 cylinders,diesel,157967.0,clean,automatic,3C63R3CL3FG518495,4wd,truck,white,6.0,48500.0
7995,ford,transitconnect,good,4 cylinders,gas,189834.0,clean,automatic,NM0LS6AN1BT047475,fwd,van,white,10.0,22950.0
36590,chevrolet,camarosscoupe2d,good,8 cylinders,gas,14020.0,clean,other,1G1FE1R76H0165878,rwd,coupe,blue,4.0,38500.0
17500,ram,2500,good,8 cylinders,gas,174450.0,clean,automatic,3C6TR5HT4DG551524,4wd,truck,white,8.0,38500.0
14177,chevrolet,trax,excellent,4 cylinders,gas,47842.0,clean,automatic,KL7CJPSB5HB059849,4wd,wagon,silver,4.0,25000.0
27590,lincoln,mkxselectsportutility,good,6 cylinders,other,23818.0,clean,other,2LMPJ6KP4JBL17661,fwd,SUV,blue,3.0,41170.0
21990,mercedes-benz,sclass,excellent,8 cylinders,gas,69363.0,clean,automatic,WDDNG7BBXBA404502,rwd,sedan,silver,10.0,105000.0
27990,gmc,sierra2500hdextendedcab,good,8 cylinders,gas,68696.0,clean,other,1GT220CG8CZ231238,4wd,pickup,black,9.0,39500.0
27990,gmc,sierra2500hdextendedcab,good,8 cylinders,gas,68696.0,clean,other,1GT220CG8CZ231238,4wd,pickup,black,9.0,41000.0
14450,chevrolet,corvette,excellent,8 cylinders,gas,87000.0,rebuilt,automatic,1G1YY22G525123955,rwd,coupe,silver,19.0,45000.0
6495,kia,sorento,like new,6 cylinders,gas,187003.0,clean,automatic,KNDJD736875678431,fwd,SUV,custom,14.0,24000.0
30590,jeep,wranglerrubiconsport,good,6 cylinders,gas,59322.0,clean,other,1C4BJWCGXGL165497,4wd,SUV,black,5.0,41995.0
33995,ram,1500,excellent,8 cylinders,gas,138080.0,clean,automatic,1C6RR7YT6GS409548,4wd,pickup,grey,5.0,40800.0
13950,toyota,corollale,like new,4 cylinders,gas,68799.0,clean,automatic,2T1BURHE6HC909332,fwd,sedan,grey,4.0,18900.0
13500,chevrolet,colorado,good,4 cylinders,gas,80725.0,clean,automatic,1GCJTBF91B8111416,4wd,pickup,red,10.0,26000.0
23590,chevrolet,camaroltcoupe2d,good,6 cylinders,gas,24821.0,clean,other,2G1FB1E31E9225885,rwd,coupe,yellow,7.0,30100.0
15950,honda,civiclx,like new,4 cylinders,gas,20000.0,clean,automatic,19XFC2F5XHE079146,fwd,sedan,grey,4.0,19300.0
17495,hyundai,konasel,like new,4 cylinders,gas,1000.0,rebuilt,automatic,KM8K2CAA8LU488330,4wd,SUV,red,1.0,30400.0
6440,chevrolet,impalalt,good,6 cylinders,gas,80874.0,clean,automatic,2G1WT57N691109220,fwd,sedan,white,12.0,25300.0
5991,kia,rio,excellent,4 cylinders,gas,140567.0,clean,automatic,KNADM5A33D6229400,fwd,sedan,black,8.0,14300.0
29990,chevrolet,coloradoextendedcab,good,6 cylinders,gas,17302.0,clean,other,1GCHTCE37G1186784,4wd,pickup,red,5.0,36400.0
13900,dodge,challenger,excellent,6 cylinders,gas,126888.0,clean,automatic,2B3CJ4DV9AH313943,rwd,coupe,white,11.0,24550.0
25990,mercedes-benz,eclasse550,good,8 cylinders,gas,42045.0,clean,automatic,WDDKJ7DB6DF216826,rwd,coupe,white,8.0,60000.0
2885,ford,explorerxlt,good,6 cylinders,gas,184603.0,clean,automatic,1FMZU72K83ZB29697,4wd,SUV,blue,18.0,26500.0
5250,lexus,es330,good,6 cylinders,gas,95000.0,clean,automatic,JTHBA30G455081808,fwd,sedan,custom,16.0,35000.0
22995,toyota,rav4xleawd,excellent,4 cylinders,gas,44260.0,clean,automatic,JTMRFREV6HJ703090,4wd,SUV,grey,4.0,30300.0
6500,subaru,forester,excellent,4 cylinders,gas,147882.0,clean,automatic,JF2SH6CC6AH704069,4wd,SUV,white,11.0,26000.0
8995,volkswagen,jettasedan,good,4 cylinders,gas,81898.0,clean,automatic,3VWRL7AJ8AM016084,fwd,sedan,silver,11.0,23500.0
37600,infiniti,qx80awd,excellent,8 cylinders,gas,66000.0,clean,automatic,JN8AZ2NC6F9370788,4wd,SUV,white,6.0,64000.0
5955,ford,fiesta,excellent,4 cylinders,gas,104000.0,clean,manual,3FADP4EJ7DM171729,fwd,sedan,green,8.0,15120.0
7995,chevrolet,sonic,excellent,4 cylinders,gas,79004.0,rebuilt,automatic,1G1JE6SBXG4160471,fwd,hatchback,grey,5.0,19700.0
5900,pontiac,vibe,excellent,4 cylinders,gas,148135.0,clean,automatic,5Y2SL65878Z411310,fwd,sedan,red,13.0,18000.0
13975,toyota,highlander,good,6 cylinders,gas,174975.0,clean,automatic,5TDYK3EH5BS032648,fwd,SUV,red,10.0,38850.0
6800,honda,elementex,good,4 cylinders,gas,191000.0,clean,automatic,5J6YH18718L007854,fwd,SUV,grey,13.0,22700.0
12177,hyundai,santafesport,excellent,4 cylinders,gas,97557.0,clean,automatic,5XYZUDLB4EG164434,4wd,SUV,grey,7.0,32750.0
9990,honda,odyssey,excellent,6 cylinders,gas,133761.0,clean,automatic,5FNRL38989B016318,fwd,mini-van,silver,12.0,39800.0
6995,chevrolet,malibu,excellent,4 cylinders,gas,147892.0,clean,automatic,1G11F5RR8DF102286,fwd,sedan,grey,8.0,24100.0
28590,lexus,es350sedan4d,good,6 cylinders,other,14711.0,clean,other,58ABK1GG0HU069176,fwd,sedan,white,4.0,38400.0
15900,mercedes-benz,cclass,excellent,4 cylinders,gas,63514.0,clean,automatic,WDDGJ4HB6EG200409,rwd,coupe,custom,7.0,38500.0
13995,chevrolet,camaross,good,8 cylinders,gas,73469.0,rebuilt,automatic,2G1FJ1EJ0E9289904,rwd,coupe,blue,7.0,37500.0
12995,volkswagen,jetta,good,4 cylinders,gas,61686.0,clean,manual,3VWB67AJ6HM275644,fwd,sedan,black,4.0,19800.0
36500,acura,tlx,like new,6 cylinders,gas,11500.0,clean,automatic,19UUB3F65LA002609,4wd,sedan,blue,1.0,40700.0
18999,chevrolet,silverado1500,excellent,8 cylinders,gas,108702.0,clean,automatic,3GCPKSE32BG372817,4wd,truck,white,10.0,38500.0
29990,chevrolet,coloradocrewcabwork,good,6 cylinders,gas,11401.0,clean,other,1GCGTBEN7J1162712,4wd,pickup,red,3.0,36800.0
4250,jeep,liberty,excellent,6 cylinders,gas,159725.0,clean,automatic,1J4GL38K72W358638,4wd,SUV,green,19.0,24000.0
16995,toyota,prius,like new,4 cylinders,hybrid,26654.0,clean,automatic,JTDKN3DU8D1622029,fwd,hatchback,blue,8.0,24900.0
4500,hyundai,accentgls,excellent,4 cylinders,gas,126229.0,clean,automatic,KMHCN4AC1BU620796,fwd,sedan,blue,10.0,14400.0
4800,hyundai,accentgls,good,4 cylinders,gas,139000.0,clean,automatic,KMHCN4AC3AU479843,fwd,sedan,blue,11.0,15500.0
10970,chevrolet,tahoepolice,good,8 cylinders,gas,171168.0,clean,automatic,1GNLC2E08BR311819,rwd,SUV,silver,10.0,38500.0
32990,acura,tlx35wtechnologypkg,good,6 cylinders,gas,28733.0,clean,other,19UUB2F66KA004328,fwd,sedan,black,2.0,35800.0
29590,chrysler,pacificatouringl,good,6 cylinders,other,40263.0,clean,other,2C4RC1BG4LR134602,fwd,van,blue,1.0,40000.0
10249,mercedes-benz,glk,good,6 cylinders,gas,126054.0,clean,automatic,WDCGG8HB4AF437426,4wd,SUV,red,11.0,43800.0
15988,jeep,renegadelimited,like new,4 cylinders,gas,91155.0,clean,automatic,ZACCJBDTXFPC16242,4wd,SUV,brown,6.0,27745.0
19895,dodge,charger,excellent,6 cylinders,gas,56484.0,clean,automatic,2C3CDXHG9FH839956,rwd,sedan,grey,6.0,27500.0
4300,honda,fit,good,4 cylinders,gas,147409.0,clean,manual,JHMGD37458S054843,fwd,hatchback,silver,13.0,15000.0
15995,volkswagen,ccrline,excellent,4 cylinders,gas,36055.0,clean,automatic,WVWBP7AN1FE828013,fwd,sedan,blue,6.0,35500.0
10995,ford,escapese,like new,4 cylinders,gas,108625.0,clean,automatic,1FMCU0GX6GUB57485,fwd,SUV,black,5.0,24100.0
9995,honda,odysseylx,excellent,6 cylinders,gas,168441.0,clean,automatic,5FNRL5H46CB067257,fwd,mini-van,white,9.0,33900.0
41590,buick,enclaveavenirsport,good,6 cylinders,gas,29010.0,clean,other,5GAERDKWXLJ231184,fwd,SUV,red,1.0,53600.0
25990,dodge,grandcaravanpassengerse,good,6 cylinders,gas,28.0,clean,other,2C4RDGBG7KR782806,fwd,van,black,2.0,28795.0
12995,mazda,cx5,excellent,4 cylinders,gas,117000.0,clean,automatic,JM3KE4DY8E0313765,4wd,SUV,blue,7.0,29000.0
12995,ford,fusion,excellent,4 cylinders,gas,72000.0,clean,automatic,3FA6P0H71FR115034,fwd,sedan,grey,6.0,22995.0
13540,buick,lacrosse,excellent,4 cylinders,gas,99803.0,clean,automatic,1G4GB5GR7FF154314,fwd,sedan,blue,6.0,33500.0
28990,infiniti,qx6035sportutility,good,6 cylinders,gas,32458.0,clean,other,5N1DL0MN7JC500375,fwd,SUV,black,3.0,45600.0
6900,ford,escape,good,6 cylinders,gas,163708.0,clean,automatic,1FMCU0DG7CKA42341,fwd,wagon,custom,9.0,24850.0
33990,gmc,sierra1500doublecabsle,good,8 cylinders,gas,33408.0,clean,other,1GTV2MEC1GZ365125,4wd,pickup,silver,5.0,46920.0
29990,ford,mustanggtcoupe2d,good,8 cylinders,gas,19374.0,clean,automatic,1FA6P8CFXG5215179,rwd,coupe,red,5.0,41000.0
31995,ford,f250sd,good,8 cylinders,diesel,183273.0,clean,automatic,1FT7W2BT7DEB39633,4wd,truck,red,8.0,50900.0
12495,ford,escape,excellent,4 cylinders,gas,122646.0,clean,automatic,1FMCU0GD6HUA69351,fwd,SUV,silver,4.0,26100.0
44990,jaguar,ftypeconvertible2d,good,6 cylinders,gas,20678.0,clean,automatic,SAJWA6ET4H8K36159,rwd,convertible,white,4.0,61500.0
14890,ram,promastercity,like new,4 cylinders,gas,70350.0,clean,automatic,ZFBERFAT9F6A76965,rwd,van,red,6.0,24000.0
3995,volkswagen,jettasedan,good,4 cylinders,gas,162210.0,clean,automatic,3VWSK69M33M078377,fwd,sedan,red,18.0,19000.0
24590,lexus,is250sedan4d,good,6 cylinders,other,35629.0,clean,other,JTHBF1D22E5020087,rwd,sedan,black,7.0,37900.0
7000,toyota,priustwo,excellent,4 cylinders,hybrid,156840.0,clean,automatic,JTDKN3DU3D5623274,fwd,hatchback,silver,8.0,25000.0
17995,chevrolet,traverse,excellent,6 cylinders,gas,110714.0,clean,automatic,1GNKRLKDXDJ242916,fwd,SUV,grey,8.0,41160.0
26757,chevrolet,colorado,excellent,6 cylinders,gas,59375.0,clean,automatic,1GCHTDE38G1387860,4wd,truck,red,5.0,36000.0
29990,jeep,wranglersportsuv2d,good,6 cylinders,gas,28680.0,clean,other,1C4AJWAG4HL704941,4wd,other,black,4.0,31500.0
36990,ford,f150supercrewcabxlt,good,6 cylinders,other,15443.0,clean,automatic,1FTEW1EG9HFC85502,4wd,pickup,red,4.0,43000.0
42599,chevrolet,silverado1500,excellent,8 cylinders,gas,111945.0,clean,automatic,1GCUYHEDXKZ143332,4wd,truck,blue,2.0,57700.0
23500,subaru,outback,excellent,4 cylinders,gas,45066.0,clean,automatic,4S4BSATC6H3349667,4wd,wagon,green,4.0,36495.0
35590,dodge,challengersrt8coupe2d,good,8 cylinders,gas,16796.0,clean,other,2B3CJ7DJ7BH589702,rwd,coupe,green,10.0,42500.0
28990,ford,f150supercabxlpickup4d,good,8 cylinders,other,19351.0,clean,other,1FTFX1EF5EFC65414,4wd,pickup,blue,7.0,38700.0
6995,bmw,528i,good,6 cylinders,gas,137521.0,clean,automatic,WBANU53508C115686,rwd,sedan,silver,13.0,42000.0
28590,acura,rdxtechnologyand,good,6 cylinders,gas,22703.0,clean,other,5J8TB3H58JL012150,fwd,other,blue,3.0,40100.0
24590,dodge,challengersxtcoupe2d,good,6 cylinders,gas,43062.0,clean,other,2C3CDZGGXKH688262,rwd,coupe,orange,2.0,32000.0
37590,ford,f150supercrewcabking,good,6 cylinders,gas,72947.0,clean,automatic,1FTEW1EG0HFB64650,4wd,pickup,black,4.0,44000.0
41988,chevrolet,suburban,like new,8 cylinders,gas,52750.0,clean,automatic,1GNSKHKC0HR189918,4wd,SUV,custom,4.0,58900.0
17990,mitsubishi,outlandergtsport,good,6 cylinders,gas,59014.0,clean,other,JA4JZ4AX3FZ014258,4wd,other,silver,6.0,30295.0
24995,volkswagen,golfr,excellent,4 cylinders,gas,106023.0,clean,automatic,WVWLF7AU4GW157091,4wd,hatchback,blue,5.0,35900.0
20997,ford,f150,excellent,6 cylinders,gas,115836.0,clean,automatic,1FTFW1CT5DFA31381,rwd,pickup,white,8.0,30900.0
22449,bmw,320ixdrive,excellent,4 cylinders,gas,47000.0,clean,automatic,WBA8E5G36HNU44027,4wd,sedan,black,4.0,36500.0
6500,subaru,forester25x,excellent,4 cylinders,gas,139000.0,clean,manual,JF2SHABC2BG740885,4wd,SUV,blue,10.0,20000.0
8995,subaru,outbackpremium,like new,4 cylinders,gas,133533.0,clean,automatic,4S4BRBCC5C3222192,4wd,wagon,silver,9.0,26970.0
11995,chevrolet,silverado,excellent,8 cylinders,gas,145702.0,clean,automatic,1GCEK14C97Z546098,4wd,truck,white,14.0,28435.0
14900,jeep,wranglerunlimited,good,6 cylinders,gas,197762.0,clean,other,1J4BA3H13AL230615,4wd,wagon,green,11.0,30500.0
37590,mercedes-benz,clsclasscls63,good,8 cylinders,other,65130.0,clean,automatic,WDDLJ7EB2CA049797,rwd,coupe,blue,9.0,103000.0
39590,ford,mustanggtcoupe2d,good,8 cylinders,gas,728.0,clean,other,1FA6P8CF3L5183234,rwd,coupe,blue,1.0,42500.0
18990,subaru,outback25ilimited,excellent,4 cylinders,gas,80020.0,clean,automatic,4S4BSBNC9G3337658,4wd,SUV,black,5.0,34700.0
38590,chevrolet,corvettegrandsport,good,8 cylinders,gas,32086.0,clean,automatic,1G1YW3DW4C5101754,rwd,convertible,white,9.0,57790.0
12995,rover,lr4,good,8 cylinders,gas,134812.0,clean,automatic,SALAG2D46AA521821,4wd,SUV,grey,11.0,58500.0
24990,lexus,ls460sedan4d,good,8 cylinders,gas,51724.0,clean,automatic,JTHBL5EF0C5111700,rwd,sedan,black,9.0,70400.0
11990,buick,encore,good,4 cylinders,gas,74000.0,clean,automatic,KL4CJFSB6DB066424,4wd,wagon,grey,8.0,29060.0
32995,chevrolet,corvette,good,8 cylinders,gas,39228.0,clean,automatic,1G1YE3DW7C5100973,rwd,convertible,white,9.0,50400.0
21750,infiniti,qx56,excellent,8 cylinders,gas,113473.0,clean,automatic,JN8AZ2NE4D9060380,4wd,SUV,black,8.0,56650.0
3800,honda,pilot,good,6 cylinders,gas,167355.0,clean,automatic,5FNYF18505B025531,4wd,SUV,custom,16.0,32400.0
37950,ram,1500,excellent,8 cylinders,gas,12092.0,clean,automatic,1C6RR7LT9JS117309,4wd,pickup,white,3.0,40180.0
18850,jeep,grandcherokeelimited,excellent,6 cylinders,gas,133000.0,clean,automatic,1C4RJFBG3EC299393,4wd,SUV,grey,7.0,42500.0
13995,toyota,rav4,good,4 cylinders,gas,139443.0,clean,automatic,2T3RFREV3DW049144,4wd,SUV,black,8.0,30100.0
20995,ford,superdutyf350srw,excellent,8 cylinders,diesel,211298.0,clean,automatic,1FTWW31R98EA47287,4wd,pickup,black,13.0,42500.0
7995,volkswagen,passat,good,4 cylinders,diesel,137252.0,clean,automatic,1VWBN7A3XCC010868,fwd,sedan,grey,9.0,29000.0
32990,ram,1500crewcabbighorn,good,6 cylinders,gas,31613.0,clean,other,1C6RR7LM1HS880752,4wd,pickup,white,4.0,46200.0
5900,honda,civichybrid,good,4 cylinders,gas,96502.0,clean,automatic,JHMFA3F28AS005971,fwd,sedan,black,11.0,22000.0
38990,chevrolet,corvettegrandsport,good,8 cylinders,gas,51525.0,clean,other,1G1YW3DW6D5106133,rwd,other,red,8.0,59600.0
32990,ford,f150supercrewcabxlt,good,6 cylinders,gas,65329.0,clean,other,1FTEW1EG0FKE39342,4wd,pickup,blue,6.0,38500.0
33990,ram,1500crewcabtradesman,good,8 cylinders,gas,17033.0,clean,other,3C6RR7KT7HG794054,4wd,pickup,blue,4.0,38500.0
5995,dodge,dart,good,4 cylinders,gas,123998.0,clean,automatic,1C3CDFBA7DD295675,fwd,sedan,grey,8.0,18995.0
12800,subaru,outback,excellent,4 cylinders,gas,78458.0,clean,automatic,4S4BRBCC8D3267614,4wd,wagon,blue,8.0,28695.0
16000,pontiac,gto,excellent,8 cylinders,gas,62000.0,clean,automatic,6G2VX12G34L240396,rwd,coupe,red,17.0,32500.0
7995,ford,f150xltsupercabstyleside,excellent,8 cylinders,gas,234469.0,clean,automatic,1FTPX14V88KD26778,4wd,pickup,black,13.0,33500.0
18995,chevrolet,silverado1500,good,8 cylinders,gas,192669.0,clean,automatic,3GCPCSE02DG351164,rwd,truck,grey,8.0,38500.0
25995,bmw,x5m,excellent,8 cylinders,gas,95247.0,clean,automatic,5YMGY0C59BLK26156,4wd,wagon,blue,10.0,93350.0
37590,chevrolet,corvettegrandsport,good,8 cylinders,gas,42017.0,clean,other,1G1YW2DW4B5109555,rwd,coupe,red,10.0,56300.0
9999,ford,explorer,good,6 cylinders,gas,87000.0,rebuilt,automatic,1FM5K7B86EGB94233,fwd,SUV,black,7.0,29995.0
8495,buick,lacrosse,good,4 cylinders,gas,144659.0,clean,automatic,1G4GC5ERXDF185795,fwd,sedan,grey,8.0,34400.0
32297,ford,transit250,excellent,6 cylinders,gas,19443.0,clean,automatic,1FTYR1YM3KKA50842,rwd,van,white,2.0,40000.0
6990,dodge,journeycrew,excellent,6 cylinders,gas,149976.0,clean,automatic,3C4PDCDG4CT146940,rwd,SUV,white,9.0,24500.0
11995,ford,f150,excellent,8 cylinders,gas,197226.0,clean,automatic,1FTRX12829KC76984,rwd,pickup,black,12.0,25100.0
4200,toyota,prius,good,4 cylinders,hybrid,206000.0,clean,automatic,JTDKB20U353121208,fwd,hatchback,grey,16.0,22000.0
45590,acura,mdxadvancepkgsport,good,6 cylinders,gas,3687.0,clean,other,5J8YD3H8XLL007383,fwd,SUV,white,1.0,53350.0
19950,audi,a3premium,excellent,4 cylinders,gas,42000.0,clean,automatic,WAUE8GFF6G1054388,4wd,sedan,white,5.0,36400.0
7950,nissan,maxima,excellent,6 cylinders,gas,144512.0,clean,automatic,1N4AA5AP5BC812072,fwd,sedan,purple,10.0,31990.0
22599,ford,explorer,good,6 cylinders,gas,74619.0,clean,automatic,1FM5K7D88JGC56495,fwd,SUV,custom,3.0,35295.0
14388,hyundai,elantrasel,good,4 cylinders,gas,84478.0,clean,automatic,5NPD84LF2JH257120,fwd,sedan,black,3.0,21800.0
5950,chevrolet,silverado1500,good,8 cylinders,gas,151627.0,clean,automatic,1GCEC14V26Z287001,rwd,truck,white,15.0,20180.0
36590,buick,enclaveessencesport,good,6 cylinders,gas,3993.0,clean,other,5GAERBKW4LJ317921,fwd,other,white,1.0,41800.0
42900,ford,superdutyf250srw,excellent,8 cylinders,diesel,145000.0,clean,automatic,1FT7W2BT2DEB73222,4wd,truck,black,8.0,50000.0
7995,toyota,corollal,excellent,4 cylinders,gas,86564.0,clean,manual,2T1BU4EE0BC754016,fwd,sedan,silver,10.0,18000.0
11338,ford,fusionse,good,4 cylinders,gas,101905.0,clean,automatic,1FA6P0H70E5400678,fwd,sedan,black,7.0,22000.0
20997,ford,f350sd,good,8 cylinders,diesel,126772.0,clean,automatic,1FTWW31R68EC64944,4wd,truck,black,13.0,40000.0
3700,honda,civic,good,4 cylinders,gas,152964.0,clean,automatic,2HGES16534H517126,fwd,sedan,brown,17.0,17295.0
32590,jeep,wranglerunlimitedsports,good,6 cylinders,other,38471.0,clean,other,1C4BJWDGXHL559503,4wd,other,black,4.0,38300.0
37500,ford,f350,good,8 cylinders,diesel,110000.0,clean,automatic,1FD8W3HT4HED28128,4wd,truck,white,4.0,65000.0
5950,honda,odyssey,good,6 cylinders,gas,184713.0,clean,automatic,5FNRL3H24AB010572,fwd,van,blue,11.0,29500.0
7995,kia,sorento,good,4 cylinders,gas,123609.0,clean,automatic,5XYKT3A64CG289886,fwd,SUV,custom,9.0,22000.0
18998,dodge,challengersxtcoupe,like new,6 cylinders,gas,73423.0,clean,automatic,2C3CDZAG5FH782418,rwd,coupe,blue,6.0,27500.0
8999,acura,mdxshawdwtech,excellent,6 cylinders,gas,160032.0,clean,automatic,2HNYD28468H521090,4wd,SUV,silver,13.0,43800.0
6995,ford,escapexlt4x4,good,6 cylinders,gas,149030.0,clean,automatic,1FMCU9DG4CKC21196,4wd,SUV,silver,9.0,28425.0
7950,chevrolet,cruzelimited,excellent,4 cylinders,gas,84525.0,clean,automatic,1G1PC5SH6G7160500,fwd,sedan,blue,5.0,18700.0
16000,toyota,highlanderlimited,excellent,6 cylinders,gas,103000.0,clean,automatic,5TDYK3EH1DS101113,fwd,SUV,blue,8.0,30500.0
23800,chevrolet,silverado1500,like new,8 cylinders,gas,89569.0,clean,automatic,3GCPKSE34BG327832,4wd,truck,red,10.0,38500.0
5995,bmw,x530iawd,excellent,6 cylinders,gas,158303.0,clean,automatic,5UXFA53593LV95962,4wd,SUV,custom,18.0,48000.0
33900,ford,superdutyf350drw,excellent,8 cylinders,gas,72697.0,clean,automatic,1FD8W3H67JEB19031,4wd,pickup,white,3.0,52000.0
17788,mazda,mazda6,good,4 cylinders,gas,61244.0,clean,automatic,JM1GL1V55H1104666,fwd,sedan,red,4.0,24500.0
44990,chevrolet,corvettestingray,good,8 cylinders,gas,22973.0,clean,other,1G1YF2D7XE5108892,rwd,coupe,black,7.0,67800.0
36990,toyota,4runnersr5sportutility,good,6 cylinders,gas,21415.0,clean,other,JTEBU5JR4J5589139,4wd,other,silver,3.0,39800.0
37990,toyota,tundradoublecabsr,good,8 cylinders,gas,22870.0,clean,other,5TFUM5F13GX069124,4wd,pickup,black,5.0,48900.0
32590,cadillac,cts36luxurysedan4d,good,6 cylinders,gas,21335.0,clean,other,1G6AR5SS8J0137892,rwd,sedan,black,3.0,49190.0
23395,nissan,roguesvawd,excellent,4 cylinders,gas,28567.0,clean,automatic,JN8AT2MV4LW103960,4wd,SUV,blue,1.0,29990.0
6495,honda,crvex,excellent,4 cylinders,gas,253608.0,clean,automatic,JHLRE48598C004819,4wd,SUV,custom,13.0,26920.0
32619,ram,1500,excellent,8 cylinders,gas,89199.0,clean,automatic,1C6RR7NT8GS132454,4wd,pickup,blue,5.0,45000.0
69950,ford,f5504x4crewcab,like new,10 cylinders,gas,21000.0,clean,automatic,1FD0W5HY4GEB43595,4wd,truck,red,5.0,80000.0
46567,acura,mdx,like new,6 cylinders,gas,18280.0,clean,automatic,5J8YD4H08LL022416,4wd,SUV,white,1.0,58000.0
29990,ford,superdutyf450drw,good,8 cylinders,diesel,137481.0,clean,automatic,1FD0X4HT9BEC31739,4wd,truck,white,10.0,60800.0
8495,honda,accordlxp,excellent,4 cylinders,gas,70316.0,clean,automatic,1HGCP2F45CA012580,fwd,sedan,blue,9.0,24950.0
5995,toyota,4runnersr5,excellent,6 cylinders,gas,241810.0,clean,automatic,JTEZU14R268048275,rwd,SUV,black,15.0,29800.0
36990,ford,f150supercrewcabxlt,good,6 cylinders,other,15443.0,clean,automatic,1FTEW1EG9HFC85502,4wd,pickup,red,4.0,40500.0
3495,pontiac,grandprix,good,6 cylinders,gas,102000.0,clean,automatic,2G2WP552X61310283,fwd,sedan,blue,15.0,25700.0
12999,ford,mustang,excellent,6 cylinders,gas,100285.0,clean,automatic,1ZVBP8EM5E5219932,rwd,convertible,brown,7.0,27765.0
7999,dodge,grandcaravan,excellent,6 cylinders,gas,151220.0,clean,automatic,2D4RN4DE7AR146637,fwd,mini-van,blue,11.0,25700.0
12995,subaru,impreza,excellent,4 cylinders,gas,52355.0,clean,automatic,JF1GJAC61CH031173,4wd,sedan,white,9.0,21995.0
3995,kia,sedona,excellent,6 cylinders,gas,118179.0,clean,automatic,KNDMB233776173681,fwd,mini-van,black,14.0,29100.0
14995,ford,escape,excellent,4 cylinders,gas,64082.0,clean,automatic,1FMCU9HX1DUA08089,4wd,SUV,white,8.0,29210.0
7500,jeep,patriot,excellent,4 cylinders,gas,143000.0,clean,automatic,1J4NT2GB3AD554041,fwd,SUV,white,11.0,20500.0
40995,chevrolet,silverado1500,good,8 cylinders,gas,61418.0,clean,automatic,3GCUKSEC2HG280652,4wd,truck,grey,4.0,48500.0
30995,volkswagen,atlas,like new,6 cylinders,gas,28812.0,clean,automatic,1V2CR2CA1JC558389,fwd,SUV,white,3.0,35700.0
38990,chevrolet,silverado2500hd,good,8 cylinders,other,72410.0,clean,other,1GC2KVEG7GZ327653,4wd,pickup,black,5.0,48775.0
52995,rover,sport,excellent,8 cylinders,gas,53739.0,clean,automatic,SALWV2EF9GA552226,4wd,SUV,black,5.0,108000.0
17000,chevrolet,trax,good,4 cylinders,gas,14898.0,clean,automatic,3GNCJNSB9KL333431,4wd,SUV,grey,2.0,22000.0
42590,mercedes-benz,slclasssl400,good,6 cylinders,gas,24048.0,clean,other,WDDJK6FA7FF036233,rwd,convertible,black,6.0,103600.0
12995,ford,escape,excellent,4 cylinders,gas,112054.0,clean,automatic,1FMCU9GX8EUB63127,4wd,SUV,black,7.0,25800.0
3985,toyota,avalon,excellent,6 cylinders,gas,261193.0,clean,automatic,4T1BK36B17U226205,fwd,sedan,black,14.0,30600.0
15500,chevrolet,cruze,new,4 cylinders,gas,32000.0,clean,automatic,1G1PC5SB5F7110505,fwd,sedan,blue,6.0,19500.0
15157,jeep,renegade,excellent,4 cylinders,gas,106457.0,clean,automatic,ZACCJBDT6GPD36248,4wd,SUV,white,5.0,27395.0
6499,hyundai,elantra,good,4 cylinders,gas,129450.0,clean,automatic,KMHDH4AE3CU345415,fwd,sedan,silver,9.0,18500.0
32590,chrysler,pacificalimited,good,6 cylinders,gas,35350.0,clean,other,2C4RC1GG1LR115207,fwd,van,silver,1.0,40500.0
18995,toyota,rav4,like new,4 cylinders,gas,68086.0,clean,automatic,JTMBFREV7HJ146756,4wd,SUV,blue,4.0,29500.0
5995,honda,element,excellent,4 cylinders,gas,233824.0,clean,automatic,5J6YH28636L026741,4wd,wagon,black,15.0,24000.0
16995,ford,flexselawd,like new,6 cylinders,gas,84787.0,clean,automatic,2FMHK6C88EBD08021,4wd,SUV,red,7.0,36700.0
7995,honda,accord,excellent,4 cylinders,gas,151000.0,clean,automatic,1HGCP2F3XAA020064,fwd,sedan,red,11.0,22000.0
30990,chevrolet,suburban1500ltz,good,8 cylinders,other,87922.0,clean,other,1GNSKKE74ER102173,4wd,other,white,7.0,65000.0
8200,nissan,altima,excellent,4 cylinders,gas,145000.0,clean,automatic,1N4AL3AP8FC000000,fwd,sedan,brown,6.0,22000.0
14950,ford,explorer,excellent,6 cylinders,gas,117764.0,clean,automatic,1FM5K8D84DGC71103,4wd,SUV,blue,8.0,38000.0
19995,chevrolet,camaro,excellent,6 cylinders,gas,99720.0,clean,automatic,2G1FB1E3XE9230034,rwd,coupe,yellow,7.0,28000.0
13404,chevrolet,malibult,excellent,4 cylinders,gas,102265.0,clean,automatic,1G1ZE5ST0HF284583,fwd,sedan,silver,4.0,24000.0
15900,jeep,wranglerunlimited,excellent,6 cylinders,gas,171117.0,clean,automatic,1J4BA5H13BL507308,4wd,SUV,silver,10.0,30990.0
25990,mercedes-benz,eclasse550,good,8 cylinders,gas,42045.0,clean,automatic,WDDKJ7DB6DF216826,rwd,coupe,white,8.0,69000.0
41990,ford,mustanggtcoupe2d,good,8 cylinders,gas,561.0,clean,other,1FA6P8CFXL5169606,rwd,coupe,white,1.0,42900.0
6900,toyota,highlanderlimitedawd,excellent,6 cylinders,gas,151640.0,clean,automatic,JTEHF21A130123875,4wd,SUV,red,18.0,29000.0
11995,toyota,camry,excellent,4 cylinders,gas,129043.0,clean,automatic,4T1BF1FKXGU124572,fwd,sedan,grey,5.0,24200.0
20995,chevrolet,silverado1500,excellent,8 cylinders,gas,92001.0,clean,automatic,1GCRKSE32BZ232503,4wd,truck,blue,10.0,37500.0
17900,chevrolet,tahoe,excellent,8 cylinders,gas,118749.0,clean,automatic,1GNSKBE06CR143727,4wd,SUV,black,9.0,40885.0
10950,honda,odyssey,excellent,6 cylinders,gas,157211.0,clean,automatic,5FNRL5H67CB077992,fwd,mini-van,grey,9.0,36740.0
26995,dodge,charger,good,6 cylinders,gas,40433.0,clean,automatic,2C3CDXBG6KH724489,rwd,sedan,black,2.0,29495.0
32590,lexus,rx350sportutility4d,good,6 cylinders,gas,20425.0,clean,other,2T2ZZMCA7HC068818,fwd,other,blue,4.0,42950.0
18750,jeep,compass,excellent,4 cylinders,gas,25151.0,clean,automatic,3C4NJDBBXJT456942,4wd,SUV,black,3.0,30430.0
31990,ford,mustanggtcoupe2d,good,8 cylinders,gas,19043.0,clean,automatic,1FA6P8CF5H5237592,rwd,coupe,silver,4.0,39700.0
20067,honda,civic,excellent,4 cylinders,gas,19150.0,clean,automatic,SHHFK7H43JU227690,fwd,hatchback,silver,3.0,21900.0
8995,dodge,journey,good,6 cylinders,gas,175465.0,clean,automatic,3C4PDDEGXFT660820,4wd,SUV,red,6.0,30500.0
18495,subaru,forester25ipremium,good,4 cylinders,gas,57078.0,clean,automatic,JF2SJAEC0JH451044,4wd,SUV,blue,3.0,28500.0
14895,audi,a6,excellent,6 cylinders,gas,136381.0,clean,automatic,WAUBGAFC7CN011688,4wd,sedan,white,9.0,50000.0
13900,nissan,sentra,excellent,4 cylinders,gas,45627.0,clean,automatic,3N1AB7AP2GY283975,fwd,sedan,white,5.0,18490.0
9995,chevrolet,silveradoutility,good,8 cylinders,gas,191454.0,clean,automatic,1GBHC34KX8E209434,rwd,truck,white,13.0,33500.0
34990,ford,mustanggtpremium,good,8 cylinders,gas,18650.0,clean,other,1FATP8FF5J5115190,rwd,convertible,black,3.0,42995.0
11450,chevrolet,silverado15004x4extlt,good,8 cylinders,gas,192885.0,clean,automatic,2GCFK19Y481305424,4wd,pickup,brown,13.0,33500.0
22900,jeep,grandcherokee,excellent,6 cylinders,gas,72000.0,clean,automatic,1C4RJFAG2GC365601,4wd,SUV,grey,5.0,36800.0
19991,honda,civic,excellent,other,other,21333.0,clean,automatic,19XFC2F67KE203714,fwd,sedan,black,2.0,21500.0
29900,ford,expeditionplatinum4x4gas,excellent,6 cylinders,gas,72849.0,rebuilt,automatic,1FMJU1MT8HEA72402,4wd,SUV,white,4.0,74000.0
13995,ford,explorersporttrac,excellent,6 cylinders,gas,93155.0,clean,automatic,1FMEU51E19UA05680,4wd,pickup,white,12.0,30950.0
23995,hyundai,tucsonlimited,excellent,4 cylinders,gas,36699.0,clean,automatic,KM8J3CA26GU031622,4wd,SUV,orange,5.0,24900.0
18900,volkswagen,tiguan,good,4 cylinders,gas,25386.0,clean,automatic,WVGBV7AX3GW589532,4wd,SUV,black,5.0,28500.0
6497,chevrolet,impala,good,6 cylinders,gas,112079.0,clean,automatic,2G1WA5EK8A1192426,fwd,sedan,silver,11.0,22800.0
13995,kia,soul,excellent,4 cylinders,gas,52667.0,clean,automatic,KNDJP3A56H7461704,fwd,sedan,blue,4.0,21800.0
6995,subaru,impreza,excellent,4 cylinders,gas,76539.0,clean,automatic,JF1GJAA6XCH029831,4wd,sedan,blue,9.0,18200.0
16995,nissan,altima,like new,4 cylinders,gas,30674.0,clean,automatic,1N4AL3APXHC168348,fwd,sedan,white,4.0,23200.0
26990,nissan,titansinglecabsv,good,8 cylinders,gas,41335.0,clean,other,1N6AA1R84HN570756,4wd,pickup,red,4.0,39380.0
17900,ford,fusion,excellent,4 cylinders,gas,29302.0,clean,automatic,3FA6P0CDXKR270365,fwd,sedan,silver,2.0,26120.0
30990,infiniti,qx6035sportutility,good,6 cylinders,gas,22821.0,clean,automatic,5N1DL0MN5JC501394,fwd,SUV,blue,3.0,48000.0
34590,chevrolet,silverado1500double,good,6 cylinders,gas,29499.0,clean,other,1GCVKREH6GZ228691,4wd,pickup,silver,5.0,40000.0
11200,subaru,impreza,excellent,4 cylinders,gas,41000.0,clean,automatic,JF1GJAA63FH013541,4wd,sedan,white,6.0,18995.0
38590,chevrolet,corvettegrandsport,good,8 cylinders,gas,30237.0,clean,other,1G1YR3DW3B5102190,rwd,other,red,10.0,56400.0
4200,honda,civiclxsedan,good,4 cylinders,gas,117468.0,clean,automatic,2HGES16584H517171,fwd,sedan,grey,17.0,18500.0
33990,jeep,wranglerunlimitedsahara,good,6 cylinders,other,34152.0,clean,other,1C4HJWEG5HL696454,4wd,SUV,white,4.0,38500.0
8600,honda,element,good,4 cylinders,gas,164200.0,clean,automatic,5J6YH28708L007107,4wd,SUV,blue,13.0,25870.0
37950,ram,1500,excellent,8 cylinders,gas,12092.0,clean,automatic,1C6RR7LT9JS117309,4wd,pickup,white,3.0,40800.0
6395,honda,accordcpe,good,4 cylinders,gas,133413.0,clean,automatic,1HGCS1B31BA009602,fwd,coupe,white,10.0,23375.0
30590,dodge,challengerrtcoupe2d,good,8 cylinders,gas,5720.0,clean,other,2C3CDZBT2GH316605,rwd,coupe,black,5.0,33500.0
29811,chevrolet,colorado,excellent,6 cylinders,gas,15492.0,clean,automatic,1GCGTCEN7K1170087,4wd,truck,red,2.0,38500.0
45425,ford,f250sd,excellent,8 cylinders,diesel,89437.0,clean,automatic,1FT7W2BT6FEA39431,4wd,pickup,red,6.0,50000.0
34590,ford,mustanggtpremium,good,8 cylinders,gas,30970.0,clean,other,1FATP8FF6F5341651,rwd,other,white,6.0,41000.0
41590,cadillac,xt5premiumluxury,good,6 cylinders,gas,4060.0,clean,other,1GYKNCRS3LZ161808,fwd,SUV,black,1.0,55000.0
7985,toyota,highlander,excellent,6 cylinders,gas,120061.0,clean,automatic,JTEEP21A950114389,4wd,SUV,black,16.0,29800.0
27995,mercedes-benz,gle,like new,6 cylinders,gas,74414.0,clean,automatic,4JGDA5HB3GA631083,4wd,SUV,white,5.0,58800.0
46900,chevrolet,silverado3500hd,excellent,8 cylinders,diesel,138000.0,clean,automatic,1GC4K0E86FF139095,4wd,truck,red,6.0,61500.0
16995,chevrolet,silverado1500,excellent,6 cylinders,gas,111313.0,clean,automatic,1GCRCPEX7CZ253586,rwd,pickup,grey,9.0,25200.0
7000,honda,accord,good,6 cylinders,gas,170000.0,clean,automatic,1HGCS22888A006691,fwd,coupe,red,13.0,27850.0
36495,ford,f350xl4x4f350,excellent,8 cylinders,diesel,179232.0,clean,automatic,1FT8W3BT8HEE81933,4wd,pickup,white,4.0,71620.0
8999,ford,focus,excellent,4 cylinders,gas,68974.0,clean,automatic,1FADP3F20EL200329,fwd,sedan,grey,7.0,19900.0
43590,lincoln,navigatorlselectsport,good,6 cylinders,gas,28475.0,clean,automatic,5LMJJ3JT1HEL08409,4wd,other,black,4.0,76700.0
8990,mazda,mazda3itouring,excellent,4 cylinders,gas,83817.0,clean,automatic,JM1BL1V87C1691319,fwd,sedan,white,9.0,19630.0
12995,chevrolet,cruzelt,like new,4 cylinders,gas,61127.0,clean,automatic,1G1BE5SM0G7266569,fwd,sedan,silver,5.0,19300.0
55977,chevrolet,silverado2500hdcrewcab,excellent,8 cylinders,diesel,72698.0,clean,automatic,1GC1KWE88FF651527,4wd,pickup,black,6.0,61500.0
33900,ford,f350,excellent,8 cylinders,diesel,161352.0,clean,automatic,1FT8W3BT6GEA42213,4wd,pickup,white,5.0,68000.0
10500,ford,flexlimitedawd,excellent,6 cylinders,gas,98000.0,clean,automatic,2FMHK6DC3ABD02351,4wd,SUV,black,11.0,40000.0
31694,toyota,tacomadoublecabsr5,like new,6 cylinders,gas,55222.0,clean,automatic,5TFDZ5BN4JX037929,4wd,pickup,white,3.0,35900.0
40999,gmc,yukondenali,excellent,8 cylinders,gas,84746.0,clean,automatic,1GKS2CKJ3GR278301,4wd,SUV,black,5.0,75500.0
29990,dodge,charger,excellent,8 cylinders,gas,116887.0,clean,automatic,2C3CDXGJ9HH617451,rwd,sedan,grey,4.0,41700.0
35590,dodge,challengersrt8coupe2d,good,8 cylinders,gas,16796.0,clean,other,2B3CJ7DJ7BH589702,rwd,coupe,green,10.0,45000.0
7995,jeep,liberty,excellent,6 cylinders,gas,102979.0,clean,automatic,1J8GN28K48W177668,4wd,SUV,black,13.0,24500.0
24995,ram,1500laramie,excellent,8 cylinders,gas,70400.0,clean,automatic,1D7RV1CT5BS587670,4wd,pickup,brown,10.0,38550.0
52990,ford,superdutyf550drw,good,8 cylinders,diesel,15886.0,clean,automatic,1FDUF5HT8EEB30478,4wd,truck,white,7.0,71000.0
19700,ford,f150fx2,excellent,8 cylinders,gas,116985.0,clean,automatic,1FTFW1CF1CFC75540,rwd,pickup,grey,9.0,32000.0
29590,ford,expeditionxltsport,good,6 cylinders,gas,70760.0,clean,other,1FMJU1JT1HEA52352,4wd,SUV,blue,4.0,55000.0
14995,honda,ridgeline,good,6 cylinders,gas,121715.0,rebuilt,automatic,2HJYK165X8H505634,4wd,truck,custom,13.0,31500.0
5500,ford,edge,excellent,6 cylinders,gas,167000.0,clean,automatic,2FMDK48C37BB60394,4wd,sedan,grey,14.0,29995.0
28590,chevrolet,camarosscoupe2d,good,8 cylinders,gas,16903.0,clean,other,2G1FT1EW5A9116525,rwd,coupe,yellow,11.0,38500.0
11988,gmc,terrain,excellent,4 cylinders,gas,113375.0,clean,automatic,2GKFLWEK8E6145725,4wd,SUV,black,7.0,26800.0
11490,volkswagen,beetlefenderedition,good,4 cylinders,gas,63730.0,clean,automatic,3VWVT7ATXDM685509,fwd,hatchback,black,8.0,24200.0
11900,volkswagen,passat,excellent,4 cylinders,diesel,50000.0,clean,automatic,1VWBN7A36DC114243,fwd,sedan,blue,8.0,28500.0
10895,chevrolet,suburban,excellent,8 cylinders,gas,205885.0,clean,automatic,1GNSCHE07CR221268,rwd,SUV,white,9.0,49495.0
20590,ford,taurusselsedan4d,good,6 cylinders,other,28105.0,clean,other,1FAHP2E83HG123275,fwd,sedan,black,4.0,32900.0
8300,dodge,avengerrt,good,6 cylinders,gas,67500.0,rebuilt,automatic,1C3CDZBG3DN502899,fwd,sedan,white,8.0,25795.0
10490,cadillac,escalade,excellent,8 cylinders,gas,164126.0,clean,automatic,1GYFK63817R130376,4wd,SUV,black,14.0,64800.0
13980,honda,civicex,good,4 cylinders,gas,120899.0,clean,other,19XFB2F8XEE001023,fwd,sedan,silver,7.0,22000.0
29990,chevrolet,coloradocrewcabwork,good,6 cylinders,gas,11401.0,clean,other,1GCGTBEN7J1162712,4wd,pickup,red,3.0,35300.0
29590,ford,expeditionxltsport,good,6 cylinders,gas,70760.0,clean,other,1FMJU1JT1HEA52352,4wd,SUV,blue,4.0,61300.0
27990,infiniti,qx6035sportutility,good,6 cylinders,other,26355.0,clean,other,5N1DL0MN6HC547424,fwd,other,blue,4.0,43100.0
23590,dodge,challengerrtcoupe2d,good,8 cylinders,gas,34818.0,clean,other,2B3LJ54T09H525615,rwd,coupe,black,12.0,31745.0
11999,chrysler,200,excellent,6 cylinders,gas,72605.0,clean,automatic,1C3CCBCG9DN570682,fwd,sedan,black,8.0,26855.0
12995,audi,q5,good,4 cylinders,gas,109785.0,clean,automatic,WA1WFCFPXCA130424,4wd,SUV,black,9.0,43500.0
26600,ford,f150supercrew,excellent,8 cylinders,gas,69800.0,clean,automatic,1FTFW1EF1EFC37760,4wd,truck,grey,7.0,40500.0
6495,honda,crvlx,excellent,4 cylinders,gas,240722.0,clean,automatic,JHLRE48317C015455,4wd,SUV,blue,14.0,25000.0
11500,hyundai,elantra,good,4 cylinders,gas,57027.0,clean,automatic,5NPD74LF8HH185370,fwd,sedan,black,4.0,19500.0
32990,ford,f150supercrewcabxlt,good,6 cylinders,gas,65329.0,clean,other,1FTEW1EG0FKE39342,4wd,pickup,blue,6.0,38500.0
23950,toyota,tacomatrd,excellent,6 cylinders,gas,206840.0,clean,automatic,5TELU42N19Z602078,4wd,truck,grey,12.0,25700.0
7100,chevrolet,malibult,excellent,4 cylinders,gas,80000.0,clean,automatic,1G1ZD5EU8CF352385,fwd,sedan,white,9.0,22400.0
5500,ford,focus,good,4 cylinders,gas,110931.0,clean,automatic,1FADP3K29EL255741,fwd,hatchback,silver,7.0,19500.0
8899,nissan,versa,excellent,4 cylinders,gas,65511.0,clean,manual,3N1CN7AP4HL881385,fwd,sedan,black,4.0,11500.0
22000,jeep,compasslimited,like new,4 cylinders,gas,30671.0,clean,automatic,3C4NJDCBXJT222086,4wd,SUV,silver,3.0,30800.0
2700,ford,taurusse,excellent,6 cylinders,gas,108520.0,clean,automatic,1FAFP53273G149622,fwd,sedan,silver,18.0,18500.0
15495,jeep,cherokee,good,4 cylinders,gas,114117.0,clean,automatic,1C4PJMDB6GW197004,4wd,SUV,white,5.0,31500.0
7985,toyota,highlander,excellent,6 cylinders,gas,120061.0,clean,automatic,JTEEP21A950114389,4wd,SUV,black,16.0,29200.0
9345,chevrolet,equinoxls,excellent,4 cylinders,gas,123864.0,clean,automatic,2GNALBEK4G1125199,fwd,SUV,silver,5.0,23800.0
12999,acura,mdxshawdwtech,excellent,6 cylinders,gas,132000.0,clean,automatic,2HNYD2H64BH526667,4wd,SUV,silver,10.0,48500.0
42990,lincoln,navigatorreservesport,good,6 cylinders,gas,50680.0,clean,automatic,5LMJJ2LT3HEL02540,4wd,other,black,4.0,75775.0
24990,chevrolet,camaroltconvertible,good,6 cylinders,gas,28068.0,clean,other,1G1FB3DSXK0111118,rwd,other,white,2.0,26995.0
11000,ford,rangerfx4,excellent,6 cylinders,gas,163000.0,clean,automatic,1FTZR45E36PA29498,4wd,pickup,red,15.0,24625.0
11995,volkswagen,tiguan,excellent,4 cylinders,gas,103892.0,clean,automatic,WVGBV7AX5BW514730,4wd,SUV,black,10.0,28000.0
32990,ram,1500quadcabharvestpickup,good,6 cylinders,gas,29979.0,clean,other,1C6RR7GG9JS229010,4wd,pickup,black,3.0,38500.0
18800,ford,f350superduty,excellent,8 cylinders,diesel,205110.0,clean,automatic,1FTWW31P07EB30394,4wd,truck,white,14.0,44700.0
5000,pontiac,g6basesedan,excellent,6 cylinders,gas,153000.0,clean,automatic,1G2ZG57NX94223724,fwd,sedan,silver,12.0,22745.0
19995,hyundai,equus,excellent,8 cylinders,gas,36000.0,clean,automatic,KMHGH4JH9CU045689,rwd,sedan,custom,9.0,60500.0
3995,mazda,mazda3,good,4 cylinders,gas,164211.0,clean,automatic,JM1BL1UG9C1517308,fwd,sedan,grey,9.0,184000.0
44990,mercedes-benz,slclasssl550,good,8 cylinders,gas,39525.0,clean,automatic,WDDJK7DA4EF024841,rwd,other,white,7.0,103000.0
26999,jeep,wranglerunlimited,excellent,6 cylinders,gas,111717.0,clean,automatic,1C4BJWEG1DL645565,4wd,SUV,white,8.0,31995.0
9995,subaru,impreza,excellent,4 cylinders,gas,117450.0,clean,automatic,JF1GPAK67DH203255,4wd,wagon,blue,8.0,23600.0
32500,ford,f250superduty,excellent,8 cylinders,diesel,165697.0,clean,other,1FT7W2BT3BEB30893,4wd,truck,white,10.0,48000.0
7999,dodge,grandcaravan,good,6 cylinders,gas,154191.0,clean,automatic,2C4RDGCG0ER227733,fwd,mini-van,blue,7.0,28500.0
7450,toyota,siennale,good,6 cylinders,gas,142599.0,clean,automatic,5TDZK23C38S174768,fwd,mini-van,green,13.0,27170.0
31990,ford,superdutyf550drw,good,8 cylinders,diesel,59429.0,clean,automatic,1FDAW57P46ED02529,4wd,truck,red,15.0,55300.0
42500,chevrolet,silverado,excellent,8 cylinders,diesel,100276.0,clean,automatic,1GC1KWE87FF644990,4wd,truck,white,6.0,61485.0
34990,chevrolet,silverado1500double,good,8 cylinders,gas,42468.0,clean,other,1GCVKREC6GZ424294,4wd,pickup,red,5.0,42500.0
23590,buick,enclavepremiumsport,good,6 cylinders,gas,79136.0,clean,other,5GAKRCKD4FJ155025,fwd,SUV,white,6.0,47850.0
28999,chevrolet,silverado2500hd,good,8 cylinders,gas,127256.0,clean,automatic,1GB2CUEG2JZ332343,rwd,truck,white,3.0,38400.0
12900,toyota,corolla,excellent,4 cylinders,gas,75479.0,rebuilt,automatic,5YFBURHE4FP280473,fwd,sedan,blue,6.0,18500.0
5995,chevrolet,cruze,good,4 cylinders,gas,98971.0,clean,other,1G1PK5S90B7282435,fwd,sedan,black,10.0,19655.0
13900,chevrolet,cruze,excellent,4 cylinders,gas,61881.0,clean,manual,1G1BE5SM4J7122689,fwd,sedan,white,3.0,20300.0
25990,mercedes-benz,eclasse550,good,8 cylinders,gas,42045.0,clean,automatic,WDDKJ7DB6DF216826,rwd,coupe,white,8.0,65000.0
41590,buick,enclaveavenirsport,good,6 cylinders,gas,29010.0,clean,other,5GAERDKWXLJ231184,fwd,SUV,red,1.0,50800.0
29590,ford,expeditionxltsport,good,6 cylinders,gas,70760.0,clean,other,1FMJU1JT1HEA52352,4wd,SUV,blue,4.0,56100.0
21800,bmw,z4sdrive28i,excellent,4 cylinders,gas,63009.0,clean,automatic,WBALL5C51CJ103268,rwd,convertible,silver,9.0,47800.0
7495,honda,odyssey,like new,6 cylinders,gas,198573.0,clean,automatic,5FNRL384X8B002956,fwd,van,white,13.0,29850.0
4500,chevrolet,equinoxlt,excellent,6 cylinders,gas,148655.0,clean,automatic,2CNDL43F286011094,4wd,SUV,silver,13.0,26500.0
5995,ford,fiestases,excellent,4 cylinders,gas,91469.0,clean,automatic,3FADP4FJXBM179139,fwd,hatchback,white,10.0,17300.0
12997,subaru,legacypremium,good,4 cylinders,gas,82453.0,clean,automatic,4S3BNAF66H3065795,4wd,sedan,blue,4.0,27000.0
18500,acura,tlx,excellent,6 cylinders,gas,65621.0,clean,automatic,19UUB2F79GA011385,fwd,sedan,grey,5.0,35500.0
7495,ford,fusiontitanium,good,4 cylinders,gas,190000.0,clean,automatic,3FA6P0K94GR159704,fwd,sedan,white,5.0,30900.0
32995,chevrolet,corvette,excellent,8 cylinders,gas,59627.0,clean,automatic,1G1YY26W485134987,rwd,coupe,yellow,13.0,50000.0
36900,mercedes-benz,slclass,excellent,8 cylinders,gas,29984.0,clean,automatic,WDBSK71F09F152898,rwd,convertible,black,12.0,104900.0
21000,chevrolet,tahoelt,excellent,8 cylinders,gas,104300.0,clean,automatic,1GNSKBE07DR343114,4wd,SUV,white,8.0,41380.0
6995,mitsubishi,outlandersport,excellent,4 cylinders,gas,99668.0,clean,manual,4A4AP3AU2EE032955,fwd,SUV,white,7.0,20195.0
29800,chevrolet,tahoe,excellent,8 cylinders,gas,97601.0,clean,automatic,1GNSKBKC4GR196625,4wd,SUV,custom,5.0,60500.0
7700,chevrolet,silverado1500,good,8 cylinders,gas,249421.0,clean,automatic,3GCRKSE39AG166806,4wd,truck,black,11.0,39000.0
14250,kia,soul,excellent,4 cylinders,gas,40961.0,clean,automatic,KNDJP3A50G7322781,fwd,hatchback,grey,5.0,22700.0
15995,ford,escapes,excellent,4 cylinders,gas,59595.0,clean,automatic,1FMCU0F75HUB44309,fwd,SUV,grey,4.0,23500.0
7995,chevrolet,cruze,good,4 cylinders,gas,84064.0,clean,automatic,1G1PC5SB6E7241957,fwd,sedan,red,7.0,19500.0
17400,honda,hrvex,excellent,5 cylinders,gas,32271.0,clean,automatic,3CZRU5H73HM718400,fwd,SUV,blue,4.0,25000.0
29990,ram,1500quadcabtradesman,good,6 cylinders,other,31622.0,clean,other,1C6RR7FG7HS699550,4wd,pickup,white,4.0,36600.0
9990,audi,a4quattropremiumplus,excellent,4 cylinders,gas,80100.0,clean,automatic,WAUFFAFL1BA093105,4wd,sedan,blue,10.0,38900.0
24988,chevrolet,equinox,like new,4 cylinders,gas,14925.0,clean,automatic,2GNAXSEV0J6238043,4wd,SUV,grey,3.0,29500.0
41590,buick,enclaveavenirsport,good,6 cylinders,gas,29010.0,clean,other,5GAERDKWXLJ231184,fwd,SUV,red,1.0,48500.0
20990,hyundai,equussignaturesedan4d,good,8 cylinders,gas,45720.0,clean,other,KMHGH4JH7DU069975,rwd,sedan,white,8.0,60900.0
11995,nissan,rogueselect,excellent,4 cylinders,gas,73000.0,clean,automatic,JN8AS5MT0FW650201,fwd,SUV,grey,6.0,24300.0
2995,ford,focusse,good,4 cylinders,gas,229000.0,clean,automatic,1FAHP3K24CL213671,fwd,hatchback,black,9.0,19500.0
39995,cadillac,escaladepremium,like new,8 cylinders,gas,85500.0,clean,automatic,1GYS3PKJ4FR577899,rwd,SUV,black,6.0,82650.0
29990,chevrolet,coloradocrewcabwork,good,6 cylinders,gas,11401.0,clean,other,1GCGTBEN7J1162712,4wd,pickup,red,3.0,33700.0
7995,dodge,grandcaravan,like new,6 cylinders,gas,160440.0,clean,automatic,2C4RDGCG1CR295794,fwd,van,silver,9.0,27995.0
36999,jeep,wranglerunlimitedrubicon,good,6 cylinders,gas,40000.0,clean,automatic,1C4BJWEG0HL542126,rwd,SUV,white,4.0,39790.0
25995,chevrolet,silverado1500,excellent,8 cylinders,gas,117795.0,clean,automatic,3GCPCREC5EG186957,rwd,pickup,black,7.0,38500.0
15800,lexus,gx470,good,8 cylinders,gas,196250.0,clean,automatic,JTJBT20X650075377,4wd,SUV,silver,16.0,48500.0
16211,subaru,legacy,good,6 cylinders,gas,70045.0,clean,automatic,4S3BNEN63F3046868,4wd,sedan,grey,6.0,32750.0
23990,jeep,wranglersaharasport,good,6 cylinders,gas,66649.0,clean,other,1C4AJWBG1CL242975,4wd,other,red,9.0,30500.0
5990,mazda,tribute,good,6 cylinders,gas,154830.0,clean,automatic,4F2YU08192KM22599,4wd,SUV,grey,19.0,24700.0
37990,ford,mustanggtcoupe2d,good,8 cylinders,gas,337.0,clean,other,1FA6P8CF8K5199377,rwd,coupe,black,2.0,43000.0
8995,nissan,maxima,excellent,6 cylinders,gas,122545.0,clean,automatic,1N4AA5AP7AC802108,fwd,other,black,11.0,30990.0
10400,dodge,journeycrew,excellent,6 cylinders,gas,69000.0,clean,automatic,3D4PG5FG3BT509634,fwd,SUV,blue,10.0,23900.0
28444,jeep,grandcherokee,like new,6 cylinders,gas,45646.0,clean,automatic,1C4RJEAG1HC663908,fwd,SUV,silver,4.0,30690.0
6950,ford,fusions,excellent,4 cylinders,gas,199020.0,clean,automatic,1FA6P0G76G5136032,fwd,sedan,white,5.0,22000.0
12990,mercedes-benz,cclass,excellent,6 cylinders,gas,114438.0,clean,automatic,WDDGF8AB5ER318734,4wd,sedan,black,7.0,38700.0
29500,hyundai,sonatalimited,new,4 cylinders,gas,403.0,lien,automatic,5NPEH4J21LH038284,fwd,coupe,blue,1.0,33700.0
19900,chevrolet,tahoe,excellent,8 cylinders,gas,65751.0,clean,automatic,1GNSCBE06BR291713,rwd,SUV,custom,10.0,42000.0
29990,chevrolet,coloradoextendedcab,good,6 cylinders,gas,17302.0,clean,other,1GCHTCE37G1186784,4wd,pickup,red,5.0,36800.0
27990,gmc,sierra2500hdextendedcab,good,8 cylinders,gas,68696.0,clean,other,1GT220CG8CZ231238,4wd,pickup,black,9.0,40000.0
5500,acura,rdx,good,4 cylinders,gas,182974.0,clean,automatic,5J8TB18547A006483,4wd,SUV,grey,14.0,33900.0
38590,chevrolet,corvettegrandsport,good,8 cylinders,gas,32086.0,clean,automatic,1G1YW3DW4C5101754,rwd,convertible,white,9.0,58100.0
28990,bmw,m3convertible2d,good,8 cylinders,gas,70703.0,clean,other,WBSDX9C57CE785089,rwd,other,silver,9.0,65000.0
9995,cadillac,escalade,excellent,8 cylinders,gas,214053.0,clean,automatic,1GYFK63867R333957,4wd,SUV,white,14.0,64830.0
10800,hyundai,accent,excellent,4 cylinders,gas,54696.0,clean,manual,KMHCT5AE8HU326236,fwd,sedan,red,4.0,15900.0
13998,honda,pilotexl,good,6 cylinders,gas,143428.0,clean,automatic,5FNYF4H55CB054778,4wd,SUV,grey,9.0,38900.0
35850,mercedes-benz,cclass,excellent,6 cylinders,gas,56950.0,clean,automatic,55SWF6EB2HU210679,4wd,sedan,black,4.0,52000.0
2995,chevrolet,malibu,good,4 cylinders,gas,116193.0,clean,other,1G1ZS51F56F297315,fwd,sedan,blue,15.0,19695.0
24900,jeep,cherokeelatitudeplus,excellent,6 cylinders,gas,42400.0,clean,automatic,1C4PJMLX2KD125315,4wd,SUV,grey,2.0,31900.0
25000,chevrolet,tahoeltz,good,8 cylinders,other,184663.0,clean,automatic,1GNSKCKCXGR208766,4wd,other,silver,5.0,59800.0
10995,chevrolet,silverado1500,good,8 cylinders,gas,153583.0,clean,automatic,1GCEK19068Z182688,4wd,truck,blue,13.0,29500.0
3900,ford,focus,excellent,4 cylinders,gas,164867.0,clean,automatic,1FAFP31N26W218891,fwd,hatchback,black,15.0,13800.0
41950,jeep,grandcherokeelimited,excellent,6 cylinders,gas,2441.0,clean,automatic,1C4RJFBG4LC361476,4wd,SUV,blue,1.0,42800.0
31990,ford,superdutyf550drw,good,8 cylinders,diesel,59429.0,clean,automatic,1FDAW57P46ED02529,4wd,truck,red,15.0,56000.0
19800,ford,explorer,excellent,6 cylinders,gas,96281.0,clean,automatic,1FM5K8F81FGB54384,4wd,wagon,silver,6.0,42130.0
23995,buick,envision,excellent,4 cylinders,gas,43323.0,clean,automatic,LRBFX1SA2JD007686,fwd,SUV,brown,3.0,33500.0
9998,nissan,juke,excellent,4 cylinders,gas,94431.0,clean,automatic,JN8AF5MV1ET364802,4wd,SUV,yellow,7.0,25000.0
25990,chevrolet,silverado1500regular,good,8 cylinders,other,82140.0,clean,automatic,1GCNKREC1EZ373672,4wd,pickup,black,7.0,38965.0
7495,chevrolet,cruze,excellent,4 cylinders,gas,108000.0,clean,manual,1G1PK5S94B7268411,fwd,sedan,blue,10.0,18900.0
39995,chevrolet,silverado3500hd4x4,like new,8 cylinders,gas,42522.0,clean,automatic,1GB4KYCG5HF134082,4wd,truck,white,4.0,40185.0
9995,ford,fusion,like new,4 cylinders,gas,65235.0,clean,automatic,3FAHP0JA3CR299290,fwd,sedan,red,9.0,24300.0
38990,infiniti,qx60luxesportutility,good,6 cylinders,gas,5279.0,clean,other,5N1DL0MN9LC508268,fwd,other,black,1.0,45100.0
29990,chevrolet,coloradocrewcabwork,good,6 cylinders,gas,11401.0,clean,other,1GCGTBEN7J1162712,4wd,pickup,red,3.0,35300.0
4995,subaru,outback25ilimited,fair,4 cylinders,gas,249600.0,clean,automatic,4S4BP62C657337684,4wd,wagon,silver,16.0,26500.0
11495,jeep,patriot,good,4 cylinders,gas,96984.0,clean,automatic,1C4NJRBBXFD135929,4wd,SUV,silver,6.0,21500.0
9900,ford,f150xlt4wd,good,8 cylinders,gas,126953.0,clean,automatic,1FTRF14V78KC58114,4wd,pickup,red,13.0,33500.0
16699,nissan,altima25,like new,4 cylinders,gas,56039.0,clean,automatic,1N4AL3AP5GC115233,fwd,sedan,silver,5.0,23400.0
22590,buick,enclaveconveniencesport,good,6 cylinders,gas,48262.0,clean,other,5GAKRAKD4HJ276564,fwd,other,blue,4.0,38900.0
35990,ford,mustanggtpremiumcoupe2d,good,8 cylinders,gas,4899.0,clean,other,1FA6P8CF9F5375018,rwd,coupe,red,6.0,40500.0
39590,lincoln,continentalreserve,good,6 cylinders,other,7528.0,clean,other,1LN6L9RP9K5606808,fwd,sedan,black,2.0,60000.0
27893,ford,escapeseawd,like new,3 cylinders,gas,5141.0,clean,automatic,1FMCU9G6XLUA90430,4wd,SUV,white,1.0,29200.0
23310,ford,expedition,good,6 cylinders,gas,148308.0,clean,automatic,1FMJU1MT6FEF21265,4wd,SUV,grey,6.0,65000.0
9250,nissan,maxima,good,6 cylinders,gas,105800.0,clean,automatic,1N4AA5AP4EC454547,fwd,sedan,black,7.0,39990.0
23481,ford,expedition,good,6 cylinders,gas,84051.0,clean,automatic,1FMJU1GT6HEA71258,4wd,wagon,white,4.0,52300.0
18995,honda,crv,good,4 cylinders,gas,69554.0,clean,automatic,5J6RM4H55GL116736,4wd,wagon,brown,5.0,29600.0
5900,hyundai,sonata,excellent,4 cylinders,gas,111481.0,clean,automatic,5NPEB4ACXCH397885,fwd,sedan,silver,9.0,20700.0
38990,infiniti,qx60luxesportutility,good,6 cylinders,gas,5279.0,clean,other,5N1DL0MN9LC508268,fwd,other,black,1.0,44000.0
37990,toyota,tundradoublecabsr,good,8 cylinders,gas,22870.0,clean,other,5TFUM5F13GX069124,4wd,pickup,black,5.0,43000.0
12631,honda,civic,excellent,4 cylinders,gas,84576.0,clean,automatic,19XFC2F51GE061732,fwd,sedan,blue,5.0,19500.0
10200,lexus,rx350,excellent,6 cylinders,gas,130393.0,clean,automatic,2T2GK31U78C054551,fwd,SUV,green,13.0,42300.0
2200,honda,crv,good,4 cylinders,gas,229000.0,clean,automatic,JHLRD78892C044405,4wd,SUV,blue,19.0,23500.0
11747,ford,edgelimitedawd,excellent,6 cylinders,gas,126838.0,clean,automatic,2FMDK4KC0DBA18525,4wd,SUV,grey,8.0,43000.0
5100,kia,forte,good,4 cylinders,gas,102000.0,clean,manual,KNAFK4A65G5515276,fwd,sedan,black,5.0,16000.0
34900,ford,edgeselawd,like new,4 cylinders,gas,6000.0,clean,automatic,2FMPK4J99KBC60536,4wd,SUV,silver,2.0,37100.0
4599,buick,lesabre,good,6 cylinders,gas,71182.0,clean,automatic,1G4HP52K43U184247,fwd,sedan,brown,18.0,24500.0
7900,ford,f150,good,8 cylinders,gas,103255.0,clean,automatic,1FTRW07L03KD58469,rwd,truck,red,18.0,21500.0
31990,toyota,tundra4wdtruck,good,8 cylinders,gas,63615.0,clean,automatic,5TFDY5F11EX340621,4wd,truck,black,7.0,42400.0
5995,kia,optima,excellent,4 cylinders,gas,188803.0,clean,automatic,KNAGN4A79B5076404,fwd,sedan,black,10.0,21500.0
13222,honda,civiccpesi,good,4 cylinders,gas,144500.0,clean,manual,2HGFG4A58DH706224,fwd,coupe,blue,8.0,23800.0
15995,honda,pilot,good,6 cylinders,gas,153000.0,clean,automatic,5FNYF4H51EB013728,4wd,SUV,black,7.0,38000.0
33095,ford,f150,good,6 cylinders,gas,159523.0,clean,automatic,1FTEW1EGXHFC92135,4wd,truck,custom,4.0,48000.0
9400,ford,fusionse,excellent,4 cylinders,gas,124624.0,clean,automatic,1FA6P0HD8F5116982,fwd,sedan,black,6.0,22400.0
17900,ford,expeditionlimited4x4gas,like new,6 cylinders,gas,252810.0,clean,automatic,1FMJU2AT2FEF07521,4wd,SUV,grey,6.0,67700.0
46990,chevrolet,corvettestingray,good,8 cylinders,gas,19798.0,clean,other,1G1YB2D77G5108038,rwd,coupe,silver,5.0,55600.0
24750,chevrolet,corvette,excellent,8 cylinders,gas,27001.0,clean,automatic,1G1YY32G835124718,rwd,convertible,custom,18.0,49000.0
28700,lincoln,navigatorsuv,excellent,6 cylinders,gas,88809.0,clean,automatic,5LMJJ2HT5GEL09688,rwd,SUV,grey,5.0,68000.0
10495,hyundai,veloster,good,4 cylinders,gas,20846.0,clean,automatic,KMHTC6AD5DU178201,fwd,coupe,black,8.0,18600.0
41590,buick,enclaveavenirsport,good,6 cylinders,gas,29010.0,clean,other,5GAERDKWXLJ231184,fwd,SUV,red,1.0,58900.0
9981,kia,soul,excellent,4 cylinders,gas,72886.0,clean,automatic,KNDJN2A27F7226649,rwd,wagon,black,6.0,19000.0
28350,jeep,wranglerunlimited,excellent,6 cylinders,gas,77650.0,clean,automatic,1C4BJWEG2EL285823,4wd,wagon,red,7.0,31195.0
28990,jeep,wranglerunlimitedsahara,good,6 cylinders,gas,69856.0,clean,other,1C4BJWEG4GL330960,4wd,SUV,red,5.0,35490.0
9450,jeep,patriotlatitude,excellent,4 cylinders,gas,119879.0,clean,automatic,1C4NJRFB5FD183798,4wd,SUV,grey,6.0,24500.0
15499,ford,edge,like new,6 cylinders,gas,31512.0,clean,automatic,2FMPK4G90HBB73558,4wd,SUV,silver,4.0,28490.0
13998,chevrolet,equinox,excellent,4 cylinders,gas,99743.0,clean,automatic,2GNALBEK2F6111318,fwd,SUV,black,6.0,24500.0
37400,ram,3500,like new,6 cylinders,diesel,163868.0,clean,automatic,3C63R3GL6FG534202,4wd,truck,white,6.0,48500.0
9850,chevrolet,montecarlo,good,6 cylinders,gas,106749.0,rebuilt,automatic,2G1WZ151549436130,fwd,coupe,black,17.0,23650.0
11495,subaru,forester25ipremium,excellent,4 cylinders,gas,108877.0,clean,automatic,JF2SJAEC7EH479218,4wd,SUV,black,7.0,27200.0
10300,honda,crv,excellent,4 cylinders,gas,138965.0,clean,automatic,5J6RM4H7XCL063737,4wd,SUV,white,9.0,30320.0
6500,mazda,mazda6isport,good,4 cylinders,gas,133000.0,clean,manual,1YVHZ8BH3D5M10272,fwd,sedan,silver,8.0,23000.0
4900,kia,forte,good,4 cylinders,gas,177822.0,clean,automatic,KNAFU4A27A5175112,fwd,sedan,custom,11.0,16000.0
27990,gmc,sierra2500hdextendedcab,good,8 cylinders,gas,68696.0,clean,other,1GT220CG8CZ231238,4wd,pickup,black,9.0,38800.0
5699,chevrolet,cruze1lt,excellent,4 cylinders,gas,105871.0,clean,automatic,1G1PC5SB4D7199805,fwd,sedan,silver,8.0,18600.0
14900,ford,f150lariat4x4,excellent,8 cylinders,gas,128879.0,clean,automatic,1FTPW145X5KE78530,4wd,pickup,black,16.0,35700.0
7995,ford,mustang,like new,6 cylinders,gas,92000.0,clean,automatic,1ZVHT80N895132537,rwd,coupe,silver,12.0,25000.0
49990,ford,superdutyf550drw,good,8 cylinders,diesel,152701.0,clean,automatic,1FD0X5HT6FEC65813,4wd,truck,white,6.0,60000.0
19995,ford,f150,good,8 cylinders,gas,129235.0,clean,automatic,1FTFW1EF7DFA84283,4wd,truck,black,8.0,38500.0
7500,jeep,patriot,excellent,4 cylinders,gas,135460.0,clean,automatic,1C4NJRFB5DD124229,4wd,SUV,white,8.0,24495.0
37990,chevrolet,camarosscoupe2d,good,8 cylinders,gas,9704.0,clean,other,1G1FF1R79G0140582,rwd,coupe,red,5.0,38400.0
16995,chevrolet,camarolt,good,6 cylinders,gas,95644.0,clean,automatic,2G1FD1E34F9181683,rwd,coupe,black,6.0,24800.0
47995,chevrolet,corvette,good,8 cylinders,gas,13701.0,clean,automatic,1G1YB2D7XF5117511,rwd,coupe,white,6.0,55000.0
5497,honda,element,excellent,4 cylinders,gas,215988.0,clean,automatic,5J6YH28786L011466,4wd,SUV,silver,15.0,24300.0
39995,chevrolet,silverado1500,good,8 cylinders,gas,68434.0,clean,automatic,3GCUKTEC6GG207742,4wd,truck,white,5.0,49500.0
15900,jeep,wrangler,excellent,6 cylinders,gas,85500.0,clean,manual,1J4FA39S95P325588,4wd,truck,black,16.0,25120.0
7895,hyundai,accent,excellent,4 cylinders,gas,72142.0,clean,automatic,KMHCT5AEXFU207651,fwd,hatchback,blue,6.0,15900.0
12800,subaru,outback,excellent,4 cylinders,gas,78458.0,clean,automatic,4S4BRBCC8D3267614,4wd,wagon,blue,8.0,26995.0
27497,jeep,wrangler,excellent,6 cylinders,gas,80439.0,clean,automatic,1C4BJWDG6GL344523,4wd,SUV,black,5.0,28690.0
4488,honda,pilotlx,good,6 cylinders,gas,218022.0,clean,automatic,2HKYF18123H590682,4wd,SUV,white,18.0,30745.0
10979,ford,fusion,good,4 cylinders,gas,96381.0,clean,automatic,3FA6P0H75DR212430,fwd,sedan,silver,8.0,22000.0
2900,chevrolet,malibu,salvage,4 cylinders,gas,200000.0,salvage,automatic,1G11H5SA9DF216022,fwd,sedan,custom,8.0,24000.0
37990,chevrolet,camarosscoupe2d,good,8 cylinders,gas,9704.0,clean,other,1G1FF1R79G0140582,rwd,coupe,red,5.0,38900.0
22998,ford,f150,excellent,6 cylinders,gas,110635.0,clean,automatic,1FTEX1E81GFB73815,4wd,pickup,grey,5.0,38500.0
9950,nissan,murano,excellent,6 cylinders,gas,134191.0,clean,automatic,JN8AZ1MW0BW159216,4wd,SUV,blue,10.0,34650.0
5850,infiniti,g35,excellent,6 cylinders,gas,140200.0,clean,automatic,JNKCV51E34M616312,rwd,sedan,white,17.0,35000.0
19995,fiat,124spider,excellent,4 cylinders,gas,25005.0,clean,manual,JC1NFAEK6H0116834,rwd,convertible,grey,4.0,25000.0
6990,jeep,grandcherokeelaredo,excellent,6 cylinders,gas,122202.0,clean,automatic,1J8GR48K88C101856,4wd,SUV,silver,13.0,32400.0
14497,bmw,535ixdrive,excellent,6 cylinders,gas,100458.0,clean,automatic,WBAFU7C50DDU69258,4wd,sedan,grey,8.0,58000.0
27990,gmc,sierra2500hdextendedcab,good,8 cylinders,gas,68696.0,clean,other,1GT220CG8CZ231238,4wd,pickup,black,9.0,41380.0
26500,jeep,cherokeelimited,like new,4 cylinders,gas,10456.0,clean,automatic,1C4PJLDB5LD503481,fwd,SUV,black,1.0,32990.0
33888,chevrolet,silverado,excellent,8 cylinders,gas,88880.0,clean,automatic,3GCPCREC9FG114645,rwd,truck,white,6.0,38500.0
19950,dodge,charger,excellent,6 cylinders,gas,74142.0,clean,automatic,2C3CDXCT2EH277689,rwd,sedan,black,7.0,33000.0
27590,acura,tlx35sedan4d,good,6 cylinders,gas,20420.0,clean,other,19UUB2F36JA005838,fwd,sedan,black,3.0,35400.0
9900,chrysler,200limited,like new,4 cylinders,gas,118437.0,clean,automatic,1C3CCCAB7FN621547,fwd,sedan,blue,6.0,22800.0
1900,buick,lesabre,good,6 cylinders,gas,174614.0,clean,automatic,1G4HR54K01U222626,fwd,sedan,white,20.0,28945.0
13495,ford,fusion,like new,4 cylinders,gas,42511.0,clean,automatic,3FA6P0H72DR381658,fwd,sedan,black,8.0,22770.0
3200,dodge,durango,good,8 cylinders,gas,173000.0,clean,automatic,1B4HR38N12F129579,rwd,SUV,red,19.0,29890.0
28590,chevrolet,camarosscoupe2d,good,8 cylinders,gas,16903.0,clean,other,2G1FT1EW5A9116525,rwd,coupe,yellow,11.0,33995.0
29990,chevrolet,coloradocrewcabwork,good,6 cylinders,gas,11401.0,clean,other,1GCGTBEN7J1162712,4wd,pickup,red,3.0,34000.0
3999,chevrolet,impalals,excellent,6 cylinders,gas,166914.0,clean,automatic,2G1WB57N091170792,fwd,sedan,silver,12.0,24000.0
22999,porsche,911carreracabriolet,like new,6 cylinders,gas,84899.0,clean,automatic,WP0CA29991S654766,rwd,convertible,grey,20.0,65000.0
8995,subaru,outback,good,4 cylinders,gas,145902.0,clean,automatic,4S4BRCCC0D3222804,4wd,wagon,blue,8.0,27000.0
5500,honda,accordexl,excellent,4 cylinders,gas,146700.0,clean,automatic,JHMCM56824C009801,fwd,sedan,silver,17.0,23800.0
9999,lexus,rx350awd,excellent,6 cylinders,gas,182604.0,clean,automatic,JTJHK31U282041520,4wd,SUV,red,13.0,42350.0
6999,honda,crz,good,4 cylinders,gas,146989.0,clean,automatic,JHMZF1D63BS009274,rwd,hatchback,red,10.0,19990.0
14999,jeep,grandcherokeelimited,like new,8 cylinders,gas,119550.0,clean,automatic,1C4RJEBT8EC123866,rwd,SUV,blue,7.0,44800.0
32990,ram,1500quadcabharvestpickup,good,6 cylinders,gas,29979.0,clean,other,1C6RR7GG9JS229010,4wd,pickup,black,3.0,38000.0
21288,nissan,roguesl,good,4 cylinders,gas,73561.0,clean,automatic,5N1AT2MT0KC701680,fwd,other,orange,2.0,26600.0
9795,honda,civic,like new,4 cylinders,gas,99515.0,clean,automatic,2HGFB2F50DH533066,fwd,sedan,black,8.0,19450.0
12990,mazda,cx5touring,excellent,4 cylinders,gas,90374.0,clean,automatic,JM3KE2CEXD0127610,fwd,SUV,red,8.0,24750.0
29990,chevrolet,silverado1500double,good,8 cylinders,gas,26129.0,clean,other,1GCVKREC7EZ196951,4wd,pickup,brown,7.0,38500.0
4795,honda,fitsportautomatic,good,4 cylinders,gas,215850.0,clean,automatic,JHMGE88499S015831,fwd,hatchback,red,12.0,16300.0
8000,toyota,sequoia,good,8 cylinders,gas,226600.0,clean,automatic,5TDBT48A36S261925,4wd,SUV,grey,15.0,39500.0
10900,volkswagen,passat,excellent,4 cylinders,diesel,83000.0,clean,automatic,1VWBN7A33DC079466,fwd,sedan,silver,8.0,26600.0
9499,mazda,cx9,good,6 cylinders,gas,111381.0,clean,automatic,JM3TB3DV0C0366910,4wd,SUV,grey,9.0,42000.0
26780,ford,f350superduty,excellent,8 cylinders,diesel,149865.0,clean,automatic,1FT8W3BT5DEB69997,4wd,truck,white,8.0,57000.0
11995,kia,sedona,excellent,6 cylinders,gas,101463.0,clean,automatic,KNDMB5C17G6086606,fwd,mini-van,grey,5.0,30300.0
36990,gmc,sierra2500hddoublecab,good,8 cylinders,gas,23190.0,clean,other,1GT22REG1GZ401351,4wd,pickup,black,5.0,45000.0
7995,chevrolet,malibu,good,4 cylinders,gas,147989.0,clean,manual,1G11E5SL6EF237616,fwd,sedan,black,7.0,22675.0
26280,jeep,wranglerunlimited,good,6 cylinders,gas,91123.0,clean,automatic,1C4BJWEG5EL111213,4wd,SUV,custom,7.0,33790.0
29990,chevrolet,coloradoextendedcab,good,6 cylinders,gas,17302.0,clean,other,1GCHTCE37G1186784,4wd,pickup,red,5.0,37100.0
32990,chevrolet,silverado1500double,good,6 cylinders,gas,36183.0,clean,other,1GCVKREH8HZ256591,4wd,pickup,red,4.0,38800.0
6000,dodge,grandcaravan,excellent,6 cylinders,gas,124478.0,clean,automatic,2D8HN54PX8R110744,fwd,van,red,13.0,26325.0
20590,chrysler,300limitedsedan4d,good,6 cylinders,gas,71021.0,clean,other,2C3CCAEG6JH123125,rwd,sedan,black,3.0,35445.0
14838,hyundai,elantrasel,good,4 cylinders,gas,72963.0,clean,automatic,5NPD84LF6JH298821,fwd,sedan,blue,3.0,22400.0
38990,infiniti,qx60luxesportutility,good,6 cylinders,gas,5279.0,clean,other,5N1DL0MN9LC508268,fwd,other,black,1.0,44900.0
13995,dodge,charger,excellent,6 cylinders,gas,107098.0,clean,automatic,2C3CDXBG5DH624970,rwd,sedan,black,8.0,26595.0
36590,volkswagen,atlascrosssportse,good,6 cylinders,gas,12005.0,clean,other,1V2YE2CA7LC214067,fwd,other,blue,1.0,38400.0
14995,toyota,4runner,excellent,8 cylinders,gas,171540.0,clean,automatic,JTEBT17R648015793,4wd,SUV,white,17.0,43100.0
21945,ford,edge,excellent,6 cylinders,gas,91666.0,clean,automatic,2FMPK4AP1JBB65837,4wd,SUV,silver,3.0,39495.0
24987,chevrolet,silverado1500work,good,8 cylinders,other,115828.0,clean,automatic,3GCUKNEC6HG150455,4wd,pickup,white,4.0,38500.0
10670,honda,civiclx,excellent,4 cylinders,gas,93634.0,clean,automatic,19XFB2F57DE087881,fwd,sedan,black,8.0,19600.0
15950,lincoln,navigator,excellent,8 cylinders,gas,105512.0,clean,automatic,5LMJJ2J51CEL02078,4wd,SUV,white,9.0,61500.0
1500,honda,odyssey5drex,fair,6 cylinders,gas,259923.0,clean,automatic,5FNRL18612B013678,fwd,mini-van,silver,19.0,31280.0
5600,ford,f150xlt,good,6 cylinders,gas,143000.0,clean,automatic,1FTRX17263NA49341,rwd,pickup,blue,18.0,19995.0
10995,volkswagen,jettatdi,good,4 cylinders,diesel,94044.0,clean,automatic,3VWLL7AJ4DM394882,fwd,sedan,black,8.0,24900.0
25688,jeep,wranglerunlimitedsport,good,6 cylinders,gas,76286.0,clean,manual,1J4HA3H17BL575321,4wd,other,black,10.0,30500.0
8900,fiat,500llounge,good,4 cylinders,gas,84778.0,clean,automatic,ZFBCFACH0EZ002677,fwd,hatchback,red,7.0,25000.0
21400,mercedes-benz,slclass,excellent,8 cylinders,gas,24156.0,clean,automatic,WDBSK75F03F030365,rwd,convertible,red,18.0,85000.0
33590,lexus,gx460sportutility4d,good,8 cylinders,gas,55383.0,clean,other,JTJBM7FX8G5129379,4wd,other,black,5.0,63250.0
11990,ford,explorerxltawd,excellent,6 cylinders,gas,146000.0,clean,automatic,1FM5K8D8XDGA96985,4wd,SUV,black,8.0,38900.0
3940,chevrolet,impala,excellent,6 cylinders,gas,179750.0,clean,automatic,2G1WB57K691257568,fwd,sedan,white,12.0,22000.0
9999,ford,expeditioneddiebauer,excellent,8 cylinders,gas,158621.0,clean,automatic,1FMFU18518LA13866,4wd,SUV,white,13.0,46700.0
34990,lexus,rx350sportutility4d,good,6 cylinders,gas,12250.0,clean,other,2T2ZZMCA5HC061706,fwd,other,red,4.0,44200.0
7995,dodge,dart,excellent,4 cylinders,gas,67797.0,clean,automatic,1C3CDFAA0FD187550,fwd,sedan,white,6.0,16600.0
9999,ford,fusion,excellent,4 cylinders,gas,83868.0,clean,automatic,3FA6P0H75ER127119,fwd,sedan,custom,7.0,23500.0
13500,honda,odyssey,excellent,6 cylinders,gas,138258.0,clean,automatic,5FNRL5H99CB118701,fwd,van,black,9.0,42150.0
36990,ford,f150supercrewcabxlt,good,6 cylinders,other,15443.0,clean,automatic,1FTEW1EG9HFC85502,4wd,pickup,red,4.0,42000.0
29590,ford,expeditionxltsport,good,6 cylinders,gas,70760.0,clean,other,1FMJU1JT1HEA52352,4wd,SUV,blue,4.0,56800.0
25990,chevrolet,silverado1500regular,good,8 cylinders,other,82140.0,clean,automatic,1GCNKREC1EZ373672,4wd,pickup,black,7.0,38500.0
35900,gmc,sierra2500hd,excellent,8 cylinders,diesel,163000.0,clean,automatic,1GT121E80CF143079,4wd,truck,red,9.0,53000.0
37990,ram,1500crewcabbighorn,good,8 cylinders,gas,26610.0,clean,automatic,3C6RR7LTXJG197145,4wd,pickup,blue,3.0,40800.0
20790,chrysler,pacificatouring,excellent,6 cylinders,gas,77944.0,clean,automatic,2C4RC1DG9JR310537,fwd,van,black,3.0,32695.0
4200,dodge,avenger,good,4 cylinders,gas,142020.0,clean,automatic,1B3CC1FBXAN175753,fwd,sedan,red,11.0,19730.0
30900,ford,mustanggtpremium,like new,8 cylinders,gas,58880.0,clean,manual,1FA6P8CF8F5325355,rwd,coupe,white,6.0,42000.0
3600,honda,crv,excellent,4 cylinders,gas,290836.0,clean,automatic,JHLRD78483C022197,4wd,SUV,custom,18.0,23500.0
38590,chevrolet,corvettegrandsport,good,8 cylinders,gas,30237.0,clean,other,1G1YR3DW3B5102190,rwd,other,red,10.0,61700.0
32995,toyota,tundra,good,8 cylinders,gas,40951.0,clean,automatic,5TFUM5F1XJX074778,4wd,pickup,red,3.0,40000.0
49990,ford,superdutyf550drw,good,8 cylinders,diesel,152701.0,clean,automatic,1FD0X5HT6FEC65813,4wd,truck,white,6.0,60000.0
9995,kia,sportageex,excellent,4 cylinders,gas,120000.0,clean,automatic,KNDPC3ACXE7574927,fwd,SUV,blue,7.0,24200.0
45300,ram,3500bighorn,excellent,6 cylinders,diesel,34125.0,rebuilt,automatic,3C63R3LL4JG236634,4wd,truck,black,3.0,50750.0
16995,chevrolet,silverado1500,excellent,6 cylinders,gas,138526.0,clean,automatic,1GCRCPEH0FZ181630,rwd,pickup,white,6.0,26000.0
29990,chevrolet,coloradoextendedcab,good,6 cylinders,gas,17302.0,clean,other,1GCHTCE37G1186784,4wd,pickup,red,5.0,35500.0
26590,gmc,acadialimitedsportutility,good,6 cylinders,gas,41205.0,clean,other,1GKKRSKD6HJ133334,fwd,other,blue,4.0,43800.0
45995,ram,3500,excellent,6 cylinders,diesel,171416.0,clean,automatic,3C63RRKLXGG144280,4wd,pickup,black,5.0,67650.0
15900,audi,q7v8prestige,excellent,8 cylinders,gas,42199.0,clean,automatic,WA1BV74L07D040678,4wd,SUV,black,14.0,49500.0
7100,honda,odyssey,excellent,6 cylinders,gas,175877.0,clean,automatic,5FNRL5H27BB012507,fwd,mini-van,grey,10.0,28500.0
13494,ford,explorer,excellent,6 cylinders,gas,157500.0,clean,automatic,1FM5K8D81FGB59216,4wd,wagon,white,6.0,38600.0
29990,chevrolet,coloradoextendedcab,good,6 cylinders,gas,17302.0,clean,other,1GCHTCE37G1186784,4wd,pickup,red,5.0,35000.0
8995,chevrolet,sonic,excellent,4 cylinders,gas,64891.0,clean,manual,1G1JB6SH2G4114517,fwd,hatchback,grey,5.0,15700.0
24995,mercedes-benz,eclass,excellent,6 cylinders,gas,52972.0,clean,automatic,WDDHF5KB2GB301077,rwd,sedan,blue,5.0,52300.0
11500,ford,f150xlt,good,6 cylinders,gas,72000.0,salvage,automatic,1FTEW1C87FFC85149,rwd,truck,black,6.0,27400.0
17700,audi,q7quattropremiumplus,like new,6 cylinders,gas,113609.0,clean,automatic,WA1LGAFE9ED019500,4wd,SUV,black,7.0,62000.0
39590,mercedes-benz,eclasse400,good,6 cylinders,gas,34803.0,clean,automatic,WDD1J6FBXJF018412,rwd,coupe,black,3.0,68250.0
9995,chevrolet,impalalimited,like new,6 cylinders,gas,91039.0,clean,automatic,2G1WA5E37F1122836,fwd,sedan,grey,6.0,24500.0
20990,jeep,wranglersportsuv2d,good,6 cylinders,gas,78712.0,clean,other,1J4AA2D15BL577425,4wd,SUV,red,10.0,26000.0
40950,toyota,tundracrewmax,excellent,8 cylinders,gas,19367.0,clean,automatic,5TFDY5F16JX754357,4wd,truck,white,3.0,40950.0
21590,hyundai,genesis38sedan4d,good,6 cylinders,gas,60935.0,clean,automatic,KMHGN4JE6GU107876,rwd,sedan,white,5.0,37900.0
12995,honda,accordcrosstour,excellent,6 cylinders,gas,56405.0,clean,automatic,5J6TF2H58BL007989,4wd,wagon,silver,10.0,32850.0
11995,ford,f150,excellent,8 cylinders,gas,83478.0,clean,automatic,1FTRX18LX3NA30203,4wd,truck,silver,18.0,31700.0
26990,jeep,wranglersportsutility2d,good,6 cylinders,gas,27044.0,clean,other,1C4AJWAG4HL560145,4wd,other,red,4.0,29990.0
46900,chevrolet,silverado3500hd,excellent,8 cylinders,diesel,138000.0,clean,automatic,1GC4K0E86FF139095,4wd,truck,red,6.0,59200.0
8495,chrysler,townandcountry,good,6 cylinders,gas,162000.0,clean,automatic,2C4RC1BG4DR744145,fwd,mini-van,silver,8.0,30500.0
29995,chevrolet,colorado,good,6 cylinders,gas,57000.0,clean,automatic,1GCGTDE37G1226993,4wd,truck,black,5.0,38500.0
36990,ford,f150supercrewcabxlt,good,6 cylinders,other,15443.0,clean,automatic,1FTEW1EG9HFC85502,4wd,pickup,red,4.0,45200.0
29590,ford,expeditionxltsport,good,6 cylinders,gas,70760.0,clean,other,1FMJU1JT1HEA52352,4wd,SUV,blue,4.0,55435.0
16990,dodge,grandcaravanpassenger,good,6 cylinders,gas,43311.0,clean,other,2C4RDGBG9GR359314,fwd,van,white,5.0,27600.0
59968,chevrolet,silverado2500hdltz,good,8 cylinders,other,33959.0,clean,automatic,1GC1KWEY2JF259670,4wd,pickup,black,3.0,61000.0
18988,hyundai,santafesport24l,good,4 cylinders,gas,58612.0,clean,automatic,5XYZT3LB5JG561030,fwd,other,silver,3.0,25700.0
44990,ford,superdutyf550drw,good,8 cylinders,diesel,52307.0,clean,automatic,1FDUF5HT3CEA93689,4wd,truck,white,9.0,49300.0
38900,chevrolet,silverado2500hd,excellent,8 cylinders,diesel,132000.0,clean,automatic,1GC1KYC84CF110727,4wd,truck,silver,9.0,54000.0
22900,jeep,grandcherokee,excellent,6 cylinders,gas,72000.0,clean,automatic,1C4RJFAG2GC365601,4wd,SUV,grey,5.0,33000.0
38990,jeep,wranglerunlimitedrubicon,good,6 cylinders,gas,20676.0,clean,other,1C4BJWFG3HL547853,4wd,other,red,4.0,42790.0
10900,gmc,terrain,excellent,4 cylinders,gas,101000.0,clean,automatic,2GKALSEK7D6379677,fwd,SUV,silver,8.0,29995.0
17590,buick,lacrossepremiumiisedan,good,6 cylinders,gas,40737.0,clean,other,1G4GH5E34DF167600,fwd,sedan,white,8.0,36000.0
26480,ford,f150,excellent,8 cylinders,gas,92005.0,clean,automatic,1FTFW1EF8DKD22374,4wd,truck,grey,8.0,40800.0
9495,chevrolet,malibult,like new,4 cylinders,gas,87051.0,clean,automatic,1G1ZC5E06CF324410,fwd,sedan,blue,9.0,23960.0
12495,kia,forte,good,4 cylinders,gas,78582.0,clean,automatic,KNAFX4A84F5380681,fwd,sedan,grey,6.0,19000.0
35590,dodge,challengersrt8coupe2d,good,8 cylinders,gas,16796.0,clean,other,2B3CJ7DJ7BH589702,rwd,coupe,green,10.0,42995.0
10990,chevrolet,silverado1500,excellent,8 cylinders,gas,150731.0,clean,automatic,1GCEK19J87Z550716,4wd,pickup,red,14.0,34700.0
4995,toyota,rav4,good,4 cylinders,gas,166000.0,clean,automatic,JTMBD33V265042929,4wd,SUV,blue,15.0,23800.0
11990,ford,f250,excellent,8 cylinders,gas,111767.0,clean,automatic,1FTNF20519EB05254,rwd,truck,white,12.0,32000.0
5895,honda,accordsdn,excellent,4 cylinders,gas,152480.0,clean,automatic,1HGCM56877A023681,fwd,sedan,blue,14.0,24000.0
5950,hyundai,tiburon,like new,4 cylinders,gas,78000.0,clean,automatic,KMHHM66D68U291723,fwd,coupe,silver,13.0,18000.0
37590,bmw,7series750isedan4d,good,8 cylinders,gas,38596.0,clean,automatic,WBA7F0C55GGM20775,rwd,sedan,black,5.0,90000.0
29990,chevrolet,coloradoextendedcab,good,6 cylinders,gas,17302.0,clean,other,1GCHTCE37G1186784,4wd,pickup,red,5.0,35900.0
7495,volkswagen,passat,excellent,4 cylinders,diesel,157118.0,clean,automatic,1VWBN7A39DC145213,fwd,sedan,grey,8.0,23500.0
8995,honda,civiclxsedan,excellent,4 cylinders,gas,42946.0,clean,automatic,19XFB2F5XDE042773,fwd,sedan,silver,8.0,19600.0
6200,ford,escapexlt,good,4 cylinders,gas,137030.0,clean,automatic,1FMCU9D79CKB63196,4wd,SUV,grey,9.0,25300.0
28990,bmw,m3convertible2d,good,8 cylinders,gas,70703.0,clean,other,WBSDX9C57CE785089,rwd,other,silver,9.0,63000.0
19999,ford,f150,good,8 cylinders,gas,82109.0,clean,automatic,1FTFX1EV4AFB37120,4wd,pickup,red,11.0,35700.0
27990,toyota,tundradoublecabpickup,good,8 cylinders,gas,73160.0,clean,other,5TFUW5F19DX287994,4wd,pickup,black,8.0,39500.0
7997,chevrolet,cruze1lt,good,4 cylinders,gas,94567.0,clean,automatic,1G1PC5SB9E7475333,fwd,sedan,blue,7.0,19425.0
23995,chevrolet,traverse,good,6 cylinders,gas,43082.0,clean,automatic,1GNKVFED3HJ323741,4wd,SUV,silver,4.0,36300.0
30995,volkswagen,atlas,like new,6 cylinders,gas,28812.0,clean,automatic,1V2CR2CA1JC558389,fwd,SUV,white,3.0,40500.0
26995,chevrolet,suburban,good,8 cylinders,gas,93970.0,clean,automatic,1GNSKHKC9FR281803,4wd,SUV,black,6.0,58860.0
25995,buick,lacrossepremium,excellent,6 cylinders,gas,24703.0,clean,automatic,1G4ZR5SS8HU200424,fwd,sedan,red,4.0,38500.0
5999,jeep,liberty4x4,excellent,6 cylinders,gas,170204.0,clean,automatic,1J4GL58K04W232569,4wd,SUV,silver,17.0,28300.0
4000,chevrolet,impalals,excellent,6 cylinders,gas,162150.0,salvage,automatic,2G1WA5EN1A1125743,fwd,sedan,grey,11.0,24100.0
7998,chevrolet,malibuls,good,4 cylinders,gas,61441.0,clean,automatic,1G1ZS51F26F297059,fwd,sedan,red,15.0,19995.0
44995,ford,superdutyf450drw,excellent,8 cylinders,diesel,195696.0,clean,automatic,1FT8W4DT2HEF08871,4wd,pickup,white,4.0,67000.0
6495,nissan,rogue,good,4 cylinders,gas,130657.0,clean,automatic,JN8AS5MV2CW398495,4wd,SUV,grey,9.0,22400.0
5900,ford,f150,excellent,8 cylinders,gas,165417.0,clean,automatic,1FTRX17W41NB64214,rwd,pickup,blue,20.0,22990.0
6495,ford,focus,good,4 cylinders,gas,81073.0,clean,automatic,1FADP3F2XEL370195,fwd,sedan,white,7.0,19800.0
8495,volkswagen,jetta,excellent,4 cylinders,gas,125868.0,clean,automatic,3VW267AJ1GM303753,fwd,sedan,grey,5.0,18400.0
6849,hyundai,sonata,good,4 cylinders,gas,119473.0,clean,automatic,5NPEC4AC7CH399770,fwd,sedan,white,9.0,21500.0
49990,ford,superdutyf550drw,good,8 cylinders,diesel,98689.0,clean,automatic,1FD0W5HT7DEB10669,4wd,truck,white,8.0,58000.0
7999,chevrolet,hhrlt,good,4 cylinders,gas,127000.0,clean,automatic,3GNBABFW8BS506403,fwd,hatchback,black,10.0,24650.0
22000,lexus,es3504drsdn,excellent,6 cylinders,gas,83200.0,clean,automatic,JTHBK1GG1G2212236,fwd,sedan,black,5.0,40000.0
37990,chevrolet,camarosscoupe2d,good,8 cylinders,gas,9704.0,clean,other,1G1FF1R79G0140582,rwd,coupe,red,5.0,38500.0
36990,chevrolet,silverado1500crew,good,8 cylinders,gas,19853.0,clean,automatic,3GCUKREC8HG223476,4wd,pickup,white,4.0,42500.0
37995,bmw,330ixdriveawd,excellent,4 cylinders,gas,28222.0,clean,automatic,WBA5R7C09LFH39692,4wd,sedan,black,1.0,41000.0
37990,toyota,tundradoublecabsr,good,8 cylinders,gas,22870.0,clean,other,5TFUM5F13GX069124,4wd,pickup,black,5.0,43900.0
11999,gmc,terrainsle,like new,4 cylinders,gas,91950.0,clean,automatic,2GKFLWEK2F6127688,4wd,SUV,blue,6.0,25900.0
12000,chevrolet,silverado,like new,8 cylinders,gas,215000.0,clean,automatic,1GCHK29U17E127125,4wd,pickup,white,14.0,33500.0
13250,mazda,cx9,excellent,6 cylinders,gas,99249.0,clean,automatic,JM3TB3DV8E0432039,4wd,SUV,white,7.0,41140.0
35590,dodge,challengersrt8coupe2d,good,8 cylinders,gas,16796.0,clean,other,2B3CJ7DJ7BH589702,rwd,coupe,green,10.0,42500.0
31990,ram,1500quadcabharvestpickup,good,6 cylinders,gas,27426.0,clean,other,1C6RR7GG8JS247420,4wd,pickup,white,3.0,41950.0
29990,toyota,tacomadoublecabpickup,good,6 cylinders,gas,43182.0,clean,other,3TMLU4EN4CM085701,4wd,pickup,white,9.0,31000.0
30990,chevrolet,traverseltsport,good,6 cylinders,other,17611.0,clean,other,1GNERGKW9LJ243706,fwd,other,white,1.0,39500.0
6500,dodge,dakotasport4x4,good,8 cylinders,gas,137705.0,clean,automatic,1D7HG38N83S300089,4wd,pickup,grey,18.0,29990.0
8915,chrysler,200,excellent,4 cylinders,gas,143876.0,clean,automatic,1C3CCCAB6FN711207,fwd,sedan,brown,6.0,22000.0
33995,dodge,challenger,excellent,8 cylinders,gas,22500.0,clean,other,2B3CJ7DW7AH283710,rwd,sedan,black,11.0,44000.0
15395,subaru,xvcrosstrek,excellent,4 cylinders,gas,72248.0,clean,manual,JF2GPACC2E9330605,4wd,wagon,white,7.0,25000.0
38590,chevrolet,corvettegrandsport,good,8 cylinders,gas,32086.0,clean,automatic,1G1YW3DW4C5101754,rwd,convertible,white,9.0,55000.0
11295,subaru,xvcrosstrek,good,4 cylinders,gas,115326.0,clean,automatic,JF2GPACCXE8340160,4wd,SUV,grey,7.0,24600.0
18990,toyota,camry,excellent,4 cylinders,gas,39388.0,clean,automatic,4T1B11HKXJU038293,fwd,sedan,silver,3.0,24200.0
8000,toyota,sequoia,fair,8 cylinders,gas,269500.0,clean,automatic,5TDBT44A16S262738,4wd,SUV,silver,15.0,39780.0
33990,gmc,sierra1500doublecabsle,good,6 cylinders,gas,24299.0,clean,other,1GTV2MEHXJZ346690,4wd,pickup,white,3.0,38000.0
11000,ford,focus,excellent,4 cylinders,gas,30347.0,clean,automatic,1FADP3K23FL252853,fwd,hatchback,white,6.0,19500.0
39590,ford,mustanggtcoupe2d,good,8 cylinders,gas,728.0,clean,other,1FA6P8CF3L5183234,rwd,coupe,blue,1.0,43000.0
5500,toyota,camry,excellent,4 cylinders,gas,139634.0,clean,automatic,4T1BE46K77U096721,fwd,sedan,blue,14.0,23000.0
11995,chevrolet,traverse,good,6 cylinders,gas,114357.0,clean,automatic,1GNKVFED9EJ356772,4wd,SUV,silver,7.0,36300.0
24990,gmc,sierra1500extendedcabsle,good,8 cylinders,gas,70559.0,clean,other,1GTR2VE73DZ402410,4wd,pickup,black,8.0,38500.0
36590,lexus,ls460sedan4d,good,8 cylinders,gas,43813.0,clean,other,JTHBL5EF7G5140522,rwd,sedan,white,5.0,74000.0
31990,chrysler,pacificalimited,good,6 cylinders,gas,34925.0,clean,other,2C4RC1GG9KR731896,fwd,van,white,2.0,40500.0
14995,toyota,tundra,good,8 cylinders,gas,138314.0,clean,automatic,5TBBV54148S514770,4wd,truck,black,13.0,38500.0
5495,toyota,camryle,good,4 cylinders,gas,125000.0,rebuilt,automatic,4T1BE46K17U546413,fwd,sedan,yellow,14.0,22700.0
3981,chevrolet,malibult,good,4 cylinders,gas,191650.0,clean,automatic,1G1ZH57B79F254618,fwd,sedan,white,12.0,22700.0
16990,honda,crosstourexlsport,good,6 cylinders,gas,76260.0,clean,other,5J6TF2H55CL008180,4wd,hatchback,white,9.0,35300.0
16500,mazda,6,excellent,4 cylinders,gas,65000.0,clean,automatic,JM1GJ1T54F1213822,fwd,sedan,red,6.0,24000.0
29990,nissan,frontiercrewcabpro4x,good,6 cylinders,gas,24661.0,clean,automatic,1N6AD0EV9GN771399,4wd,pickup,white,5.0,29990.0
1100,dodge,neonsxt,good,4 cylinders,gas,115523.0,lien,automatic,1B3AS56C15D113891,fwd,sedan,red,16.0,17600.0
34500,jeep,wrangler,like new,6 cylinders,gas,35501.0,clean,automatic,1C4BJWFGXHL679587,4wd,offroad,white,4.0,43990.0
18999,rover,sport,excellent,8 cylinders,gas,100009.0,clean,automatic,SALSF2D47DA788638,4wd,SUV,brown,8.0,66500.0
13995,chevrolet,silverado1500,good,8 cylinders,gas,149170.0,clean,automatic,1GCRKSE37BZ360333,4wd,truck,blue,10.0,38900.0
15489,jeep,compass,excellent,4 cylinders,gas,61784.0,clean,automatic,1C4NJDBB3GD673120,4wd,SUV,red,5.0,22995.0
19800,ford,explorer,excellent,6 cylinders,gas,96281.0,clean,automatic,1FM5K8F81FGB54384,4wd,wagon,silver,6.0,42600.0
6299,honda,accord,excellent,4 cylinders,gas,189431.0,clean,automatic,JHMCP26778C064473,fwd,sedan,green,13.0,23570.0
27590,jeep,cherokeelatitudeplus,good,6 cylinders,gas,6955.0,clean,other,1C4PJMLX0KD306767,4wd,other,silver,2.0,32955.0
4995,honda,civiclx,good,4 cylinders,gas,176829.0,clean,manual,1HGES15504L025321,fwd,sedan,black,17.0,16650.0
10995,subaru,xvcrosstrek,excellent,4 cylinders,gas,144370.0,clean,automatic,JF2GPAWC4E8318800,4wd,SUV,orange,7.0,25400.0
13995,ford,escape,excellent,4 cylinders,gas,79595.0,clean,automatic,1FMCU9J92EUE40042,4wd,SUV,red,7.0,31995.0
3900,chrysler,ptcruiserlimited,excellent,4 cylinders,gas,80512.0,clean,automatic,3C8FY68B13T643569,fwd,wagon,silver,18.0,22300.0
27900,audi,q3premiumplus,like new,4 cylinders,gas,38463.0,clean,automatic,WA1JCCFS5HR001247,4wd,SUV,blue,4.0,38000.0
5960,volkswagen,eos20turbo,excellent,4 cylinders,gas,149909.0,clean,automatic,WVWBA71F38V029590,fwd,convertible,white,13.0,29900.0
11990,dodge,journeysxtawd,excellent,6 cylinders,gas,76118.0,clean,automatic,3C4PDDBG3ET251173,4wd,SUV,orange,7.0,26500.0
6995,mercury,mariner,good,4 cylinders,gas,134028.0,clean,automatic,4M2CN8B72AKJ30367,fwd,SUV,white,11.0,29000.0
10999,ford,focus,excellent,4 cylinders,gas,72734.0,clean,automatic,1FADP3F23GL271575,fwd,sedan,silver,5.0,19700.0
32995,ram,2500,like new,8 cylinders,diesel,199495.0,clean,automatic,3C6UR5DL0DG614046,4wd,pickup,white,8.0,44255.0
30995,chevrolet,silverado1500lt,excellent,8 cylinders,gas,81572.0,clean,automatic,3GCUKREC3GG292798,4wd,pickup,white,5.0,40500.0
31395,chevrolet,silverado1500lt4x4,excellent,8 cylinders,gas,115781.0,clean,automatic,1GCVKREC4GZ239810,4wd,truck,brown,5.0,38500.0
33990,bmw,m3coupe2d,good,8 cylinders,gas,52294.0,clean,other,WBSKG9C56BE797241,rwd,coupe,black,10.0,60900.0
12900,volkswagen,touaregtdi,excellent,6 cylinders,diesel,111157.0,clean,automatic,WVGFK7A99AD002779,4wd,SUV,grey,11.0,50900.0
12988,kia,sportagelx,good,4 cylinders,gas,104199.0,clean,automatic,KNDPB3AC0F7709689,fwd,other,green,6.0,23900.0
16900,chevrolet,suburban,good,8 cylinders,gas,141000.0,clean,automatic,1GNSKJE74CR237810,4wd,SUV,black,9.0,48980.0
4995,dodge,grandcaravan,good,4 cylinders,gas,130035.0,clean,automatic,2D8GP44L75R463872,fwd,van,blue,16.0,26500.0
30990,chevrolet,suburban1500ltz,good,8 cylinders,other,87922.0,clean,other,1GNSKKE74ER102173,4wd,other,white,7.0,63820.0
7999,dodge,grandcaravan,good,6 cylinders,gas,154191.0,clean,automatic,2C4RDGCG0ER227733,fwd,mini-van,blue,7.0,27395.0
13500,kia,soulevplus,like new,other,electric,46920.0,clean,automatic,KNDJX3AEXH7020769,fwd,wagon,white,4.0,33500.0
23590,chevrolet,camarosscoupe2d,good,8 cylinders,gas,50570.0,clean,other,2G1FT1EW1A9116327,rwd,coupe,silver,11.0,38500.0
32990,ram,1500quadcabharvestpickup,good,6 cylinders,gas,29979.0,clean,other,1C6RR7GG9JS229010,4wd,pickup,black,3.0,38500.0
20990,buick,lacrossepreferredsedan,good,6 cylinders,gas,30016.0,clean,other,1G4ZN5SS1HU180948,fwd,sedan,blue,4.0,33600.0
36990,gmc,sierra2500hddoublecab,good,8 cylinders,gas,23190.0,clean,other,1GT22REG1GZ401351,4wd,pickup,black,5.0,39000.0
7950,toyota,priusvhatchback,good,4 cylinders,hybrid,156553.0,clean,automatic,JTDZN3EU0C3125217,fwd,hatchback,silver,9.0,28000.0
39590,ford,mustanggtcoupe2d,good,8 cylinders,gas,728.0,clean,other,1FA6P8CF3L5183234,rwd,coupe,blue,1.0,42500.0
9900,ford,fusion,good,4 cylinders,gas,96903.0,clean,automatic,3FA6P0H73DR183008,fwd,sedan,purple,8.0,23800.0
19990,lexus,gs350,excellent,6 cylinders,gas,97559.0,clean,automatic,JTHBE1BLXE5036956,rwd,sedan,black,7.0,48000.0
6200,buick,lucerne,good,4 cylinders,gas,91203.0,clean,automatic,1G4HP57267U132536,rwd,sedan,brown,14.0,31490.0
35590,ram,1500crewcabbighorn,good,6 cylinders,other,22805.0,clean,other,1C6RR7LG2JS220638,4wd,pickup,black,3.0,38500.0
20929,honda,hrv,excellent,4 cylinders,gas,24819.0,clean,automatic,3CZRU6H18KG705911,4wd,wagon,black,2.0,25100.0
9983,chevrolet,malibult,good,4 cylinders,gas,103369.0,clean,automatic,1G11C5SL9FU111320,fwd,sedan,white,6.0,24000.0
14900,chevrolet,impala,excellent,6 cylinders,gas,96931.0,clean,automatic,2G1125S35E9102886,fwd,sedan,silver,7.0,29795.0
6400,chevrolet,impala,good,6 cylinders,gas,122725.0,rebuilt,automatic,2G1WF5E33C1150274,fwd,sedan,black,9.0,23000.0
29990,toyota,tacomadoublecabpickup,good,6 cylinders,gas,43182.0,clean,other,3TMLU4EN4CM085701,4wd,pickup,white,9.0,30000.0
57900,mercedes-benz,sclass,like new,6 cylinders,gas,24655.0,clean,automatic,WDDUG6GB8JA375739,4wd,sedan,black,3.0,98400.0
2995,toyota,priusbase4drsedan,good,4 cylinders,gas,201000.0,clean,automatic,JT2BK12U430077136,fwd,sedan,black,18.0,19500.0
11900,chevrolet,traverse,good,6 cylinders,gas,132949.0,clean,automatic,1GNKVHKD6EJ119284,4wd,SUV,grey,7.0,38800.0
24590,chevrolet,camaroltconvertible,good,6 cylinders,gas,18632.0,clean,other,2G1FC3D31E9175726,rwd,other,red,7.0,30100.0
18700,dodge,journeycrossroad,like new,6 cylinders,gas,33920.0,clean,automatic,3C4PDCGG5HT564135,fwd,SUV,custom,4.0,26995.0
25590,ford,mustangv6convertible2d,good,6 cylinders,gas,11325.0,clean,other,1FATP8EM6H5342611,rwd,convertible,red,4.0,30800.0
7400,jeep,patriotlatitude4x4,excellent,4 cylinders,gas,102800.0,rebuilt,automatic,1C4NJRFB0CD658513,4wd,SUV,green,7.0,23995.0
29990,toyota,tacomadoublecabpickup,good,6 cylinders,gas,43182.0,clean,other,3TMLU4EN4CM085701,4wd,pickup,white,9.0,30300.0
8995,toyota,rav4,good,4 cylinders,gas,149391.0,clean,automatic,2T3ZF33V89W004112,fwd,SUV,red,12.0,23000.0
12495,honda,civic,like new,4 cylinders,gas,15300.0,rebuilt,automatic,2HGFC2F68KH570983,fwd,sedan,silver,2.0,22000.0
9990,ford,f150,good,8 cylinders,gas,122900.0,clean,automatic,1FTPX14557FA05160,4wd,truck,blue,14.0,31900.0
3995,nissan,xterra,good,6 cylinders,gas,191763.0,clean,automatic,5N1AN08W26C559079,4wd,wagon,brown,15.0,26500.0
12995,chevrolet,colorado,excellent,4 cylinders,gas,94350.0,clean,automatic,1GCESBF96C8157071,rwd,pickup,white,9.0,22285.0
38590,ford,f150supercrewcablariat,good,8 cylinders,other,41804.0,clean,other,1FTEW1EF4FFB55826,4wd,pickup,brown,6.0,41000.0
12900,ford,mustang,good,6 cylinders,gas,110643.0,clean,automatic,1ZVBP8EM2D5217084,rwd,convertible,silver,8.0,29945.0
29990,ford,mustanggtcoupe2d,good,8 cylinders,gas,19374.0,clean,automatic,1FA6P8CFXG5215179,rwd,coupe,red,5.0,32000.0
3995,saturn,vuesuv,excellent,4 cylinders,gas,139773.0,clean,automatic,5GZCZ33D67S842809,fwd,SUV,silver,14.0,22000.0
12900,ford,focus,excellent,4 cylinders,gas,64436.0,clean,automatic,1FADP3N26GL321550,fwd,sedan,blue,5.0,23500.0
19985,toyota,corollale,like new,4 cylinders,gas,13751.0,clean,automatic,5YFEPRAE8LP070775,fwd,sedan,red,1.0,20600.0
8800,kia,rio,excellent,4 cylinders,gas,101868.0,clean,automatic,KNADM4A37F6496617,4wd,sedan,black,6.0,15500.0
45300,ram,3500bighorn,excellent,6 cylinders,diesel,34125.0,rebuilt,automatic,3C63R3LL4JG236634,4wd,truck,black,3.0,50900.0
11500,buick,encorepremium,like new,4 cylinders,gas,74090.0,clean,automatic,KL4CJCSB0DB173306,fwd,SUV,black,8.0,30550.0
25495,ford,mustang,good,8 cylinders,gas,121293.0,clean,manual,1FA6P8CF4F5320881,rwd,coupe,white,6.0,38995.0
36990,toyota,4runnersr5sportutility,good,6 cylinders,gas,33909.0,clean,other,JTEBU5JR6K5679412,4wd,other,black,2.0,41910.0
27990,toyota,tacomadoublecabpickup,good,6 cylinders,gas,67245.0,clean,other,5TFLU4EN4CX030112,4wd,pickup,silver,9.0,32700.0
38590,chevrolet,corvettegrandsport,good,8 cylinders,gas,30237.0,clean,other,1G1YR3DW3B5102190,rwd,other,red,10.0,59700.0
16200,toyota,camryhybridle,excellent,4 cylinders,hybrid,32341.0,rebuilt,automatic,4T1B31HK9JU506766,fwd,sedan,red,3.0,26600.0
3995,ford,fusion,good,6 cylinders,gas,151931.0,clean,automatic,3FAHP08166R194415,fwd,sedan,black,15.0,22000.0
7495,jeep,liberty,excellent,6 cylinders,gas,105189.0,clean,automatic,1J4PN2GK1AW136309,4wd,other,silver,11.0,27500.0
24900,honda,crv,good,4 cylinders,gas,19085.0,clean,automatic,7FARW2H89JE088842,4wd,wagon,black,3.0,32700.0
4999,toyota,camryle,excellent,6 cylinders,gas,105000.0,clean,automatic,4T1BF32KX5U597953,fwd,sedan,silver,16.0,23960.0
11950,chevrolet,traxltawd,excellent,4 cylinders,gas,25000.0,rebuilt,automatic,KL7CJRSB5FB256321,4wd,SUV,orange,6.0,24000.0
3995,dodge,dakotaquadcabslt4x4,good,8 cylinders,gas,128550.0,clean,automatic,1D7HG48NX4S570982,4wd,truck,purple,17.0,26140.0
3450,ford,focus,good,4 cylinders,gas,110347.0,clean,automatic,1FAFP34N77W237644,fwd,sedan,white,14.0,15500.0
12980,toyota,camry,excellent,4 cylinders,gas,86000.0,clean,automatic,4T1BF1FK7EU788423,fwd,sedan,red,7.0,23000.0
17999,jeep,cherokeelatitude,good,4 cylinders,gas,108865.0,clean,automatic,1C4PJMCB4GW284854,4wd,SUV,silver,5.0,30500.0
5800,gmc,yukonxl,excellent,8 cylinders,gas,160321.0,clean,automatic,1GKFK66U55J114549,4wd,SUV,green,16.0,58900.0
16988,ram,promastercitycargovan,good,4 cylinders,gas,89068.0,clean,automatic,ZFBERFAB1H6D84092,fwd,van,white,4.0,24000.0
4995,jeep,grandcherokee,good,8 cylinders,gas,142511.0,clean,automatic,1J8HR58PX7C642640,4wd,SUV,black,14.0,41415.0
4900,subaru,legacyoutback25iltd,excellent,5 cylinders,gas,172549.0,clean,automatic,4S4BP62C967310433,4wd,wagon,green,15.0,27200.0
33590,jeep,wranglerunlimitedrubicon,good,6 cylinders,gas,33412.0,clean,other,1C4BJWFG3EL111905,4wd,SUV,red,7.0,37300.0
4988,honda,odyssey,fair,6 cylinders,gas,177456.0,clean,automatic,5FNRL38727B418332,fwd,van,red,14.0,33600.0
18998,chevrolet,equinoxlt,good,4 cylinders,gas,35103.0,clean,automatic,2GNFLFEK9G6209387,4wd,SUV,black,5.0,30600.0
15285,chevrolet,tahoeltz,good,8 cylinders,other,181801.0,clean,automatic,1GNUKCE04AR195739,4wd,other,black,11.0,48000.0
32590,cadillac,cts36luxurysedan4d,good,6 cylinders,gas,21335.0,clean,other,1G6AR5SS8J0137892,rwd,sedan,black,3.0,52500.0
16990,jeep,cherokee,excellent,4 cylinders,gas,77999.0,clean,automatic,1C4PJMCBXHW519808,4wd,pickup,red,4.0,29500.0
16590,acura,rdxsportutility4d,good,6 cylinders,gas,86919.0,clean,automatic,5J8TB3H59EL004581,fwd,SUV,black,7.0,38800.0
5950,toyota,prius,excellent,4 cylinders,hybrid,169479.0,clean,automatic,JTDKN3DU7B1430288,fwd,sedan,silver,10.0,24900.0
21590,hyundai,genesis38sedan4d,good,6 cylinders,gas,60935.0,clean,automatic,KMHGN4JE6GU107876,rwd,sedan,white,5.0,42500.0
7995,volkswagen,gti,excellent,4 cylinders,gas,118526.0,clean,automatic,WVWFV71K88W167719,fwd,hatchback,grey,13.0,24000.0
23990,lexus,gs350sedan4d,good,6 cylinders,gas,63934.0,clean,other,JTHBE1BL2FA004379,rwd,sedan,black,6.0,50000.0
29990,ford,mustanggtcoupe2d,good,8 cylinders,gas,19374.0,clean,automatic,1FA6P8CFXG5215179,rwd,coupe,red,5.0,41500.0
35590,honda,odysseyexlminivan4d,good,6 cylinders,gas,4265.0,clean,other,5FNRL6H70KB128570,fwd,van,blue,2.0,35800.0
13498,bmw,x3,good,6 cylinders,gas,124825.0,clean,automatic,5UXWX7C53EL983721,4wd,SUV,grey,7.0,45800.0
48590,gmc,sierra1500crewcabdenali,good,8 cylinders,gas,15750.0,clean,other,3GTU2PEJXJG625976,4wd,pickup,white,3.0,61900.0
28590,jeep,grandcherokeelaredosport,good,6 cylinders,gas,22898.0,clean,other,1C4RJFAG2JC333416,4wd,other,black,3.0,40500.0
7000,buick,enclave,good,6 cylinders,gas,141000.0,clean,automatic,5GAKVCED8CJ121480,4wd,SUV,black,9.0,42500.0
16111,ford,fusionhybridse,good,4 cylinders,electric,74010.0,clean,automatic,3FA6P0LU5JR269137,fwd,sedan,white,3.0,25000.0
35990,dodge,challengerrtcoupe2d,good,8 cylinders,gas,1548.0,clean,other,2C3CDZBT9LH119053,rwd,coupe,black,1.0,36400.0
4500,ford,ranger,excellent,6 cylinders,gas,149000.0,salvage,automatic,1FTYR14U43PB74659,fwd,pickup,white,18.0,16495.0
29900,ford,f350superdutydiesel,excellent,8 cylinders,diesel,140907.0,clean,automatic,1FT7W3BT9BEB57313,4wd,pickup,white,10.0,53900.0
2999,volkswagen,jetta,good,4 cylinders,gas,119288.0,clean,automatic,3VWSK69M35M032468,fwd,sedan,blue,16.0,21000.0
7499,chevrolet,impala,excellent,6 cylinders,gas,152072.0,clean,automatic,2G1WG5E30D1130000,fwd,sedan,silver,8.0,24800.0
26590,acura,tlx35sedan4d,good,6 cylinders,gas,21619.0,clean,other,19UUB2F37JA008344,fwd,sedan,black,3.0,36000.0
14900,chevrolet,silverado2500hd4x4,good,8 cylinders,gas,187000.0,clean,automatic,1GCHK23K67F563728,4wd,truck,red,14.0,31950.0
15900,mazda,cx5,good,4 cylinders,gas,49391.0,clean,automatic,JM3KE2BY4G0628900,fwd,wagon,grey,5.0,23500.0
16995,toyota,camry,excellent,4 cylinders,gas,67930.0,clean,automatic,4T1BF1FK3HU719118,fwd,sedan,red,4.0,24600.0
37400,ram,3500,like new,6 cylinders,diesel,163868.0,clean,automatic,3C63R3GL6FG534202,4wd,truck,white,6.0,48500.0
39590,toyota,tundradoublecabsr5,good,8 cylinders,gas,27459.0,clean,other,5TFUW5F10HX666470,4wd,pickup,black,4.0,47400.0
31999,jeep,wranglerunlimitedsahara,excellent,6 cylinders,gas,75817.0,clean,automatic,1C4BJWEG0FL738662,4wd,SUV,silver,6.0,35000.0
17590,ford,taurussesedan4d,good,6 cylinders,gas,37713.0,clean,other,1FAHP2D82HG137248,fwd,sedan,blue,4.0,27200.0
17995,subaru,impreza,excellent,4 cylinders,gas,22292.0,clean,automatic,4S3GTAA6XJ3706875,4wd,sedan,silver,3.0,22795.0
30990,gmc,canyoncrewcabsltpickup,good,6 cylinders,gas,43149.0,clean,other,1GTG6DE33G1117650,4wd,pickup,black,5.0,39400.0
1900,volvo,s40,excellent,5 cylinders,gas,172000.0,clean,manual,YV1MS390062151587,fwd,sedan,white,15.0,29000.0
29905,ford,f150,excellent,6 cylinders,gas,58762.0,clean,automatic,1FTEW1CP3HFA81345,rwd,pickup,red,4.0,34150.0
8995,subaru,forester25x,good,4 cylinders,gas,70081.0,clean,automatic,JF2SHABC2BH749080,4wd,SUV,green,10.0,23995.0
32950,ram,2500,excellent,6 cylinders,diesel,146192.0,clean,automatic,3C6UR5CL1EG237651,4wd,pickup,white,7.0,44000.0
44990,ford,superdutyf550drw,good,8 cylinders,diesel,52307.0,clean,automatic,1FDUF5HT3CEA93689,4wd,truck,white,9.0,57300.0
37900,chevrolet,silverado1500,excellent,8 cylinders,gas,23000.0,clean,automatic,1GCVKREC7JZ106854,4wd,truck,black,3.0,43500.0
6000,mazda,3,excellent,4 cylinders,gas,130000.0,salvage,automatic,JM1BL1W71D1744782,fwd,sedan,grey,8.0,23500.0
41990,lincoln,continentalreserve,good,6 cylinders,gas,9345.0,clean,other,1LN6L9RP8K5604130,fwd,sedan,blue,2.0,60000.0
9395,ford,edge,good,6 cylinders,gas,142786.0,clean,automatic,2FMDK4AC6ABA74661,4wd,SUV,silver,11.0,32600.0
12995,ford,tauruslimited4drsedan,like new,6 cylinders,gas,128061.0,clean,automatic,1FAHP2F88DG128061,fwd,sedan,white,8.0,29500.0
3999,pontiac,vibe,good,4 cylinders,gas,192393.0,clean,automatic,5Y2SL65806Z437910,fwd,hatchback,red,15.0,19500.0
45950,ram,3500laramiecrewcab,excellent,6 cylinders,diesel,143909.0,clean,automatic,3C63RRJLXEG317438,4wd,truck,grey,7.0,65100.0
27990,infiniti,qx6035sportutility,good,6 cylinders,other,26355.0,clean,other,5N1DL0MN6HC547424,fwd,other,blue,4.0,42200.0
6950,buick,regal,excellent,4 cylinders,gas,111969.0,clean,automatic,2G4GS5EV1C9198555,fwd,sedan,grey,9.0,28720.0
19900,toyota,camry,good,4 cylinders,gas,55292.0,clean,automatic,4T1B11HK4KU219844,fwd,sedan,grey,2.0,24700.0
16995,ford,explorer,excellent,6 cylinders,gas,95000.0,clean,automatic,1FM5K7D89EGB89508,4wd,SUV,grey,7.0,32995.0
9977,jeep,liberty4x4,excellent,6 cylinders,gas,104104.0,clean,automatic,1J8GN58KX8W158107,4wd,SUV,red,13.0,29200.0
14995,chevrolet,camarolt,like new,6 cylinders,gas,80900.0,clean,automatic,2G1FC3D3XD9193849,rwd,convertible,white,9.0,29995.0
11000,subaru,tribeca,excellent,6 cylinders,gas,122100.0,clean,automatic,4S4WX9GDXD4400550,4wd,wagon,black,8.0,36400.0
19995,chevrolet,silverado1500lt,excellent,8 cylinders,gas,101000.0,clean,automatic,3GCPKSE34BG269625,4wd,pickup,grey,10.0,38500.0
5999,toyota,highlander,excellent,6 cylinders,gas,221370.0,clean,automatic,JTEHF21AX10017504,4wd,SUV,white,20.0,29800.0
34590,chevrolet,silverado1500double,good,6 cylinders,gas,29499.0,clean,other,1GCVKREH6GZ228691,4wd,pickup,silver,5.0,39500.0
17995,ford,edge,excellent,4 cylinders,gas,77696.0,clean,automatic,2FMTK3J97FBB92915,fwd,SUV,white,6.0,30000.0
7950,toyota,priusvhatchback,good,4 cylinders,hybrid,156553.0,clean,automatic,JTDZN3EU0C3125217,fwd,hatchback,silver,9.0,28500.0
32990,ford,f150supercrewcabxlt,good,6 cylinders,gas,65329.0,clean,other,1FTEW1EG0FKE39342,4wd,pickup,blue,6.0,38500.0
11994,jeep,liberty,like new,6 cylinders,gas,88415.0,clean,automatic,1C4PJMAK0CW199183,4wd,SUV,silver,9.0,28795.0
30590,jeep,wranglerrubiconsport,good,6 cylinders,gas,59322.0,clean,other,1C4BJWCGXGL165497,4wd,SUV,black,5.0,41190.0
5650,buick,lacrosse,good,6 cylinders,gas,117103.0,clean,automatic,2G4WC582761208714,fwd,sedan,blue,15.0,26100.0
6800,mazda,mazda3,good,4 cylinders,gas,114000.0,clean,automatic,JM1BL1UG4C1547879,fwd,sedan,black,9.0,18600.0
42988,jaguar,fpace,excellent,4 cylinders,gas,30605.0,clean,automatic,SADCL2FX3JA248330,4wd,SUV,green,3.0,60900.0
5950,honda,crv,excellent,6 cylinders,gas,209166.0,clean,automatic,SHSRD78824U223901,fwd,SUV,red,17.0,24500.0
10950,ford,fiesta,excellent,4 cylinders,gas,30332.0,clean,automatic,3FADP4BJ4JM130037,fwd,sedan,grey,3.0,15500.0
16953,cadillac,srx,excellent,6 cylinders,gas,73233.0,clean,automatic,3GYFNBE33ES565203,fwd,SUV,blue,7.0,45500.0
12950,ford,edge,good,6 cylinders,gas,142304.0,clean,automatic,2FMDK3JC9DBC29251,fwd,wagon,black,8.0,28700.0
39990,chevrolet,tahoelssportutility,good,8 cylinders,gas,31992.0,clean,other,1GNSKAKC9JR179028,4wd,SUV,black,3.0,47400.0
31000,chevrolet,camaro,good,8 cylinders,gas,26607.0,clean,automatic,2G1FK1EJ1F9247630,rwd,coupe,red,6.0,40000.0
13995,ford,f150,good,8 cylinders,gas,117021.0,clean,automatic,1FTPX04525KE27868,4wd,truck,black,16.0,28500.0
19400,volkswagen,beetle,excellent,4 cylinders,gas,49341.0,rebuilt,automatic,3VW517AT0HM809962,fwd,convertible,green,4.0,22000.0
17999,lexus,rx350awd,good,6 cylinders,gas,98845.0,clean,automatic,2T2BK1BA2BC106324,4wd,SUV,black,10.0,45000.0
20995,jeep,wranglerunlimitedsport,good,6 cylinders,other,97646.0,clean,automatic,1C4BJWDG3CL113699,4wd,other,silver,9.0,27000.0
4000,chevrolet,impala,excellent,6 cylinders,gas,189681.0,clean,automatic,2G1WC581369329746,fwd,sedan,silver,15.0,26470.0
39590,ford,mustanggtpremiumcoupe2d,good,8 cylinders,gas,1419.0,clean,other,1FA6P8CF5L5136223,rwd,coupe,white,1.0,43000.0
23590,buick,enclavepremiumsport,good,6 cylinders,gas,79136.0,clean,other,5GAKRCKD4FJ155025,fwd,other,white,6.0,46900.0
59990,ford,superdutyf550drw,good,8 cylinders,diesel,31337.0,clean,automatic,1FD0X5HTXHEB33429,4wd,truck,white,4.0,71000.0
6995,chevrolet,malibuls,excellent,4 cylinders,gas,123000.0,clean,automatic,1G11B5SL8EF141852,fwd,sedan,brown,7.0,22300.0
10200,hyundai,elantrase4drsedan,excellent,4 cylinders,gas,107220.0,clean,automatic,KMHDH4AEXGU531135,fwd,sedan,black,5.0,18400.0
29995,subaru,crosstrek,excellent,4 cylinders,gas,27299.0,clean,automatic,JF2GTANC1KH261027,4wd,SUV,white,2.0,29995.0
31995,ford,f350dieselpowerstroke4x4,like new,8 cylinders,diesel,138238.0,clean,automatic,1FT8W3BT3EEA78812,4wd,truck,white,7.0,59600.0
11400,toyota,tundra,excellent,6 cylinders,gas,188983.0,clean,automatic,5TFRU54168X013074,rwd,truck,blue,13.0,28500.0
31900,cadillac,xtsluxurysedan4d,like new,6 cylinders,gas,32936.0,clean,automatic,2G61M5S37K9117325,rwd,sedan,silver,2.0,48500.0
38590,ram,1500crewcabbighorn,good,6 cylinders,gas,28556.0,clean,other,1C6RRFFGXKN695394,4wd,pickup,white,2.0,41700.0
3950,toyota,4runnersporty,excellent,6 cylinders,gas,249000.0,clean,automatic,JT3GN86R010180915,rwd,SUV,silver,20.0,30415.0
35000,chevrolet,corvette,like new,8 cylinders,gas,28000.0,clean,manual,1G1YY36W385134209,rwd,convertible,red,13.0,50000.0
17990,subaru,crosstrek,excellent,4 cylinders,gas,100692.0,clean,automatic,JF2GPAKC4GH316148,4wd,SUV,white,5.0,26495.0
8900,volkswagen,cc,excellent,4 cylinders,gas,107876.0,clean,automatic,WVWMN7AN8CE503191,fwd,sedan,grey,9.0,31995.0
6800,hyundai,accent,excellent,4 cylinders,gas,83650.0,clean,automatic,KMHCT4AE2DU347376,fwd,sedan,silver,8.0,15000.0
35590,chevrolet,silverado1500double,good,8 cylinders,gas,33950.0,clean,other,1GCRYDED7LZ163201,4wd,pickup,blue,1.0,41000.0
6900,ford,focus,excellent,4 cylinders,gas,70000.0,clean,automatic,1FADP3K27FL333645,fwd,sedan,grey,6.0,19500.0
38990,lincoln,continentalsedan4d,good,6 cylinders,gas,1772.0,clean,other,1LN6L9UK4L5602632,fwd,sedan,black,1.0,45000.0
16995,honda,accord,excellent,4 cylinders,gas,60000.0,clean,automatic,1HGCR2F53EA207177,fwd,sedan,white,7.0,23465.0
9999,ford,fusionse,excellent,4 cylinders,gas,145661.0,clean,automatic,3FA6P0HDXFR237817,fwd,sedan,white,6.0,21500.0
7900,audi,tt,excellent,4 cylinders,gas,118000.0,clean,manual,TRUWT28NX41011526,4wd,coupe,grey,17.0,34000.0
27990,toyota,tacomadoublecabpickup,good,6 cylinders,gas,67245.0,clean,other,5TFLU4EN4CX030112,4wd,pickup,silver,9.0,29800.0
6950,subaru,legacy25ilimitedawd,good,4 cylinders,gas,157765.0,rebuilt,automatic,4S3BMBK62A3227541,4wd,sedan,grey,11.0,28700.0
10997,mini,countryman,excellent,4 cylinders,gas,105048.0,clean,manual,WMWZC5C54FWM19653,4wd,hatchback,grey,6.0,27100.0
31990,buick,enclaveessencesport,good,6 cylinders,gas,20337.0,clean,other,5GAERBKW6LJ216038,fwd,SUV,silver,1.0,43100.0
14990,ford,explorer,excellent,6 cylinders,gas,114235.0,clean,automatic,1FM5K8D88DGA03591,4wd,SUV,blue,8.0,38700.0
7911,chevrolet,impalals,excellent,6 cylinders,gas,125370.0,clean,automatic,2G1WF5EK7B1145326,fwd,sedan,silver,10.0,22800.0
8900,dodge,grandcaravan,excellent,6 cylinders,gas,0.0,clean,automatic,2C4RDGBG7GR138973,fwd,van,white,5.0,28000.0
12995,ford,f150,excellent,8 cylinders,gas,102843.0,clean,automatic,1FTPW14V88FB14667,4wd,truck,white,13.0,36950.0
28581,jeep,wrangler,excellent,6 cylinders,gas,74900.0,clean,other,1C4BJWEGXFL717401,4wd,SUV,green,6.0,35800.0
5200,toyota,priusiii,good,4 cylinders,gas,204000.0,clean,automatic,JTDKN3DUXA1282247,fwd,hatchback,white,11.0,224000.0
23900,mercedes-benz,eclass,good,6 cylinders,gas,34356.0,clean,automatic,WDDHF5KB5EB008920,rwd,sedan,black,7.0,54900.0
23990,chevrolet,silverado3500classic,good,8 cylinders,gas,32853.0,clean,automatic,1GBJC34U87E120320,rwd,truck,white,14.0,32900.0
28999,ram,2500slt,excellent,8 cylinders,gas,149790.0,clean,automatic,3C6UR5DJ6EG266530,4wd,pickup,grey,7.0,41300.0
28590,jeep,grandcherokeelaredosport,good,6 cylinders,gas,22898.0,clean,other,1C4RJFAG2JC333416,4wd,other,black,3.0,38000.0
24990,lexus,rx350sportutility4d,good,6 cylinders,gas,27623.0,clean,other,JTJZK1BA2D2009576,fwd,SUV,brown,8.0,43500.0
8999,dodge,nitrosxt,good,6 cylinders,gas,114000.0,clean,automatic,1D4PT5GKXAW138642,rwd,SUV,orange,11.0,26990.0
24990,chrysler,300touringlsedan4d,good,6 cylinders,gas,12702.0,clean,other,2C3CCAAG0JH121229,rwd,sedan,black,3.0,33600.0
33990,gmc,sierra1500crewcabslt,good,8 cylinders,other,34413.0,clean,other,3GTP2WE76DG226983,4wd,pickup,red,8.0,38000.0
6900,gmc,terrain,excellent,6 cylinders,gas,101000.0,clean,automatic,2CTFLJEY5A6260462,4wd,SUV,black,11.0,33600.0
39950,ford,f25,excellent,8 cylinders,diesel,115592.0,clean,automatic,1FT7W2BT7BEB12929,4wd,truck,white,10.0,48500.0
25990,ford,mustanggtpremium,good,8 cylinders,gas,24122.0,clean,other,1ZVBP8FFXB5151039,rwd,other,blue,10.0,42000.0
24990,cadillac,xt5sportutility4d,good,6 cylinders,gas,35520.0,clean,other,1GYKNARS7HZ261549,fwd,other,black,4.0,40895.0
14999,dodge,charger,good,8 cylinders,gas,112124.0,clean,automatic,2C3CDXKT5GH271129,4wd,sedan,blue,5.0,34795.0
4995,honda,pilot,good,6 cylinders,gas,255520.0,clean,automatic,2HKYF18574H547248,4wd,wagon,custom,17.0,32570.0
11995,toyota,tundra,excellent,8 cylinders,gas,197953.0,clean,automatic,5TBDT44105S476846,4wd,pickup,grey,16.0,30995.0
34990,jeep,grandcherokeetrailhawk,good,6 cylinders,gas,37509.0,clean,other,1C4RJFLG1JC138453,4wd,other,black,3.0,49300.0
13999,lexus,rx350awd,excellent,6 cylinders,gas,113126.0,clean,automatic,2T2HK31U28C076400,4wd,SUV,grey,13.0,39500.0
8000,subaru,forester,good,4 cylinders,gas,130014.0,clean,automatic,JF2SH6CC3AH911857,4wd,SUV,green,11.0,25000.0
8250,gmc,savanag3500,good,8 cylinders,gas,196000.0,clean,automatic,1GT2GUBG2A1117502,rwd,van,white,11.0,35900.0
23990,chrysler,300touringsedan4d,good,6 cylinders,gas,16140.0,clean,other,2C3CCAAG4JH121248,rwd,sedan,silver,3.0,34800.0
8850,volkswagen,gti,good,6 cylinders,gas,154023.0,clean,other,WVWED7AJ4CW082987,fwd,hatchback,black,9.0,26000.0
29990,chevrolet,coloradocrewcabwork,good,6 cylinders,gas,11401.0,clean,other,1GCGTBEN7J1162712,4wd,pickup,red,3.0,32700.0
37990,toyota,tundradoublecabsr,good,8 cylinders,gas,22870.0,clean,other,5TFUM5F13GX069124,4wd,pickup,black,5.0,42000.0
33590,jeep,wranglerunlimitedwillys,good,6 cylinders,gas,26972.0,clean,other,1C4BJWDG4HL710559,4wd,other,black,4.0,35590.0
23495,ford,f150xlt4x4,like new,8 cylinders,gas,146795.0,clean,automatic,1FTFX1EF5FFC24427,4wd,truck,black,6.0,40000.0
8195,honda,accordexl,excellent,4 cylinders,gas,165000.0,clean,automatic,1HGCP2F80CA183840,fwd,sedan,silver,9.0,26500.0
8900,chevrolet,malibult,excellent,4 cylinders,gas,65720.0,clean,automatic,1G1ZC5E03CF295755,fwd,sedan,brown,9.0,24000.0
11995,toyota,sequoia,good,8 cylinders,gas,219502.0,clean,automatic,5TDBY68A18S019716,4wd,SUV,green,13.0,48500.0
35900,rover,sport,excellent,6 cylinders,gas,65918.0,clean,automatic,SALWG2VF2FA541335,4wd,SUV,black,6.0,65000.0
1500,chrysler,200,good,6 cylinders,gas,135850.0,clean,automatic,1C3BC1FG2BN584163,fwd,sedan,black,10.0,22600.0
54900,ram,35004x4cummins,excellent,6 cylinders,diesel,55822.0,clean,automatic,3C7WR9CL5KG517631,4wd,pickup,black,2.0,59600.0
29999,ram,1500,excellent,8 cylinders,gas,42156.0,clean,automatic,1C6RR7LT5HS845106,4wd,truck,blue,4.0,41500.0
5500,honda,civic,good,4 cylinders,gas,136000.0,clean,manual,1HGEM21135L016309,fwd,coupe,blue,18.0,14500.0
19500,jeep,wranglersahara,good,6 cylinders,gas,164953.0,clean,automatic,1J4BA5H13AL220145,4wd,wagon,red,11.0,30800.0
13495,honda,crvexawd,like new,4 cylinders,gas,119135.0,clean,automatic,2HKRM4H52EH610883,4wd,SUV,grey,7.0,25645.0
8490,nissan,maxima,like new,4 cylinders,gas,143820.0,clean,automatic,1N4AA5APXEC497371,fwd,sedan,red,7.0,32000.0
14950,chevrolet,silverado1500,good,8 cylinders,gas,204376.0,clean,automatic,3GCPKSE35BG187466,4wd,truck,blue,10.0,38000.0
35990,dodge,challengerrtcoupe2d,good,8 cylinders,gas,1548.0,clean,other,2C3CDZBT9LH119053,rwd,coupe,black,1.0,35995.0
25426,jeep,cherokee,excellent,6 cylinders,gas,27191.0,clean,automatic,1C4PJMDX9KD444743,4wd,SUV,silver,2.0,38395.0
19900,dodge,challengerrtplus,excellent,8 cylinders,gas,90759.0,clean,manual,2C3CDYBTXDH736702,rwd,coupe,orange,8.0,31500.0
7900,toyota,highlander,good,6 cylinders,gas,190524.0,clean,automatic,JTEDS41A592079835,fwd,SUV,custom,12.0,29800.0
8500,hyundai,elantra,excellent,4 cylinders,gas,87612.0,clean,automatic,5NPDH4AE3CH118756,fwd,sedan,silver,9.0,17300.0
8900,honda,civicsdn,excellent,4 cylinders,gas,103255.0,clean,automatic,19XFB2F56DE034637,fwd,sedan,brown,8.0,18500.0
18995,mercedes-benz,eclass,excellent,6 cylinders,gas,98167.0,clean,automatic,WDDHF8JB9FB114002,4wd,sedan,grey,6.0,56300.0
6988,ford,f150,fair,6 cylinders,gas,162657.0,clean,automatic,1FTRF12276NB08864,rwd,truck,blue,15.0,24980.0
18995,chevrolet,silveradoltz,good,8 cylinders,gas,152607.0,clean,automatic,3GCPKTE76CG241061,4wd,truck,red,9.0,38590.0
3700,chrysler,200,excellent,4 cylinders,gas,161000.0,clean,automatic,1C3CCBBBXDN614744,fwd,sedan,grey,8.0,19995.0
8495,ford,explorer,excellent,6 cylinders,gas,55475.0,clean,automatic,1FMEU73E28UB22868,4wd,SUV,black,13.0,31955.0
17995,chevrolet,silverado1500,excellent,8 cylinders,gas,151701.0,clean,automatic,3GCPKSE7XDG270977,4wd,truck,black,8.0,38500.0
39590,ford,mustanggtpremiumcoupe2d,good,8 cylinders,gas,1419.0,clean,other,1FA6P8CF5L5136223,rwd,coupe,white,1.0,43000.0
41990,acura,mdxtechnologypkgsport,good,6 cylinders,gas,5722.0,clean,other,5J8YD3H5XLL010676,fwd,SUV,black,1.0,47800.0
13443,dodge,chargerse,good,6 cylinders,gas,142341.0,clean,automatic,2C3CDXBG5FH759661,rwd,sedan,silver,6.0,27000.0
28990,ford,edge,excellent,6 cylinders,gas,32371.0,clean,automatic,2FMPK4AP4HBC41822,4wd,SUV,black,4.0,41000.0
22590,kia,k900luxurysedan4d,good,8 cylinders,gas,47036.0,clean,automatic,KNALU4D42F6027127,rwd,sedan,white,6.0,59900.0
11987,lexus,ct200hfsport,excellent,4 cylinders,gas,117000.0,clean,automatic,JTHKD5BH4C2055247,fwd,hatchback,white,9.0,30900.0
11200,hyundai,santafeawd,good,6 cylinders,gas,88000.0,clean,automatic,5XYZKDAG8CG161330,4wd,SUV,black,9.0,30500.0
27500,volkswagen,golfr,excellent,4 cylinders,gas,50000.0,clean,manual,WVWUF7AU8GW112708,4wd,hatchback,black,5.0,36500.0
29590,ford,expeditionxltsport,good,6 cylinders,gas,70760.0,clean,other,1FMJU1JT1HEA52352,4wd,SUV,blue,4.0,60000.0
17500,jeep,wranglerunlimited,good,6 cylinders,gas,170453.0,clean,automatic,1J4GA39119L743779,4wd,SUV,silver,12.0,29300.0
29995,bmw,x1,like new,4 cylinders,gas,13628.0,clean,automatic,WBXHT3C33J5K24906,4wd,SUV,black,3.0,38000.0
13200,ford,escape,excellent,4 cylinders,gas,50958.0,clean,automatic,1FMCU0F71GUC52599,fwd,SUV,red,5.0,23900.0
6073,lincoln,towncar,excellent,8 cylinders,gas,157740.0,clean,automatic,1LNHM81WX4Y662244,rwd,sedan,green,17.0,49980.0
26995,ram,3500,excellent,6 cylinders,gas,155426.0,clean,manual,3C7WRTCL1FG547308,4wd,pickup,white,6.0,59000.0
19590,chrysler,300300csedan4d,good,6 cylinders,gas,71508.0,clean,other,2C3CCAEG3FH786658,rwd,sedan,white,6.0,40690.0
14995,cadillac,ats,good,4 cylinders,gas,90254.0,clean,automatic,1G6AB5RA4E0149951,rwd,sedan,black,7.0,35900.0
1500,chevrolet,malibu,excellent,4 cylinders,gas,141000.0,clean,automatic,1G1ZC5E13BF361065,fwd,sedan,grey,10.0,23895.0
30990,nissan,frontiercrewcabpro4x,good,6 cylinders,gas,31095.0,clean,other,1N6DD0EV9HN769618,4wd,pickup,white,4.0,35490.0
49950,ford,f350superdutylariat,excellent,8 cylinders,diesel,124119.0,clean,automatic,1FT8W3DT2FED52614,4wd,truck,white,6.0,54000.0
10995,dodge,grandcaravan,good,6 cylinders,gas,108021.0,clean,automatic,2C4RDGCG2GR370783,fwd,van,white,5.0,29500.0
29990,chevrolet,coloradoextendedcab,good,6 cylinders,gas,17302.0,clean,other,1GCHTCE37G1186784,4wd,pickup,red,5.0,37400.0
8995,chevrolet,tahoelt,excellent,8 cylinders,gas,195477.0,clean,automatic,1GNFC13J77R111511,rwd,SUV,red,14.0,41400.0
35590,dodge,challengersrt8coupe2d,good,8 cylinders,gas,16796.0,clean,other,2B3CJ7DJ7BH589702,rwd,coupe,green,10.0,43000.0
28900,jeep,wranglerunlimited,new,6 cylinders,gas,46000.0,clean,automatic,1C4BJWDG8HL608116,4wd,SUV,black,4.0,34700.0
24900,jeep,wranglerx,like new,6 cylinders,gas,25759.0,clean,manual,1J4FA39SX6P736158,4wd,offroad,red,15.0,25300.0
15777,toyota,rav4,excellent,4 cylinders,gas,97541.0,clean,automatic,2T3RFREV3DW088199,4wd,SUV,red,8.0,30350.0
39990,ford,mustanggtcoupe2d,good,8 cylinders,gas,549.0,clean,other,1FA6P8CFXL5174241,rwd,coupe,blue,1.0,43000.0
15900,jeep,wrangler,excellent,6 cylinders,gas,85500.0,clean,manual,1J4FA39S95P325588,4wd,truck,black,16.0,20410.0
9000,honda,civicexsedan4d,excellent,4 cylinders,gas,108305.0,clean,automatic,19XFB2F84CE002603,fwd,sedan,silver,9.0,20000.0
37990,toyota,tundradoublecabsr,good,8 cylinders,gas,22870.0,clean,other,5TFUM5F13GX069124,4wd,pickup,black,5.0,49000.0
18999,ford,f150,like new,6 cylinders,gas,164142.0,clean,automatic,1FTEX1C88FKE43776,rwd,truck,white,6.0,27700.0
19900,buick,enclave,good,6 cylinders,gas,96309.0,clean,automatic,5GAKVCKD6GJ177752,4wd,SUV,white,5.0,47880.0
10725,subaru,legacy,excellent,4 cylinders,gas,70000.0,clean,automatic,4S3BMCC69E3033065,fwd,sedan,red,7.0,24000.0
39995,chevrolet,silverado3500hd4x4,like new,8 cylinders,gas,42522.0,clean,automatic,1GB4KYCG5HF134082,4wd,truck,white,4.0,40800.0
39990,ford,mustanggtcoupe2d,good,8 cylinders,gas,549.0,clean,other,1FA6P8CFXL5174241,rwd,coupe,blue,1.0,43000.0
12997,chevrolet,equinox,good,4 cylinders,gas,92354.0,clean,automatic,2GNFLFEK4F6278437,4wd,SUV,blue,6.0,25200.0
35590,ram,1500crewcabbighorn,good,8 cylinders,gas,22401.0,clean,other,1C6RR7LT4HS667558,4wd,pickup,blue,4.0,40000.0
7950,ford,fusionsel,excellent,4 cylinders,gas,79000.0,rebuilt,automatic,3FAHP0JA4CR247280,fwd,sedan,white,9.0,23600.0
10000,bmw,x3,good,6 cylinders,gas,105000.0,clean,automatic,5UXWX5C54BL708083,4wd,SUV,blue,10.0,39400.0
29990,chevrolet,coloradoextendedcab,good,6 cylinders,gas,17302.0,clean,other,1GCHTCE37G1186784,4wd,pickup,red,5.0,38000.0
17500,ford,flexsel,excellent,6 cylinders,gas,80455.0,clean,automatic,2FMGK5C86EBD40987,fwd,SUV,white,7.0,27600.0
6995,chevrolet,sonicltfwd,excellent,4 cylinders,gas,79550.0,clean,automatic,1G1JC6SH7D4168906,fwd,hatchback,grey,8.0,17500.0
5990,pontiac,g6,good,6 cylinders,gas,138877.0,clean,automatic,1G2ZH58NX74256313,fwd,sedan,silver,14.0,26325.0
12400,ford,fiestase,like new,4 cylinders,gas,27674.0,clean,automatic,3FADP4BJ0HM168522,fwd,sedan,silver,4.0,14990.0
20995,jeep,compasslatitude4x4,good,4 cylinders,gas,14822.0,clean,automatic,3C4NJDBB4HT628781,4wd,SUV,red,4.0,29995.0
38590,chevrolet,corvettegrandsport,good,8 cylinders,gas,30237.0,clean,other,1G1YR3DW3B5102190,rwd,other,red,10.0,52300.0
39590,ford,mustanggtpremiumcoupe2d,good,8 cylinders,gas,1419.0,clean,other,1FA6P8CF5L5136223,rwd,coupe,white,1.0,42600.0
32990,chevrolet,sssedan4d,good,8 cylinders,gas,84498.0,clean,automatic,6G3F15RW8FL107349,rwd,sedan,green,6.0,38995.0
15995,kia,sorentolx2wd,excellent,6 cylinders,gas,73985.0,clean,automatic,5XYPG4A53GG032876,fwd,SUV,white,5.0,30500.0
24590,chevrolet,coloradoextendedcab,good,6 cylinders,gas,100851.0,clean,other,1GCHTDE3XG1220609,4wd,pickup,red,5.0,35900.0
7995,hyundai,veloster,excellent,4 cylinders,gas,111414.0,clean,automatic,KMHTC6ADXCU028664,fwd,coupe,blue,9.0,18850.0
13997,mercedes-benz,eclass,excellent,8 cylinders,gas,127554.0,clean,automatic,WDDHF9AB6BA312137,4wd,sedan,black,10.0,68000.0
26990,acura,rdxtechnologyand,good,6 cylinders,gas,30386.0,clean,other,5J8TB3H59JL009998,fwd,other,silver,3.0,38400.0
34550,jeep,grandcherokee,excellent,8 cylinders,gas,61689.0,clean,automatic,1C4RJFCT6HC678209,4wd,SUV,black,4.0,48200.0
11490,chevrolet,tahoe,excellent,8 cylinders,gas,173498.0,clean,automatic,1GNFK33039R216717,4wd,SUV,black,12.0,49500.0
34990,jeep,grandcherokeetrailhawk,good,6 cylinders,gas,37509.0,clean,other,1C4RJFLG1JC138453,4wd,other,black,3.0,43500.0
34590,chevrolet,silverado1500double,good,6 cylinders,gas,29499.0,clean,other,1GCVKREH6GZ228691,4wd,pickup,silver,5.0,39500.0
36990,gmc,sierra2500hddoublecab,good,8 cylinders,gas,23190.0,clean,other,1GT22REG1GZ401351,4wd,pickup,black,5.0,39700.0
25000,ford,fusionse,like new,4 cylinders,gas,3701.0,clean,automatic,3FA6P0H78LR155610,fwd,sedan,white,1.0,25995.0
39590,mercedes-benz,eclasse400,good,6 cylinders,gas,34803.0,clean,automatic,WDD1J6FBXJF018412,rwd,coupe,black,3.0,65000.0
4700,subaru,imprezawagonoutbacksportnewheadgasketstimingbelt,excellent,4 cylinders,gas,214393.0,clean,automatic,JF1GG68636H807652,4wd,wagon,blue,15.0,21895.0
4500,jeep,grandcherokee,excellent,6 cylinders,gas,189973.0,clean,automatic,1J4GW48S41C633136,4wd,SUV,blue,20.0,30000.0
26995,kia,sportageex,excellent,4 cylinders,gas,6837.0,clean,automatic,KNDPNCAC1L7806760,4wd,SUV,blue,1.0,29800.0
8990,toyota,camryle4drsedan,like new,4 cylinders,gas,140000.0,clean,automatic,4T1BF1FK4DU211072,fwd,sedan,silver,8.0,24000.0
8495,ford,expedition,good,8 cylinders,gas,108779.0,clean,automatic,1FMFU16538LA65051,4wd,other,blue,13.0,42300.0
14995,chevrolet,silverado1500,good,8 cylinders,gas,140800.0,clean,automatic,1GCRKSE75DZ229746,4wd,pickup,grey,8.0,38500.0
9995,chevrolet,equinox,excellent,6 cylinders,gas,171708.0,clean,automatic,2CNALDEC2B6252103,fwd,SUV,black,10.0,24695.0
16995,acura,mdx,excellent,6 cylinders,gas,89430.0,clean,automatic,2HNYD2H54BH518771,4wd,SUV,custom,10.0,48480.0
18950,chevrolet,traverse,good,6 cylinders,gas,106158.0,clean,automatic,1GNKRGKD2HJ163740,fwd,wagon,white,4.0,27710.0
41990,lexus,is350fsportsedan4d,good,6 cylinders,gas,8104.0,clean,other,JTHGZ1B23L5035873,rwd,sedan,white,1.0,42300.0
45990,chevrolet,corvettestingrayz51,good,8 cylinders,gas,19666.0,clean,other,1G1YG3D78E5125905,rwd,convertible,yellow,7.0,65000.0
17995,gmc,yukonxl,excellent,8 cylinders,gas,147034.0,clean,automatic,1GKS2KE73CR174220,4wd,SUV,black,9.0,47390.0
31990,ram,1500quadcabharvestpickup,good,6 cylinders,gas,27426.0,clean,other,1C6RR7GG8JS247420,4wd,pickup,white,3.0,39200.0
29990,toyota,tacomadoublecabpickup,good,6 cylinders,gas,43182.0,clean,other,3TMLU4EN4CM085701,4wd,pickup,white,9.0,30550.0
33990,gmc,sierra1500doublecabsle,good,6 cylinders,gas,24299.0,clean,other,1GTV2MEHXJZ346690,4wd,pickup,white,3.0,41000.0
30590,jeep,wranglerrubiconsport,good,6 cylinders,gas,59322.0,clean,other,1C4BJWCGXGL165497,4wd,SUV,black,5.0,40490.0
29950,jeep,wrangler,excellent,4 cylinders,gas,27111.0,clean,automatic,1C4GJXAN6LW204978,4wd,SUV,red,1.0,31990.0
39788,ford,superdutyf250srw,good,8 cylinders,gas,58566.0,clean,automatic,1FD7X2A66KEC36498,rwd,truck,white,2.0,40000.0
5490,kia,soul,excellent,4 cylinders,gas,133000.0,clean,automatic,KNDJT2A64D7766711,fwd,hatchback,silver,8.0,18000.0
36990,toyota,4runnersr5sportutility,good,6 cylinders,gas,33909.0,clean,other,JTEBU5JR6K5679412,4wd,other,black,2.0,38400.0
14999,dodge,journey,excellent,4 cylinders,gas,75524.0,clean,automatic,3C4PDCAB6HT559409,fwd,SUV,grey,4.0,23800.0
30990,gmc,canyoncrewcabslepickup,good,6 cylinders,gas,51605.0,clean,other,1GTG6CE34G1115349,4wd,pickup,silver,5.0,33500.0
36590,chevrolet,camarosscoupe2d,good,8 cylinders,gas,14020.0,clean,other,1G1FE1R76H0165878,rwd,coupe,blue,4.0,38500.0
31995,bmw,5series540i,good,6 cylinders,gas,46003.0,clean,automatic,WBAJE5C58JG917641,rwd,sedan,white,3.0,60900.0
5100,honda,civic,excellent,4 cylinders,gas,135000.0,clean,manual,2HGFA1E52AH543236,fwd,sedan,red,11.0,18600.0
42990,toyota,tundracrewmaxlimited,good,8 cylinders,gas,36165.0,clean,automatic,5TFHY5F13HX607828,4wd,pickup,white,4.0,43200.0
12995,chevrolet,cruzelt,like new,4 cylinders,gas,61127.0,clean,automatic,1G1BE5SM0G7266569,fwd,sedan,silver,5.0,19200.0
7995,nissan,murano,excellent,6 cylinders,gas,129025.0,rebuilt,automatic,JN8AZ18W19W110403,4wd,SUV,silver,12.0,33980.0
29990,chevrolet,coloradoextendedcab,good,6 cylinders,gas,17302.0,clean,other,1GCHTCE37G1186784,4wd,pickup,red,5.0,36500.0
8990,ford,taurussel4drsedan,like new,6 cylinders,gas,108000.0,clean,automatic,1FAHP2E82DG120930,fwd,sedan,grey,8.0,27200.0
27400,gmc,yukonxl,excellent,8 cylinders,gas,150595.0,clean,automatic,1GKS2HKC5FR122371,4wd,SUV,white,6.0,66800.0
8700,kia,soul,excellent,4 cylinders,gas,86524.0,clean,manual,KNDJT2A14B7294284,fwd,wagon,silver,10.0,15995.0
12750,jeep,grandcherokee,excellent,6 cylinders,gas,136660.0,clean,automatic,1J4RS4GGXBC658383,rwd,SUV,silver,10.0,32500.0
28795,toyota,rav4,excellent,4 cylinders,gas,29164.0,clean,automatic,2T3J1RFV2LC082615,4wd,SUV,grey,1.0,34800.0
5995,dodge,caliber,good,4 cylinders,gas,60652.0,clean,automatic,1B3CB5HA3BD204550,fwd,hatchback,black,10.0,18300.0
11900,buick,enclaveleather,excellent,6 cylinders,gas,98000.0,clean,automatic,5GAKRCED0CJ404492,fwd,other,custom,9.0,40000.0
10995,subaru,outback,excellent,4 cylinders,gas,112172.0,clean,automatic,4S4BRBKCXD3239881,4wd,wagon,green,8.0,30635.0
34590,chevrolet,silverado1500double,good,6 cylinders,gas,29499.0,clean,other,1GCVKREH6GZ228691,4wd,pickup,silver,5.0,39700.0
30800,chevrolet,corvette,like new,8 cylinders,gas,19428.0,clean,manual,1G1YY26U575112283,rwd,coupe,yellow,14.0,49750.0
34990,ford,mustanggtpremium,good,8 cylinders,gas,18650.0,clean,other,1FATP8FF5J5115190,rwd,other,black,3.0,45000.0
10450,honda,odysseyexl,excellent,6 cylinders,gas,151000.0,clean,automatic,5FNRL5H60DB014427,fwd,mini-van,silver,8.0,33900.0
14990,audi,q7,good,6 cylinders,gas,110694.0,clean,automatic,WA1LGAFE5DD011585,4wd,SUV,black,8.0,57800.0
35590,ram,1500crewcabbighorn,good,8 cylinders,gas,22401.0,clean,other,1C6RR7LT4HS667558,4wd,pickup,blue,4.0,39000.0
1000,chevrolet,impala,fair,4 cylinders,gas,217838.0,clean,automatic,2G1WF52E239428119,fwd,sedan,grey,18.0,24200.0
10500,mazda,3,excellent,4 cylinders,gas,34383.0,clean,manual,JM1BL1U78D1776177,fwd,sedan,silver,8.0,18750.0
27900,jeep,wranglerunlimited,excellent,6 cylinders,gas,93000.0,clean,automatic,1C4BJWDG6GL291774,4wd,wagon,white,5.0,31995.0
11900,audi,a6,excellent,4 cylinders,gas,114000.0,clean,automatic,WAUGFAFC8DN005134,4wd,sedan,grey,8.0,59100.0
19995,gmc,sierra3500hd,excellent,8 cylinders,diesel,223363.0,clean,automatic,1GTHK33235F932693,4wd,pickup,silver,16.0,48000.0
12950,honda,crv,excellent,4 cylinders,gas,103053.0,clean,automatic,2HKRM4H35DH616853,4wd,SUV,blue,8.0,24500.0
13900,honda,civicsdn,good,4 cylinders,gas,32901.0,clean,automatic,19XFB2F55DE290915,rwd,sedan,grey,8.0,19700.0
15489,toyota,tundra,excellent,8 cylinders,gas,138537.0,clean,automatic,5TBBV54127S487292,4wd,pickup,black,14.0,38500.0
16995,volkswagen,passat,excellent,4 cylinders,diesel,71395.0,clean,automatic,1VWCN7A30EC075414,fwd,sedan,silver,7.0,30600.0
35590,ram,1500crewcabbighorn,good,6 cylinders,other,22805.0,clean,other,1C6RR7LG2JS220638,4wd,pickup,black,3.0,38800.0
32590,lexus,rx350sportutility4d,good,6 cylinders,gas,20425.0,clean,other,2T2ZZMCA7HC068818,fwd,SUV,blue,4.0,43000.0
29100,ram,1500classic,excellent,8 cylinders,gas,78042.0,clean,automatic,1C6RR6TT1KS562171,rwd,pickup,grey,2.0,40000.0
9995,jeep,patriotsport,like new,4 cylinders,gas,86917.0,clean,automatic,1C4NJPBB3ED803153,fwd,SUV,silver,7.0,19000.0
38590,chevrolet,corvettegrandsport,good,8 cylinders,gas,30237.0,clean,other,1G1YR3DW3B5102190,rwd,other,red,10.0,57700.0
9950,dodge,dakotalaramiecrewcab,like new,8 cylinders,gas,154391.0,clean,automatic,1D7HW58N28S634219,4wd,pickup,red,13.0,28500.0
38900,ram,2500,excellent,6 cylinders,diesel,156956.0,clean,automatic,3C6UR5NL3DG525599,4wd,pickup,white,8.0,54245.0
29990,chevrolet,coloradocrewcabwork,good,6 cylinders,gas,11401.0,clean,other,1GCGTBEN7J1162712,4wd,pickup,red,3.0,33995.0
5995,toyota,camry,excellent,6 cylinders,gas,105286.0,clean,automatic,4T1BF32K43U562189,fwd,sedan,silver,18.0,24000.0
27590,lincoln,mkxselectsportutility,good,6 cylinders,other,23818.0,clean,other,2LMPJ6KP4JBL17661,fwd,SUV,blue,3.0,55455.0
9343,chevrolet,traverse,excellent,6 cylinders,gas,127300.0,clean,automatic,1GNKREED4CJ328485,fwd,SUV,silver,9.0,30500.0
9999,subaru,outback,excellent,6 cylinders,gas,130500.0,clean,automatic,4S4BRDAC5B2376579,4wd,wagon,silver,10.0,29000.0
27998,dodge,chargerscatpackdaytona,excellent,8 cylinders,gas,77124.0,salvage,automatic,2C3CDXGJ2HH542320,rwd,sedan,grey,4.0,43000.0
29590,ford,expeditionxltsport,good,6 cylinders,gas,70760.0,clean,other,1FMJU1JT1HEA52352,4wd,SUV,blue,4.0,55000.0
29990,ram,1500quadcabtradesman,good,6 cylinders,other,31622.0,clean,other,1C6RR7FG7HS699550,4wd,pickup,white,4.0,37000.0
15900,nissan,rogue,excellent,4 cylinders,gas,63372.0,clean,automatic,KNMAT2MT6HP587335,fwd,SUV,silver,4.0,24500.0
18999,bmw,x5,excellent,6 cylinders,gas,81608.0,clean,automatic,5UXZV4C58D0G52430,4wd,SUV,grey,8.0,57200.0
12000,audi,s4quattro,excellent,8 cylinders,gas,105905.0,clean,automatic,WAUGL78E47A192930,4wd,sedan,grey,14.0,45000.0
17888,mercedes-benz,sclass,good,8 cylinders,gas,68589.0,clean,automatic,WDDNG86X68A228732,4wd,sedan,black,13.0,88100.0
4500,honda,civic,excellent,4 cylinders,gas,180000.0,clean,automatic,1HGFA16818L000319,fwd,sedan,red,13.0,20540.0
9995,cadillac,escalade,excellent,8 cylinders,gas,214053.0,clean,automatic,1GYFK63867R333957,4wd,SUV,white,14.0,67485.0
9999,chrysler,200limited,excellent,6 cylinders,gas,88650.0,clean,automatic,1C3CCBCG7CN120592,fwd,sedan,grey,9.0,24900.0
24986,chevrolet,silverado,like new,8 cylinders,gas,115853.0,clean,automatic,3GCUKREC6EG555671,4wd,truck,grey,7.0,42000.0
51000,gmc,sierra2500hdcrecab4x4,good,8 cylinders,diesel,100557.0,clean,automatic,1GT12TEY1JF228327,4wd,pickup,black,3.0,57000.0
19995,ram,1500,excellent,8 cylinders,gas,104463.0,clean,automatic,3C6JR6AT3EG159613,rwd,pickup,black,7.0,31500.0
14999,subaru,forester,excellent,4 cylinders,gas,71404.0,clean,automatic,JF2SJAEC7EH546576,4wd,wagon,grey,7.0,29495.0
33366,ford,transit250cargovan,excellent,6 cylinders,gas,16726.0,clean,automatic,1FTYR1ZM4KKB02199,rwd,van,white,2.0,38800.0
47995,chevrolet,silverado3500hdlt,good,8 cylinders,gas,14530.0,clean,automatic,1GB4KZCG3JF243197,rwd,pickup,white,3.0,54500.0
6450,honda,odyssey,excellent,6 cylinders,gas,139514.0,clean,automatic,5FNRL38628B050596,fwd,mini-van,blue,13.0,31850.0
9995,chrysler,200limited,excellent,4 cylinders,gas,45476.0,clean,automatic,1C3CCCABXGN131489,fwd,sedan,black,5.0,26500.0
29990,ford,superdutyf450drw,good,8 cylinders,diesel,137481.0,clean,automatic,1FD0X4HT9BEC31739,4wd,truck,white,10.0,52000.0
16995,audi,q5,excellent,6 cylinders,gas,94165.0,clean,automatic,WA1DKAFPXBA096748,4wd,SUV,black,10.0,43100.0
5799,chevrolet,silverado2500,excellent,8 cylinders,gas,235197.0,clean,automatic,1GCHC23U74F186434,rwd,pickup,white,17.0,38900.0
38950,ford,f250,excellent,8 cylinders,diesel,135365.0,clean,automatic,1FT7W2BT0CED17946,4wd,truck,white,9.0,43000.0
7900,kia,optimalx,like new,4 cylinders,gas,140000.0,clean,automatic,5XXGM4A77DG218964,fwd,sedan,silver,8.0,22000.0
16988,ford,transitconnect,excellent,4 cylinders,gas,70445.0,clean,automatic,NM0LS7E78H1302449,fwd,mini-van,white,4.0,24000.0
14980,toyota,prius,excellent,4 cylinders,hybrid,88592.0,clean,automatic,JTDKARFU9G3012452,fwd,sedan,silver,5.0,24100.0
48900,rover,velar,excellent,4 cylinders,gas,23860.0,clean,automatic,SALYB2RXXJA724002,4wd,SUV,black,3.0,60500.0
22500,infiniti,qx60,excellent,6 cylinders,gas,58590.0,clean,automatic,5N1DL0MM3HC520608,fwd,SUV,blue,4.0,43700.0
26495,chevrolet,silverado1500,good,8 cylinders,gas,89000.0,clean,automatic,3GCPKTE26CG286487,4wd,truck,red,9.0,40800.0
4999,honda,civiclx,like new,4 cylinders,gas,210000.0,clean,automatic,1HGFA16596L086613,fwd,sedan,blue,15.0,18730.0
27990,lincoln,mkxreservesport,good,6 cylinders,gas,23857.0,clean,other,2LMTJ6LR2GBL45983,fwd,other,white,5.0,48500.0
6499,honda,accordsdnlxp,excellent,4 cylinders,gas,218419.0,clean,automatic,JHMCP26428C077217,fwd,sedan,silver,13.0,23300.0
36990,jeep,wranglerunlimitedallnew,good,6 cylinders,gas,30731.0,clean,other,1C4HJXDG6JW128841,4wd,other,white,3.0,37255.0
37900,chevrolet,silverado1500,excellent,8 cylinders,gas,23000.0,clean,automatic,1GCVKREC7JZ106854,4wd,truck,black,3.0,41905.0
18800,jeep,grandcherokee,good,6 cylinders,gas,108121.0,clean,automatic,1C4RJFBG1FC713014,4wd,SUV,grey,6.0,44995.0
35590,ram,1500crewcabbighorn,good,6 cylinders,other,22805.0,clean,other,1C6RR7LG2JS220638,4wd,pickup,black,3.0,38500.0
28950,chevrolet,silverado2500d,excellent,8 cylinders,diesel,153871.0,clean,automatic,1GC2KUE86FZ531605,4wd,truck,white,6.0,43600.0
33990,gmc,sierra1500crewcabslt,good,8 cylinders,other,34413.0,clean,other,3GTP2WE76DG226983,4wd,pickup,red,8.0,40795.0
24500,honda,accordsportsedan4d,like new,4 cylinders,gas,63372.0,clean,automatic,1HGCV1F38JA262240,fwd,sedan,blue,3.0,25700.0
6995,ford,fusionsel,like new,4 cylinders,gas,110466.0,clean,automatic,3FAHP0JA7CR123830,fwd,sedan,silver,9.0,22700.0
12300,mitsubishi,outlanderse,excellent,4 cylinders,gas,107071.0,clean,automatic,JA4AZ3A3XGZ016260,4wd,SUV,silver,5.0,29000.0
42900,ford,superdutyf250srw,excellent,8 cylinders,diesel,145000.0,clean,automatic,1FT7W2BT2DEB73222,4wd,truck,black,8.0,48700.0
38990,dodge,chargerrtscatpack,good,8 cylinders,gas,14706.0,clean,other,2C3CDXGJ8JH147905,rwd,sedan,red,3.0,70795.0
9600,honda,crvex,excellent,4 cylinders,gas,119176.0,rebuilt,automatic,5J6RM4H53DL048304,fwd,SUV,blue,8.0,25100.0
19995,nissan,frontier,excellent,6 cylinders,gas,84100.0,clean,automatic,1N6AD0FV1HN762521,4wd,truck,grey,4.0,32890.0
19900,chevrolet,colorado,excellent,4 cylinders,gas,77495.0,clean,automatic,1GCHSBEA7G1210089,rwd,truck,red,5.0,20500.0
13990,toyota,4runnerlimitedv8awd,excellent,8 cylinders,gas,151000.0,clean,automatic,JTEBT17R770065895,4wd,SUV,black,14.0,38500.0
36990,toyota,4runnersr5sportutility,good,6 cylinders,gas,21415.0,clean,other,JTEBU5JR4J5589139,4wd,other,silver,3.0,40500.0
18998,dodge,chargerrtplus,excellent,8 cylinders,gas,80820.0,clean,automatic,2C3CDXCTXDH680026,rwd,sedan,silver,8.0,32500.0
10999,acura,ilx,excellent,4 cylinders,gas,80956.0,clean,automatic,19VDE1F78DE006860,fwd,sedan,grey,8.0,29800.0
17900,toyota,rav4,excellent,4 cylinders,gas,72000.0,clean,automatic,2T3WFREV1EW114108,fwd,SUV,silver,7.0,24900.0
10750,jeep,patriotsport,excellent,4 cylinders,gas,33001.0,clean,automatic,1C4NJPBA0HD212936,fwd,SUV,black,4.0,23190.0
22900,ford,f150,excellent,8 cylinders,gas,168509.0,clean,automatic,1FTFW1EF8GFA75306,4wd,pickup,white,5.0,42600.0
28990,infiniti,qx6035sportutility,good,6 cylinders,gas,32458.0,clean,other,5N1DL0MN7JC500375,fwd,SUV,black,3.0,43100.0
22750,ford,superdutyf350srwxlt,good,8 cylinders,other,139020.0,clean,automatic,1FTWW3BR7AEB29184,4wd,pickup,blue,11.0,42300.0
59990,ford,superdutyf550drw,good,8 cylinders,diesel,31337.0,clean,automatic,1FD0X5HTXHEB33429,4wd,truck,white,4.0,68000.0
29990,chevrolet,silverado1500double,good,8 cylinders,gas,26129.0,clean,other,1GCVKREC7EZ196951,4wd,pickup,brown,7.0,39500.0
11480,honda,accord,excellent,4 cylinders,gas,125398.0,clean,automatic,1HGCR2F32DA284796,fwd,sedan,blue,8.0,22970.0
35590,chevrolet,corvetteconvertible,good,8 cylinders,gas,31879.0,clean,other,1G1YC3DW6A5101146,rwd,other,red,11.0,64800.0
3250,acura,tl,excellent,6 cylinders,gas,133000.0,clean,automatic,19UUA56623A000203,fwd,sedan,brown,19.0,29900.0
10500,ford,mustang,excellent,8 cylinders,gas,125045.0,clean,automatic,1ZVHT85H965131959,rwd,convertible,red,15.0,29000.0
8995,rover,lr3,excellent,8 cylinders,gas,110047.0,clean,automatic,SALAE25458A490690,4wd,SUV,black,13.0,49950.0
7985,ford,f150xlt,excellent,8 cylinders,gas,145000.0,clean,automatic,1FTRW07L53KD03886,rwd,truck,silver,18.0,23870.0
37590,infiniti,qx80limitedsport,good,8 cylinders,gas,60560.0,clean,automatic,JN8AZ2NE9H9151571,4wd,other,white,4.0,65000.0
16895,audi,q5,excellent,4 cylinders,gas,76819.0,clean,automatic,WA1LFAFP4DA051372,4wd,SUV,black,8.0,45100.0
34590,chevrolet,corvettecoupe2d,good,8 cylinders,gas,20182.0,clean,other,1G1YF2DWXA5104665,rwd,coupe,red,11.0,47900.0
8995,ford,fusionsel,excellent,4 cylinders,gas,90468.0,clean,automatic,3FAHP0JA5CR167017,fwd,sedan,black,9.0,23400.0
19999,rover,sport,excellent,8 cylinders,gas,99743.0,clean,automatic,SALSK2D43DA805592,4wd,SUV,brown,8.0,69995.0
22499,dodge,durango,excellent,6 cylinders,gas,99469.0,clean,automatic,1C4RDJAG8HC898712,4wd,SUV,black,4.0,35995.0
5995,pontiac,g6,like new,6 cylinders,gas,105277.0,clean,automatic,1G2ZG57N784236350,fwd,sedan,black,13.0,22500.0
26999,audi,q7,good,6 cylinders,gas,101375.0,clean,automatic,WA1VAAF79HD019335,4wd,SUV,blue,4.0,73800.0
37990,chevrolet,camarosscoupe2d,good,8 cylinders,gas,9704.0,clean,other,1G1FF1R79G0140582,rwd,coupe,red,5.0,38000.0
17499,acura,mdxtechnologyawd,excellent,6 cylinders,gas,84000.0,clean,automatic,2HNYD2H37CH511216,4wd,SUV,white,9.0,49425.0
12900,dodge,grandcaravan,excellent,6 cylinders,gas,0.0,clean,automatic,2C4RDGCG9GR373731,fwd,van,black,5.0,29000.0
5950,subaru,impreza,excellent,4 cylinders,gas,125997.0,clean,automatic,JF1GE6B64AH508257,4wd,sedan,orange,11.0,22100.0
36990,toyota,4runnersr5sportutility,good,6 cylinders,gas,33909.0,clean,other,JTEBU5JR6K5679412,4wd,other,black,2.0,40800.0
31990,ram,1500quadcabharvestpickup,good,6 cylinders,gas,27426.0,clean,other,1C6RR7GG8JS247420,4wd,pickup,white,3.0,40000.0
9999,jeep,renegade,excellent,4 cylinders,gas,13623.0,rebuilt,automatic,ZACCJABB7JPJ17517,fwd,SUV,blue,3.0,23995.0
12495,honda,accordsport,excellent,4 cylinders,gas,117390.0,clean,automatic,1HGCR2F50EA277669,fwd,sedan,black,7.0,23990.0
10990,honda,civiclxsedan,excellent,4 cylinders,gas,86596.0,clean,automatic,19XFB2F50DE265100,fwd,sedan,black,8.0,19600.0
14995,nissan,altima25s,like new,4 cylinders,gas,33371.0,clean,automatic,1N4AL3AP9HN318552,fwd,sedan,custom,4.0,23800.0
16495,chevrolet,traverse2ltawd,excellent,6 cylinders,gas,158000.0,clean,automatic,1GNKVHKD4FJ308405,4wd,SUV,black,6.0,37795.0
10995,toyota,4runner,good,8 cylinders,gas,173544.0,clean,automatic,JTEBT17R840043044,4wd,wagon,custom,17.0,38200.0
12440,chevrolet,malibu,good,4 cylinders,gas,98778.0,clean,automatic,1G1ZB5ST6HF278182,fwd,sedan,black,4.0,22250.0
37990,dodge,challengerrtscatpack,good,8 cylinders,gas,12193.0,clean,other,2C3CDZFJ5GH192418,rwd,coupe,purple,5.0,38495.0
6770,ford,escapexlt,excellent,6 cylinders,gas,136000.0,clean,automatic,1FMCU03G59KA04312,fwd,SUV,grey,12.0,26600.0
17995,ford,transit,good,6 cylinders,gas,81037.0,clean,automatic,1FMZK1ZM0GKB39245,rwd,van,silver,5.0,32180.0
28990,bmw,m3convertible2d,good,8 cylinders,gas,70703.0,clean,other,WBSDX9C57CE785089,rwd,other,silver,9.0,59800.0
23400,toyota,highlander,excellent,6 cylinders,gas,53563.0,clean,automatic,5TDBKRFHXGS267626,4wd,SUV,black,5.0,45500.0
26995,chevrolet,corvette,good,8 cylinders,gas,33066.0,clean,automatic,1G1YY24U455101422,rwd,coupe,silver,16.0,48000.0
7999,volkswagen,routanse,excellent,6 cylinders,gas,86000.0,clean,automatic,2V4RW3DG5BR634014,fwd,mini-van,black,10.0,32780.0
11998,honda,crv,excellent,4 cylinders,gas,136058.0,clean,automatic,3CZRM3H34EG707711,fwd,SUV,grey,7.0,23495.0
22990,nissan,maximasvsedan4d,good,6 cylinders,gas,31553.0,clean,other,1N4AA6CV5LC361406,fwd,sedan,silver,1.0,38490.0
6900,chevrolet,tahoelt,good,8 cylinders,gas,231000.0,clean,automatic,1GNFK23009R232450,4wd,SUV,blue,12.0,50485.0
8500,chevrolet,coloradonworktruck,excellent,4 cylinders,gas,127151.0,clean,automatic,1GCCSBF93C8130627,rwd,pickup,white,9.0,19530.0
29990,ram,1500quadcabtradesman,good,6 cylinders,other,31622.0,clean,other,1C6RR7FG7HS699550,4wd,pickup,white,4.0,36100.0
46990,chevrolet,corvettestingray,good,8 cylinders,gas,19798.0,clean,other,1G1YB2D77G5108038,rwd,coupe,silver,5.0,54900.0
37990,toyota,tundradoublecabsr,good,8 cylinders,gas,22870.0,clean,other,5TFUM5F13GX069124,4wd,pickup,black,5.0,43900.0
34990,jeep,grandcherokeetrailhawk,good,6 cylinders,gas,37509.0,clean,other,1C4RJFLG1JC138453,4wd,other,black,3.0,45300.0
32375,volvo,xc60,good,4 cylinders,gas,40147.0,clean,automatic,LYV102RK4JB077494,4wd,SUV,white,3.0,43600.0
5900,jeep,grandcherokee,excellent,6 cylinders,gas,220535.0,clean,automatic,1J8GR48K98C110114,rwd,SUV,red,13.0,31500.0
27990,gmc,sierra2500hdextendedcab,good,8 cylinders,gas,68696.0,clean,other,1GT220CG8CZ231238,4wd,pickup,black,9.0,40450.0
21590,hyundai,genesis38sedan4d,good,6 cylinders,gas,60935.0,clean,automatic,KMHGN4JE6GU107876,rwd,sedan,white,5.0,40500.0
34590,chevrolet,silverado1500double,good,6 cylinders,gas,29499.0,clean,other,1GCVKREH6GZ228691,4wd,pickup,silver,5.0,38400.0
9995,volkswagen,gtiautobahn,excellent,4 cylinders,gas,152856.0,clean,automatic,WVWHD7AJ1DW098658,fwd,hatchback,grey,8.0,30000.0
3940,dodge,durango,excellent,8 cylinders,gas,193000.0,clean,automatic,1B4HR28Z4YF155714,fwd,SUV,grey,19.0,32000.0
17299,nissan,rogue,good,4 cylinders,gas,55749.0,clean,automatic,KNMAT2MVXHP574704,4wd,SUV,black,4.0,30700.0
7880,honda,crv,excellent,4 cylinders,gas,123918.0,clean,automatic,JHLRE48378C002243,4wd,SUV,white,13.0,25000.0
5000,dodge,journey,good,6 cylinders,gas,127000.0,clean,automatic,3D4GG57V09T219004,4wd,mini-van,grey,12.0,25000.0
8999,dodge,dart,like new,4 cylinders,gas,57593.0,clean,automatic,1C3CDFAA1FD237940,fwd,sedan,white,6.0,19500.0
12990,ford,escape,excellent,4 cylinders,gas,109274.0,clean,automatic,1FMCU9JX4EUC48930,4wd,SUV,grey,7.0,31900.0
39590,ford,mustanggtpremiumcoupe2d,good,8 cylinders,gas,1419.0,clean,other,1FA6P8CF5L5136223,rwd,coupe,white,1.0,43400.0
21995,buick,encoreessencesport,like new,4 cylinders,gas,27326.0,clean,automatic,KL4CJCSMXKB808482,fwd,SUV,red,2.0,29500.0
44990,ford,superdutyf550drw,good,8 cylinders,diesel,52307.0,clean,automatic,1FDUF5HT3CEA93689,4wd,truck,white,9.0,60000.0
23995,jeep,compasssport,like new,4 cylinders,gas,17801.0,clean,automatic,3C4NJDAB9JT308167,4wd,SUV,green,3.0,26395.0
9888,chrysler,200touringsedan,excellent,4 cylinders,gas,63349.0,clean,automatic,1C3CCBBB2EN152715,fwd,sedan,silver,7.0,21500.0
11988,honda,crvex,like new,4 cylinders,gas,99662.0,clean,automatic,JHLRE48558C012268,4wd,SUV,silver,13.0,26650.0
23990,lincoln,navigatorsportutility,good,8 cylinders,gas,63065.0,clean,other,5LMJJ2J54DEL09382,4wd,other,black,8.0,60900.0
20499,ford,f1504x4supercab,excellent,8 cylinders,gas,70496.0,clean,automatic,1FTFX1EF9CFC72640,4wd,pickup,silver,9.0,36500.0
14995,audi,ttquattro,excellent,6 cylinders,gas,58000.0,clean,automatic,TRUUF28N641010114,4wd,convertible,black,17.0,38600.0
16500,chevrolet,equinox,excellent,4 cylinders,gas,61520.0,clean,automatic,2GNAXJEV8J6125967,fwd,SUV,black,3.0,27500.0
34990,jeep,grandcherokeetrailhawk,good,6 cylinders,gas,37509.0,clean,other,1C4RJFLG1JC138453,4wd,other,black,3.0,46000.0
33990,ford,superdutyf550drw,good,8 cylinders,diesel,136250.0,clean,automatic,1FDUF5HT3EEB73528,4wd,truck,white,7.0,59000.0
37088,chevrolet,camaro1ss,good,8 cylinders,gas,35239.0,clean,automatic,1G1FF1R70H0198503,rwd,coupe,red,4.0,38995.0
8796,ford,fusion,good,6 cylinders,gas,67839.0,clean,automatic,3FAHP0CG7CR324726,fwd,sedan,custom,9.0,29100.0
6995,acura,mdx,excellent,6 cylinders,gas,153530.0,clean,automatic,2HNYD28877H526140,4wd,SUV,white,14.0,45000.0
15990,subaru,legacy,excellent,4 cylinders,gas,32542.0,clean,automatic,4S3BNAL67F3057965,4wd,sedan,black,6.0,30300.0
9900,chrysler,200,excellent,4 cylinders,gas,0.0,clean,automatic,1C3CCCAB2FN625036,fwd,sedan,grey,6.0,22100.0
6999,ford,fusionselawd,excellent,6 cylinders,gas,147000.0,clean,automatic,3FAHP0CG3CR365306,4wd,sedan,white,9.0,28600.0
7200,ford,expeditionxlt4x4,excellent,8 cylinders,gas,63800.0,clean,automatic,1FMPU16LX3LC57238,4wd,SUV,white,18.0,41000.0
21500,chevrolet,suburbanlt,like new,8 cylinders,gas,159158.0,clean,automatic,1GNSKJKC2FR583201,4wd,SUV,black,6.0,52700.0
12995,honda,odyssey,excellent,6 cylinders,gas,159736.0,clean,automatic,5FNRL5H92CB054422,fwd,mini-van,black,9.0,41980.0
4598,chevrolet,malibu,excellent,4 cylinders,gas,201000.0,clean,automatic,1G1ZB5E11BF120222,fwd,sedan,grey,10.0,22875.0
35590,dodge,challengersrt8coupe2d,good,8 cylinders,gas,16796.0,clean,other,2B3CJ7DJ7BH589702,rwd,coupe,green,10.0,42650.0
7795,toyota,prius,excellent,4 cylinders,hybrid,75000.0,clean,automatic,JTDKB20U477669133,fwd,hatchback,black,14.0,22500.0
7495,jaguar,xj8l,good,8 cylinders,gas,130185.0,clean,automatic,SAJWA79B29SH31572,rwd,sedan,black,12.0,78000.0
35900,gmc,sierra2500hd,excellent,8 cylinders,diesel,163000.0,clean,automatic,1GT121E80CF143079,4wd,truck,red,9.0,57300.0
12538,toyota,corollale,good,4 cylinders,gas,64238.0,clean,automatic,2T1BU4EE3DC101490,fwd,sedan,white,8.0,18600.0
6999,subaru,impreza,good,4 cylinders,gas,90663.0,clean,manual,JF1GH6A63BG806962,4wd,wagon,silver,10.0,19795.0
12995,subaru,outback,excellent,4 cylinders,gas,143745.0,clean,manual,4S4BRCJC0C3276492,4wd,wagon,blue,9.0,30495.0
30000,bmw,550ixdrive,good,8 cylinders,gas,47000.0,clean,automatic,WBAKP9C51FD979316,4wd,sedan,black,6.0,64600.0
2800,hyundai,elantra,good,4 cylinders,gas,256200.0,clean,automatic,KMHDU46D39U657321,fwd,sedan,grey,12.0,14800.0
28995,chevrolet,silverado2500hd,good,8 cylinders,diesel,220620.0,clean,automatic,1GC1KYC81DF142682,4wd,truck,red,8.0,52845.0
11900,chevrolet,cruzelimited,good,4 cylinders,gas,34310.0,clean,automatic,1G1PE5SB3G7117769,fwd,sedan,grey,5.0,19500.0
48800,ram,2500,like new,6 cylinders,diesel,52144.0,clean,automatic,3C6UR5DL7KG563593,4wd,truck,white,2.0,55000.0
38995,ford,superdutyf250srw,excellent,8 cylinders,gas,55766.0,clean,automatic,1FT7X2B60FEA40419,4wd,pickup,white,6.0,41900.0
28590,dodge,challengergtcoupe2d,good,6 cylinders,gas,11727.0,clean,other,2C3CDZJG7LH121176,rwd,coupe,silver,1.0,31995.0
18995,kia,sportagelx,new,4 cylinders,gas,8600.0,clean,automatic,KNDPMCAC1H7275599,4wd,SUV,brown,4.0,26500.0
6995,honda,crv,excellent,4 cylinders,gas,144000.0,clean,automatic,SHSRD788X6U444455,4wd,SUV,grey,15.0,26500.0
74995,chevrolet,corvettez06,excellent,8 cylinders,gas,7148.0,clean,manual,1G1YN2D65G5608603,rwd,coupe,grey,5.0,78500.0
21998,cadillac,ctscoupe,excellent,6 cylinders,gas,68856.0,clean,automatic,1G6DH1E37E0180381,4wd,coupe,white,7.0,55665.0
17400,jeep,wranglerunlimited,excellent,6 cylinders,gas,132000.0,clean,automatic,1J4BA3H17BL516338,4wd,SUV,black,10.0,29745.0
8950,nissan,altima,excellent,4 cylinders,gas,120132.0,clean,automatic,1N4AL3AP6DC174030,fwd,sedan,white,8.0,19500.0
9995,chevrolet,equinox,excellent,4 cylinders,gas,133552.0,clean,automatic,2GNALAEK7F6123863,fwd,SUV,black,6.0,23795.0
8000,ford,f350,good,8 cylinders,diesel,139000.0,rebuilt,automatic,1FTWW31P36EB85274,4wd,truck,silver,15.0,40999.0
29990,toyota,tacomadoublecabpickup,good,6 cylinders,gas,43182.0,clean,other,3TMLU4EN4CM085701,4wd,pickup,white,9.0,30000.0
6995,infiniti,fx35,excellent,6 cylinders,gas,216500.0,clean,manual,JNRAS08WX7X207715,4wd,SUV,silver,14.0,48400.0
13500,toyota,tacoma,good,4 cylinders,gas,147595.0,clean,automatic,5TFNX4CN5EX039262,rwd,truck,white,7.0,22000.0
5495,honda,fit,good,4 cylinders,gas,203204.0,clean,automatic,JHMGE8H43AC015922,fwd,hatchback,silver,11.0,16995.0
9238,buick,encore,good,4 cylinders,gas,126661.0,clean,automatic,KL4CJCSB1DB101210,fwd,SUV,white,8.0,29500.0
26750,ram,2500,excellent,8 cylinders,gas,2327.0,clean,automatic,3C6UR5CJ5KG654247,4wd,pickup,silver,2.0,40500.0
27990,infiniti,qx6035sportutility,good,6 cylinders,other,26355.0,clean,other,5N1DL0MN6HC547424,fwd,other,blue,4.0,44300.0
11995,jeep,patriot,excellent,4 cylinders,gas,76000.0,clean,automatic,1C4NJPBA6GD679177,fwd,SUV,grey,5.0,21500.0
40995,ford,f250sd,good,8 cylinders,diesel,150203.0,clean,automatic,1FT7W2BT1HEB71371,4wd,truck,black,4.0,50000.0
7900,mini,cooperclubman,excellent,4 cylinders,gas,0.0,clean,automatic,WMWMM33509TP90424,fwd,wagon,red,12.0,24000.0
5700,ford,f150,excellent,8 cylinders,gas,133000.0,clean,manual,1FTRX18W81NA34175,4wd,pickup,white,20.0,30380.0
31990,ram,1500crewcabexpresspickup,good,8 cylinders,gas,15498.0,clean,other,3C6RR7KT2HG689972,4wd,pickup,silver,4.0,42000.0
21995,ram,1500,excellent,6 cylinders,diesel,114495.0,clean,automatic,1C6RR7FM9FS544341,4wd,pickup,white,6.0,43000.0
7995,chevrolet,silverado2500hd,excellent,8 cylinders,gas,107575.0,clean,automatic,1GCHK29U11E179989,4wd,pickup,grey,20.0,25000.0
6985,mercury,mariner4x4,excellent,6 cylinders,gas,130000.0,clean,automatic,4M2CU91118KJ16489,4wd,SUV,red,13.0,30500.0
42995,ford,superdutyf250srwxl,good,8 cylinders,other,19444.0,clean,automatic,1FTBF2B69KEE23573,4wd,pickup,blue,2.0,45300.0
6995,mercury,grandmarquis,excellent,8 cylinders,gas,71597.0,clean,automatic,2MEHM75W04X654726,rwd,sedan,blue,17.0,32500.0
14988,ford,f150,good,8 cylinders,gas,162213.0,clean,automatic,1FTRW148X9FB08678,4wd,pickup,black,12.0,31945.0
5980,volkswagen,jetta,excellent,4 cylinders,gas,103000.0,clean,automatic,3VWDP7AJ5CM119464,fwd,sedan,custom,9.0,18700.0
29590,ford,expeditionxltsport,good,6 cylinders,gas,70760.0,clean,other,1FMJU1JT1HEA52352,4wd,SUV,blue,4.0,55000.0
10700,subaru,imprezasportlimited,good,4 cylinders,gas,108487.0,clean,automatic,JF1GPAS68CH217454,4wd,hatchback,white,6.0,23000.0
13995,chevrolet,traverse,like new,6 cylinders,gas,66881.0,clean,automatic,1GNKRJED0BJ351530,fwd,SUV,silver,10.0,34665.0
28995,ford,f150,excellent,8 cylinders,gas,128582.0,clean,automatic,1FTFW1EF0EKD14058,4wd,pickup,orange,7.0,38500.0
9999,nissan,jukesl,excellent,4 cylinders,gas,27707.0,rebuilt,automatic,JN8AF5MV6ET360549,4wd,SUV,silver,7.0,25100.0
27990,toyota,tacomadoublecabpickup,good,6 cylinders,gas,67245.0,clean,other,5TFLU4EN4CX030112,4wd,pickup,silver,9.0,29750.0
41590,buick,enclaveavenirsport,good,6 cylinders,gas,29010.0,clean,other,5GAERDKWXLJ231184,fwd,SUV,red,1.0,57600.0
33990,mercedes-benz,eclasse63amg,good,8 cylinders,gas,88107.0,clean,automatic,WDDHF7EB7CA570344,rwd,sedan,white,9.0,100000.0
22599,ford,explorer,good,6 cylinders,gas,74619.0,clean,automatic,1FM5K7D88JGC56495,fwd,SUV,custom,3.0,33500.0
16999,hyundai,tucsonspt,excellent,4 cylinders,gas,81713.0,clean,automatic,KM8J33A26GU079346,fwd,SUV,white,5.0,26500.0
7999,lexus,rx3304wd,excellent,6 cylinders,gas,126000.0,clean,automatic,2T2HA31U54C006211,4wd,SUV,white,17.0,40000.0
15999,jeep,grandcherokeeoverland4x4,excellent,8 cylinders,gas,114726.0,clean,automatic,1C4RJFCT1DC619644,4wd,SUV,black,8.0,53200.0
19995,jeep,wrangler,good,6 cylinders,gas,76573.0,clean,manual,1J4AA2D12BL541160,4wd,SUV,white,10.0,24995.0
25590,ford,mustangv6convertible2d,good,6 cylinders,gas,11325.0,clean,other,1FATP8EM6H5342611,rwd,convertible,red,4.0,31600.0
14980,lexus,rx350,excellent,6 cylinders,gas,56000.0,clean,automatic,2T2HK31U57C044409,4wd,SUV,white,14.0,42000.0
14988,hyundai,santafesport,excellent,4 cylinders,gas,50815.0,clean,automatic,5XYZT3LB1HG393672,fwd,SUV,orange,4.0,25000.0
14660,honda,crvex4wd,excellent,4 cylinders,gas,111258.0,clean,automatic,5J6RM4H57EL073790,4wd,SUV,grey,7.0,30000.0
39990,ford,mustanggtcoupe2d,good,8 cylinders,gas,549.0,clean,other,1FA6P8CFXL5174241,rwd,coupe,blue,1.0,42500.0
11800,jeep,renegadelatitude,excellent,4 cylinders,gas,138105.0,clean,automatic,ZACCJBBT8FPB94504,4wd,SUV,silver,6.0,26300.0
16488,jeep,renegadelatitude,good,4 cylinders,gas,35825.0,clean,manual,ZACCJABW2GPC42147,fwd,other,orange,5.0,24500.0
4991,hyundai,elantragt,excellent,4 cylinders,gas,151068.0,clean,automatic,KMHD35LE0DU117391,fwd,sedan,white,8.0,18500.0
19990,porsche,cayennes,excellent,8 cylinders,gas,91800.0,clean,automatic,WP1AB2A22BLA43538,4wd,SUV,silver,10.0,61600.0
37990,jeep,gladiatorsportpickup4d5,good,6 cylinders,gas,22244.0,clean,other,1C6HJTAG7LL161534,4wd,pickup,white,1.0,39800.0
8995,chrysler,200,like new,6 cylinders,gas,82179.0,clean,automatic,1C3CCBCG7DN727819,fwd,sedan,black,8.0,25400.0
20990,chevrolet,camaroltcoupe2d,good,6 cylinders,gas,25635.0,clean,other,2G1FC1E35E9255372,rwd,coupe,blue,7.0,29100.0
9977,jeep,libertylimited,excellent,6 cylinders,gas,104104.0,clean,automatic,1J8GN58KX8W158107,4wd,SUV,red,13.0,28600.0
19995,bmw,320ixdriveawd,excellent,4 cylinders,gas,47520.0,clean,automatic,WBA3C3G58ENS67224,4wd,sedan,black,7.0,39900.0
33990,jeep,wranglerunlimitedsahara,good,6 cylinders,other,34152.0,clean,other,1C4HJWEG5HL696454,4wd,SUV,white,4.0,38500.0
22900,bmw,z4sdrive35i,excellent,6 cylinders,gas,58172.0,clean,manual,WBALM7C55BE383213,rwd,convertible,silver,10.0,51700.0
9699,gmc,terrain,excellent,4 cylinders,gas,134661.0,clean,automatic,2GKFLVEK9D6118705,4wd,SUV,black,8.0,28950.0
19987,ford,transitcargovan,good,6 cylinders,gas,105130.0,clean,automatic,1FTNR2ZG4FKA86983,rwd,van,white,6.0,35000.0
8497,ford,escapelimitedawd,excellent,6 cylinders,gas,128700.0,clean,automatic,1FMCU9EG9AKB27746,4wd,SUV,red,11.0,28200.0
54995,ford,f350superduty4x4,like new,8 cylinders,diesel,108182.0,clean,automatic,1FT8W3BT0GED06414,4wd,truck,white,5.0,58400.0
8999,ford,escapeseecoboost,excellent,4 cylinders,gas,108335.0,clean,automatic,1FMCU0GX9DUC70777,fwd,SUV,blue,8.0,26665.0
5999,nissan,rogue,excellent,4 cylinders,gas,158442.0,clean,automatic,JN8AS58V48W120974,4wd,SUV,red,13.0,23800.0
11900,chevrolet,4drsilverado4x4,excellent,8 cylinders,gas,202292.0,clean,automatic,3GCEK33M79G205503,4wd,truck,silver,12.0,38500.0
28900,chevrolet,tahoelt4x4,excellent,8 cylinders,gas,136589.0,clean,automatic,1GNSKBKC3GR469425,rwd,SUV,black,5.0,57000.0
14999,gmc,sierra15004dr4x4,good,8 cylinders,gas,130247.0,clean,automatic,1GTEK29009Z134983,4wd,pickup,silver,12.0,32500.0
46990,chevrolet,corvettestingray,good,8 cylinders,gas,16966.0,clean,other,1G1YA3D74E5119018,rwd,other,white,7.0,65000.0
11988,gmc,terrain,excellent,4 cylinders,gas,113375.0,clean,automatic,2GKFLWEK8E6145725,4wd,SUV,black,7.0,29500.0
8995,honda,crz,excellent,4 cylinders,gas,134667.0,clean,other,JHMZF1C62BS008912,rwd,hatchback,red,10.0,19750.0
9777,jeep,grandcherokee,good,6 cylinders,gas,223161.0,clean,automatic,1J8HR68M68C100951,4wd,SUV,custom,13.0,48500.0
36990,ford,f150supercrewcabxlt,good,6 cylinders,other,15443.0,clean,automatic,1FTEW1EG9HFC85502,4wd,pickup,red,4.0,40900.0
19999,gmc,sierra1500,good,8 cylinders,gas,89643.0,clean,automatic,1GTR2WE73CZ169097,4wd,truck,blue,9.0,38560.0
35590,dodge,challengersrt8coupe2d,good,8 cylinders,gas,16796.0,clean,other,2B3CJ7DJ7BH589702,rwd,coupe,green,10.0,46000.0
13999,mazda,6,excellent,4 cylinders,gas,115429.0,clean,automatic,JM1GJ1W59F1181087,fwd,sedan,black,6.0,30000.0
29990,chevrolet,coloradoextendedcab,good,6 cylinders,gas,17302.0,clean,other,1GCHTCE37G1186784,4wd,pickup,red,5.0,36480.0
10995,chevrolet,silverado1500,good,8 cylinders,gas,155299.0,clean,automatic,1GCEK19058Z271460,4wd,truck,custom,13.0,32200.0
26950,ram,3500,excellent,6 cylinders,diesel,252712.0,clean,manual,3C63RRGL2GG234399,4wd,pickup,white,5.0,49000.0
8395,chevrolet,spark1lt,excellent,4 cylinders,gas,78500.0,clean,automatic,KL8CD6S91FC736512,fwd,hatchback,red,6.0,15300.0
25999,subaru,wrx,excellent,4 cylinders,gas,105055.0,clean,manual,JF1VA1L60G9811754,4wd,sedan,blue,5.0,33995.0
17991,jeep,grandcherokee,good,6 cylinders,gas,115248.0,clean,automatic,1C4RJFBG8EC533835,4wd,SUV,grey,7.0,45500.0
12250,kia,soul,like new,4 cylinders,gas,11500.0,clean,automatic,KNDJT2A65D7528074,fwd,SUV,red,8.0,15300.0
26590,kia,k900premiumsedan4d,good,6 cylinders,gas,24667.0,clean,other,KNALT4D31H6035524,rwd,sedan,black,4.0,59900.0
27254,toyota,tacoma,good,4 cylinders,gas,29149.0,clean,automatic,5TFSX5EN6HX056842,4wd,truck,grey,4.0,32500.0
7500,chrysler,200,excellent,4 cylinders,gas,83045.0,clean,automatic,1C3CCBAB9DN671891,fwd,sedan,silver,8.0,19100.0
21500,ford,f350superduty,excellent,8 cylinders,diesel,169615.0,clean,automatic,1FD8W3GT5CEB70070,rwd,truck,white,9.0,50800.0
20500,hyundai,ioniqpluginhybrid,excellent,4 cylinders,hybrid,36363.0,clean,automatic,KMHC65LD0KU146736,fwd,hatchback,black,2.0,26500.0
20990,lexus,is250sedan4d,good,6 cylinders,gas,33083.0,clean,other,JTHBF5C20C5184508,rwd,sedan,brown,9.0,38950.0
26990,volkswagen,atlassesport,good,6 cylinders,gas,35055.0,clean,other,1V2DR2CA9KC532628,fwd,SUV,black,2.0,35300.0
35990,dodge,challengerrtcoupe2d,good,8 cylinders,gas,1548.0,clean,other,2C3CDZBT9LH119053,rwd,coupe,black,1.0,38470.0
4500,chrysler,300,good,8 cylinders,gas,129000.0,clean,automatic,2C3KA63H16H231718,rwd,sedan,custom,15.0,37300.0
24900,jeep,compasstrailhawk,excellent,4 cylinders,gas,40260.0,clean,automatic,3C4NJDDB8KT821875,4wd,SUV,silver,2.0,30600.0
32990,ram,1500crewcabbighorn,good,6 cylinders,gas,31613.0,clean,other,1C6RR7LM1HS880752,4wd,pickup,white,4.0,42700.0
8487,subaru,legacy,good,4 cylinders,gas,139637.0,clean,other,4S3BMCC6XB3264956,4wd,sedan,silver,10.0,27000.0
6967,lincoln,continental,excellent,8 cylinders,gas,59342.0,clean,automatic,1LNHM97V22Y620541,fwd,sedan,silver,19.0,40000.0
20488,cadillac,xtsluxury,good,6 cylinders,gas,75319.0,clean,automatic,2G61M5S32H9139919,fwd,sedan,white,4.0,60860.0
8995,bmw,x5,excellent,6 cylinders,gas,148623.0,clean,automatic,5UXFE4C57AL277169,4wd,SUV,black,11.0,50800.0
9500,pontiac,g8,excellent,6 cylinders,gas,91000.0,clean,automatic,6G2ER57758L988874,rwd,sedan,black,13.0,32700.0
6950,honda,crv,excellent,4 cylinders,gas,164453.0,clean,automatic,5J6RE4H50BL006831,4wd,SUV,black,10.0,24900.0
8500,subaru,forester,excellent,4 cylinders,gas,118369.0,clean,automatic,JF2SH6BC0AH791808,4wd,SUV,black,11.0,23995.0
4995,honda,crv,good,4 cylinders,gas,249063.0,clean,automatic,JHLRE48368C022385,4wd,SUV,green,13.0,24000.0
4995,chevrolet,sonic,excellent,4 cylinders,gas,153088.0,clean,automatic,1G1JC6SG8D4227307,fwd,sedan,silver,8.0,15000.0
26590,lexus,is350sedan4d,good,6 cylinders,gas,45318.0,clean,other,JTHBE1D22E5013305,rwd,sedan,silver,7.0,40000.0
8500,lexus,ls430,excellent,8 cylinders,gas,92500.0,clean,automatic,JTHBN36FX40144456,rwd,sedan,blue,17.0,50000.0
24590,lexus,is250sedan4d,good,6 cylinders,other,35629.0,clean,other,JTHBF1D22E5020087,rwd,sedan,black,7.0,35000.0
24990,hyundai,santafesesport,good,6 cylinders,gas,26316.0,clean,other,KM8SM4HF1JU260667,fwd,SUV,white,3.0,33500.0
4998,ford,escape,good,4 cylinders,gas,190914.0,clean,automatic,1FMCU9C78CKA77105,4wd,SUV,silver,9.0,23500.0
6950,subaru,legacy25ilimitedawd,good,4 cylinders,gas,157765.0,rebuilt,automatic,4S3BMBK62A3227541,4wd,sedan,grey,11.0,26600.0
29900,ford,f150,like new,8 cylinders,gas,23004.0,clean,automatic,1FTMF1C59KKD08613,rwd,truck,white,2.0,40000.0
6900,subaru,legacy,excellent,4 cylinders,gas,120508.0,clean,automatic,4S3BL676864200333,4wd,sedan,blue,15.0,29600.0
8950,jeep,patriot,good,4 cylinders,gas,90150.0,clean,other,1C4NJPFA8GD502558,fwd,SUV,grey,5.0,22725.0
22995,toyota,tacomaprerunner,good,4 cylinders,gas,107419.0,clean,automatic,5TFJX4GN3FX041957,rwd,pickup,silver,6.0,29700.0
8950,ford,f150,good,8 cylinders,gas,213593.0,clean,automatic,1FTFW1EV7AFB57400,4wd,truck,blue,11.0,38800.0
8999,ford,focus,excellent,4 cylinders,gas,84580.0,clean,automatic,1FADP3F29FL252592,fwd,sedan,red,6.0,19700.0
37590,infiniti,qx80limitedsport,good,8 cylinders,gas,60560.0,clean,automatic,JN8AZ2NE9H9151571,4wd,other,white,4.0,66000.0
10999,volkswagen,passat18t,excellent,4 cylinders,gas,87815.0,clean,automatic,1VWAT7A31EC071451,fwd,sedan,black,7.0,22000.0
4995,dodge,grandcaravan,good,6 cylinders,gas,140122.0,clean,automatic,1D8HN54P48B118692,fwd,van,blue,13.0,26700.0
10980,chrysler,ptcruiser,good,4 cylinders,gas,69528.0,clean,automatic,3C3JY55E46T348916,fwd,convertible,blue,15.0,22000.0
7400,dodge,chargerrtorrt,good,8 cylinders,gas,111000.0,clean,automatic,2B3KA53H67H763118,rwd,sedan,red,14.0,32900.0
23500,gmc,sierra2500hd,excellent,8 cylinders,gas,178295.0,clean,automatic,1GT121CG1BF197032,4wd,truck,silver,10.0,43500.0
34990,ram,1500crewcabtradesman,good,8 cylinders,gas,30026.0,clean,other,1C6RR7KT9HS706047,4wd,pickup,black,4.0,40440.0
48590,cadillac,escaladeesvpremium,good,8 cylinders,gas,73547.0,clean,other,1GYS4JKJ1HR294891,4wd,other,black,4.0,87000.0
2995,kia,optima,excellent,4 cylinders,gas,155082.0,clean,automatic,KNAGE123685236404,fwd,sedan,blue,13.0,17800.0
19990,rover,sport,excellent,8 cylinders,gas,70117.0,clean,automatic,SALSF2D46BA272820,4wd,SUV,black,10.0,60700.0
28990,lexus,ls460sedan4d,good,8 cylinders,diesel,72772.0,clean,other,JTHBL5EF0E5129259,rwd,sedan,silver,7.0,72000.0
8999,bmw,328ixdrive,excellent,6 cylinders,gas,92544.0,clean,automatic,WBAPK7C50BF086139,4wd,sedan,grey,10.0,43000.0
46990,ford,f150supercrewcablariat,good,8 cylinders,gas,13935.0,clean,other,1FTEW1E52LFC42305,4wd,pickup,black,1.0,49500.0
39995,chevrolet,silverado2500hd,excellent,8 cylinders,gas,142145.0,clean,automatic,1GC1KVEG6GF203838,4wd,pickup,red,5.0,54800.0
4999,mazda,mazda6i,good,4 cylinders,gas,209303.0,clean,automatic,1YVHZ8BH5A5M41356,fwd,sedan,black,11.0,18910.0
12495,honda,civic,like new,4 cylinders,gas,15300.0,rebuilt,automatic,2HGFC2F68KH570983,fwd,sedan,silver,2.0,20500.0
18000,chrysler,200,like new,4 cylinders,gas,2665.0,clean,automatic,1C3CCCAB8FN693471,fwd,sedan,red,6.0,22800.0
8900,honda,civic,excellent,4 cylinders,gas,119368.0,clean,automatic,19XFB2F58CE011648,4wd,sedan,black,9.0,20145.0
12495,honda,civic,like new,4 cylinders,gas,15300.0,rebuilt,automatic,2HGFC2F68KH570983,fwd,sedan,silver,2.0,20500.0
26500,toyota,4runnersr54x4,excellent,6 cylinders,gas,81408.0,clean,automatic,JTEBU5JR4G5330613,4wd,SUV,grey,5.0,35955.0
29290,porsche,panamera,excellent,8 cylinders,gas,117390.0,clean,automatic,WP0AB2A73CL061142,rwd,sedan,black,9.0,83100.0
17900,mercedes-benz,claclass,excellent,4 cylinders,gas,0.0,clean,automatic,WDDSJ4EB0FN250203,fwd,sedan,black,6.0,33000.0
7950,ford,focus,excellent,4 cylinders,gas,73976.0,clean,automatic,1FADP3K22DL356148,fwd,hatchback,silver,8.0,18600.0
12100,subaru,outbackpremium,good,4 cylinders,gas,123386.0,clean,automatic,4S4BRCCC1D3246366,4wd,wagon,white,8.0,26500.0
4981,ford,escapexlt,good,6 cylinders,gas,132337.0,clean,automatic,1FMCU9DG2AKA81257,4wd,SUV,white,11.0,29795.0
46900,chevrolet,silverado3500hd,excellent,8 cylinders,diesel,138000.0,clean,automatic,1GC4K0E86FF139095,4wd,truck,red,6.0,60000.0
6249,chevrolet,cruze,good,4 cylinders,gas,140838.0,clean,automatic,1G1PC5SBXD7174486,fwd,sedan,custom,8.0,18995.0
26990,ford,superdutyf750straightframe,good,8 cylinders,diesel,201035.0,clean,automatic,1FDWF7DC4GDA01690,rwd,truck,white,5.0,70500.0
13995,ford,mustang,excellent,6 cylinders,gas,74000.0,clean,manual,1ZVBP8AM6C5273002,rwd,coupe,silver,9.0,24500.0
5900,toyota,highlander,good,6 cylinders,gas,153000.0,clean,automatic,JTEGF21A730104520,fwd,SUV,grey,18.0,27000.0
14995,mercedes-benz,mclass,excellent,6 cylinders,gas,83506.0,clean,automatic,4JGBB86EX9A499672,4wd,SUV,silver,12.0,47850.0
17988,toyota,tundradoublecab,excellent,8 cylinders,gas,179440.0,clean,automatic,5TFBW54169X088399,4wd,truck,red,12.0,38500.0
5800,dodge,dart,good,4 cylinders,gas,226000.0,clean,manual,1C3CDFBH5DD640960,fwd,sedan,red,8.0,19995.0
36990,nissan,maximaplatinumsedan4d,good,6 cylinders,gas,19022.0,clean,other,1N4AA6FV0LC381395,fwd,sedan,white,1.0,42180.0
23690,gmc,yukon,excellent,8 cylinders,gas,115698.0,clean,automatic,1GKS2EEF8DR312599,4wd,SUV,red,8.0,63450.0
11998,chevrolet,equinox,good,4 cylinders,gas,113165.0,clean,automatic,1GNFLFEK4EZ126919,4wd,SUV,red,7.0,27695.0
6495,honda,elementexawd,excellent,4 cylinders,gas,207151.0,clean,automatic,5J6YH287X8L003842,4wd,SUV,grey,13.0,24000.0
13375,cadillac,srx,excellent,6 cylinders,gas,120145.0,clean,automatic,3GYFNAE32CS500723,fwd,SUV,custom,9.0,44800.0
7995,chevrolet,silverado1500,good,8 cylinders,gas,214369.0,clean,automatic,1GCEC29099Z105639,rwd,truck,red,12.0,30700.0
5900,dodge,caliber,good,4 cylinders,gas,165523.0,clean,automatic,1B3HB48B58D505919,fwd,hatchback,black,13.0,19500.0
4996,ford,taurus,excellent,6 cylinders,gas,110285.0,clean,automatic,1FAFP56U66A157344,fwd,sedan,blue,15.0,20495.0
39590,ford,mustanggtpremiumcoupe2d,good,8 cylinders,gas,1419.0,clean,other,1FA6P8CF5L5136223,rwd,coupe,white,1.0,43000.0
34900,nissan,pathfinder,excellent,6 cylinders,gas,15400.0,clean,automatic,5N1DR2DN2LC622798,rwd,SUV,white,1.0,42500.0
21998,chevrolet,traverse2ltawd,like new,6 cylinders,gas,90442.0,clean,automatic,1GNKVHKD0GJ224079,4wd,SUV,red,5.0,42400.0
41590,buick,enclaveavenirsport,good,6 cylinders,gas,29010.0,clean,other,5GAERDKWXLJ231184,fwd,SUV,red,1.0,53900.0
18922,lexus,es350,good,6 cylinders,gas,74796.0,clean,automatic,JTHBK1GG6E2142438,fwd,sedan,red,7.0,39800.0
3950,saturn,ion,excellent,4 cylinders,gas,78009.0,rebuilt,automatic,1G8AN12F75Z162847,fwd,sedan,silver,16.0,15670.0
16937,chevrolet,tahoe,excellent,8 cylinders,gas,168644.0,clean,automatic,1GNSKBE08CR224390,4wd,SUV,red,9.0,48500.0
28590,cadillac,xtsluxurysedan4d,good,6 cylinders,gas,31208.0,clean,other,2G61M5S3XK9119117,fwd,sedan,white,2.0,58895.0
15990,dodge,challenger,excellent,6 cylinders,gas,38000.0,clean,automatic,2B3CJ4DV5AH283887,rwd,coupe,blue,11.0,24100.0
9995,chevrolet,traverse,excellent,6 cylinders,gas,150539.0,clean,automatic,1GNKVJED3CJ258711,4wd,SUV,white,9.0,36600.0
11500,bmw,335ixdrive,excellent,6 cylinders,gas,177000.0,clean,automatic,WBAPL5C57BA919790,4wd,sedan,grey,10.0,42900.0
7800,jeep,compass,good,4 cylinders,gas,99200.0,clean,automatic,1C4NJDEB9CD563646,fwd,SUV,grey,9.0,23650.0
2450,ford,taurusse4dr,excellent,6 cylinders,gas,160580.0,clean,automatic,1FAFP53U14G100998,fwd,sedan,grey,17.0,19500.0
39590,ford,mustanggtcoupe2d,good,8 cylinders,gas,1988.0,clean,other,1FA6P8CF9L5171928,rwd,coupe,black,1.0,43000.0
31590,ford,f150supercrewcabfx4,good,8 cylinders,other,54152.0,clean,other,1FTFW1EF7EKF88437,4wd,pickup,blue,7.0,40500.0
25212,gmc,savana2500,excellent,8 cylinders,gas,33761.0,clean,automatic,1GTW7AFG3J1911919,rwd,van,white,3.0,26700.0
25990,chevrolet,silverado1500regular,good,8 cylinders,other,82140.0,clean,automatic,1GCNKREC1EZ373672,4wd,pickup,black,7.0,38545.0
14975,infiniti,qx56,excellent,8 cylinders,gas,177103.0,clean,automatic,JN8AZ2NE4B9004744,4wd,SUV,black,10.0,59200.0
12792,honda,pilotexl,excellent,6 cylinders,gas,139700.0,clean,automatic,5FNYF3H59DB007541,fwd,SUV,black,8.0,34100.0
27499,chevrolet,silverado1500,excellent,8 cylinders,gas,110205.0,clean,automatic,3GCUKSEC5EG544491,4wd,truck,silver,7.0,47500.0
10995,mercedes-benz,sclass,excellent,8 cylinders,gas,82008.0,clean,automatic,WDBNG83J15A455931,4wd,sedan,grey,16.0,70500.0
4400,dodge,durango,excellent,8 cylinders,gas,171616.0,clean,automatic,1D4HB48N36F125717,4wd,SUV,white,15.0,38500.0
18995,ford,escapese,excellent,4 cylinders,gas,44231.0,clean,automatic,1FMCU0GD5JUA86485,fwd,SUV,grey,3.0,26650.0
5750,bmw,x3siawd,excellent,6 cylinders,gas,145000.0,clean,automatic,WBXPC93479WJ05512,4wd,SUV,blue,13.0,42100.0
61000,porsche,macanturbo,excellent,6 cylinders,gas,28000.0,clean,automatic,WP1AF2A5XHLB62090,4wd,SUV,blue,4.0,80400.0
16988,ram,promastercitycargovan,good,4 cylinders,gas,89068.0,clean,automatic,ZFBERFAB1H6D84092,fwd,van,white,4.0,24200.0
6900,kia,sorento,good,4 cylinders,gas,165572.0,clean,automatic,5XYKTCA14BG034447,4wd,SUV,black,10.0,26500.0
22990,lexus,gs350sedan4d,good,6 cylinders,gas,53050.0,clean,automatic,JTHBE1BL3E5040413,rwd,sedan,white,7.0,46900.0
43590,lincoln,navigatorlselectsport,good,6 cylinders,gas,28475.0,clean,automatic,5LMJJ3JT1HEL08409,4wd,other,black,4.0,75660.0
23500,toyota,highlanderplatinum,excellent,6 cylinders,gas,92234.0,clean,automatic,5TDYKRFH1ES005162,fwd,SUV,white,7.0,35000.0
29990,ram,2500,good,8 cylinders,gas,104116.0,clean,automatic,3C6UR5CJ4JG257370,4wd,truck,white,3.0,39600.0
6500,honda,civic,good,4 cylinders,gas,146424.0,clean,automatic,2HGFA1F55AH578352,fwd,sedan,grey,11.0,18400.0
32445,chevrolet,silverado1500lt,good,8 cylinders,other,99592.0,clean,automatic,3GCUKREC1EG480684,4wd,pickup,white,7.0,38400.0
27590,jeep,cherokeelatitudeplus,good,6 cylinders,gas,6955.0,clean,other,1C4PJMLX0KD306767,4wd,SUV,silver,2.0,34300.0
29590,ford,expeditionxltsport,good,6 cylinders,gas,70760.0,clean,other,1FMJU1JT1HEA52352,4wd,SUV,blue,4.0,54980.0
8500,chevrolet,coloradonworktruck,excellent,4 cylinders,gas,127151.0,clean,automatic,1GCCSBF93C8130627,rwd,pickup,white,9.0,19400.0
31999,chevrolet,silverado1500,excellent,8 cylinders,gas,95161.0,clean,automatic,3GCUKREC4EG315423,4wd,pickup,red,7.0,41000.0
17990,toyota,avalonlimited,excellent,6 cylinders,gas,84864.0,clean,automatic,4T1BK1EBXDU051356,fwd,sedan,custom,8.0,36000.0
12999,acura,mdxawdtechpkg,excellent,6 cylinders,gas,102400.0,clean,automatic,2HNYD2H65AH532489,4wd,SUV,silver,11.0,46900.0
3450,hyundai,elantrablue,excellent,4 cylinders,gas,157000.0,clean,manual,KMHDU4AD0AU879486,fwd,sedan,silver,11.0,16200.0
27990,toyota,tacomadoublecabpickup,good,6 cylinders,gas,67245.0,clean,other,5TFLU4EN4CX030112,4wd,pickup,silver,9.0,33500.0
59990,ford,superdutyf550drw,good,8 cylinders,diesel,31337.0,clean,automatic,1FD0X5HTXHEB33429,4wd,truck,white,4.0,61200.0
11555,nissan,altima25s,good,4 cylinders,gas,117572.0,clean,automatic,1N4AL3AP8FC200033,fwd,sedan,white,6.0,22800.0
17995,toyota,corolla,good,4 cylinders,gas,21161.0,clean,automatic,5YFBURHE2JP807564,fwd,sedan,silver,3.0,19600.0
5617,dodge,grandcaravan,good,6 cylinders,gas,177121.0,clean,automatic,2D8HN54P08R136351,fwd,mini-van,white,13.0,26700.0
23995,jeep,wranglerunlimitedsahara,excellent,6 cylinders,gas,75304.0,clean,manual,1C4BJWEG1DL638681,4wd,SUV,brown,8.0,30895.0
25999,chevrolet,silverado1500,like new,8 cylinders,gas,89500.0,clean,automatic,1GCVKREC2EZ164733,4wd,truck,black,7.0,35700.0
27990,toyota,tacomadoublecabpickup,good,6 cylinders,gas,67245.0,clean,other,5TFLU4EN4CX030112,4wd,pickup,silver,9.0,32000.0
27995,ram,1500bighorn4x4,excellent,8 cylinders,gas,66850.0,clean,automatic,1C6RR7GT7GS183876,4wd,truck,red,5.0,40500.0
7995,ford,focus,good,4 cylinders,gas,71000.0,clean,automatic,1FADP3K27EL269847,fwd,hatchback,black,7.0,19990.0
4850,chrysler,200touring,like new,6 cylinders,gas,124973.0,clean,automatic,1C3BC1FG9BN521108,fwd,sedan,black,10.0,22700.0
8512,chevrolet,cruze,excellent,4 cylinders,gas,134292.0,clean,automatic,1G1PJ5SC6C7230579,fwd,sedan,blue,9.0,19795.0
5995,honda,accord,excellent,4 cylinders,gas,138578.0,clean,automatic,1HGCM56827A132694,fwd,sedan,white,14.0,24800.0
39990,infiniti,qx80sportutility4d,good,8 cylinders,gas,41664.0,clean,automatic,JN8AZ2NE3H9156734,4wd,other,black,4.0,66000.0
19590,honda,odysseyexlminivan4d,good,6 cylinders,gas,64341.0,clean,other,5FNRL5H60FB096257,fwd,van,white,6.0,34000.0
42988,ram,1500laramie,good,8 cylinders,gas,42791.0,clean,automatic,1C6RR7VT4JS150361,4wd,pickup,silver,3.0,48750.0
7999,honda,accordexlwnavi,good,4 cylinders,gas,128666.0,clean,automatic,1HGCP26859A005091,fwd,sedan,green,12.0,27000.0
8495,honda,civicex,excellent,4 cylinders,gas,81837.0,clean,automatic,2HGFA1F81AH523827,fwd,sedan,grey,11.0,21150.0
20878,honda,civicsedantouring,good,4 cylinders,gas,50253.0,clean,automatic,JHMFC1F90KX003082,fwd,sedan,white,2.0,28800.0
19995,chevrolet,tahoelt4x4,excellent,8 cylinders,gas,112000.0,clean,automatic,1GNSKBE02BR117334,4wd,SUV,black,10.0,48200.0
8995,acura,rl,excellent,6 cylinders,gas,112284.0,clean,automatic,JH4KB16658C004722,4wd,sedan,silver,13.0,45000.0
7950,honda,accord,like new,4 cylinders,gas,143000.0,clean,automatic,1HGCP26449A018959,fwd,sedan,grey,12.0,22810.0
5995,ford,focusse,excellent,4 cylinders,gas,117787.0,clean,automatic,1FADP3K27DL132986,fwd,hatchback,white,8.0,19300.0
13950,honda,civic,excellent,4 cylinders,gas,47026.0,clean,automatic,2HGFB2F58EH516081,fwd,sedan,grey,7.0,20290.0
22590,dodge,challengerrtcoupe2d,good,8 cylinders,gas,56075.0,clean,other,2C3CDYBT4CH238672,rwd,coupe,black,9.0,30795.0
33995,bmw,330igtmsportawd,excellent,4 cylinders,gas,29491.0,clean,automatic,WBA8Z9C53JB219882,4wd,hatchback,blue,3.0,42500.0
19995,lexus,rx350,excellent,6 cylinders,gas,77000.0,clean,automatic,2T2BK1BAXDC224706,4wd,SUV,black,8.0,48750.0
35590,dodge,challengersrt8coupe2d,good,8 cylinders,gas,16796.0,clean,other,2B3CJ7DJ7BH589702,rwd,coupe,green,10.0,46000.0
32590,ford,explorerxltsportutility,good,6 cylinders,gas,15935.0,clean,other,1FM5K7D80KGA60682,fwd,other,white,2.0,34150.0
26895,gmc,yukon,good,8 cylinders,gas,117027.0,clean,automatic,1GKS2BKC3FR266899,4wd,SUV,black,6.0,60000.0
13490,volkswagen,gtiwolfsburg,good,4 cylinders,gas,89998.0,clean,manual,WVWGD7AJ5EW010577,fwd,hatchback,black,7.0,25000.0
12500,kia,soulplus,excellent,4 cylinders,gas,73000.0,clean,automatic,KNDJP3A58F7148165,fwd,wagon,grey,6.0,20500.0
23990,chevrolet,impalapremiersedan,good,6 cylinders,gas,37318.0,clean,other,1G1105S36LU101395,fwd,sedan,silver,1.0,36000.0
7995,toyota,camryle,good,4 cylinders,gas,107846.0,clean,automatic,4T1BF3EK3BU121969,fwd,sedan,grey,10.0,22000.0
13950,buick,enclavepremium,excellent,6 cylinders,gas,132165.0,clean,automatic,5GAKVDKD9DJ133889,4wd,SUV,custom,8.0,45300.0
7188,toyota,camry,excellent,4 cylinders,gas,84079.0,clean,automatic,4T4BF3EK5AR060712,fwd,sedan,red,11.0,22800.0
37990,chevrolet,camarosscoupe2d,good,8 cylinders,gas,9704.0,clean,other,1G1FF1R79G0140582,rwd,coupe,red,5.0,38900.0
29995,audi,tt,good,4 cylinders,gas,35652.0,clean,automatic,TRUC5AFV2G1032501,4wd,coupe,black,5.0,44500.0
37990,ford,mustanggtcoupe2d,good,8 cylinders,gas,337.0,clean,other,1FA6P8CF8K5199377,rwd,coupe,black,2.0,43000.0
29590,ford,expeditionxltsport,good,6 cylinders,gas,70760.0,clean,other,1FMJU1JT1HEA52352,4wd,SUV,blue,4.0,48690.0
52900,ford,superdutyf350drw,excellent,8 cylinders,diesel,106000.0,clean,automatic,1FT8W3DT1FED25212,4wd,truck,white,6.0,57800.0
8990,honda,crv,good,4 cylinders,gas,171173.0,clean,automatic,JHLRD788X6C042152,4wd,wagon,grey,15.0,25000.0
8995,dodge,grandcaravan,good,6 cylinders,gas,100455.0,clean,automatic,2C4RDGBG0ER137614,fwd,van,silver,7.0,25995.0
15599,subaru,forester25itouring,excellent,4 cylinders,gas,93539.0,clean,automatic,JF2SJAMC5EH511584,4wd,SUV,blue,7.0,30000.0
11495,mazda,mazda3,excellent,4 cylinders,gas,75267.0,clean,automatic,JM1BM1T73F1246622,fwd,sedan,brown,6.0,19000.0
13900,ford,f150,excellent,6 cylinders,gas,155869.0,clean,automatic,1FTEX1CM2DFD00860,rwd,pickup,white,8.0,24500.0
6500,toyota,rav4,excellent,4 cylinders,gas,143509.0,clean,automatic,JTMBD31V586079960,4wd,SUV,custom,13.0,28600.0
36900,ram,pickup1500,excellent,8 cylinders,gas,30186.0,clean,automatic,1C6RR7GT3KS706092,4wd,truck,white,2.0,41950.0
31990,gmc,acadiaslesportutility4d,good,6 cylinders,gas,4108.0,clean,other,1GKKNKLS4LZ240269,fwd,other,white,1.0,33500.0
6800,chevrolet,cruzels,excellent,4 cylinders,gas,87000.0,clean,manual,1G1PD5SHXC7347701,fwd,sedan,silver,9.0,18495.0
7500,fiat,500pop,excellent,4 cylinders,gas,47800.0,clean,manual,3C3CFFAR4ET249931,fwd,hatchback,red,7.0,19500.0
26990,acura,rdxtechnologyand,good,6 cylinders,gas,30386.0,clean,other,5J8TB3H59JL009998,fwd,other,silver,3.0,39800.0
4995,honda,pilotex,good,6 cylinders,gas,225046.0,clean,automatic,2HKYF18435H512750,4wd,SUV,blue,16.0,28950.0
22980,audi,q5premiumplus,good,6 cylinders,gas,61593.0,clean,automatic,WA1DGAFP2FA082091,4wd,SUV,grey,6.0,45000.0
38590,chevrolet,corvettegrandsport,good,8 cylinders,gas,30237.0,clean,other,1G1YR3DW3B5102190,rwd,other,red,10.0,57800.0
11999,nissan,sentrasvsedan4d,like new,4 cylinders,gas,62891.0,clean,automatic,3N1AB7AP2DL695399,fwd,sedan,black,8.0,15000.0
24590,chevrolet,coloradoextendedcab,good,6 cylinders,gas,100851.0,clean,other,1GCHTDE3XG1220609,4wd,pickup,red,5.0,39200.0
13995,nissan,muranoslawd,excellent,6 cylinders,gas,161840.0,clean,automatic,5N1AZ2MH0FN284467,4wd,SUV,red,6.0,40750.0
29990,chevrolet,silverado1500double,good,8 cylinders,gas,26129.0,clean,other,1GCVKREC7EZ196951,4wd,pickup,brown,7.0,38500.0
6495,jeep,libertylimited4wd,excellent,6 cylinders,gas,119338.0,clean,automatic,1J4GL58K02W286936,4wd,SUV,silver,19.0,27400.0
3750,chevrolet,impalass,good,8 cylinders,gas,161000.0,clean,automatic,2G1WD58C469319578,fwd,sedan,silver,15.0,27000.0
32990,ford,mustanggtcoupe2d,good,8 cylinders,gas,27726.0,clean,other,1FA6P8CF8J5184067,rwd,coupe,red,3.0,40600.0
16600,audi,q3,excellent,4 cylinders,gas,108822.0,clean,automatic,WA1BCCFSXHR014032,fwd,SUV,black,4.0,33500.0
3999,honda,civic,excellent,4 cylinders,gas,165000.0,clean,automatic,2HGFA1F30AH587832,fwd,sedan,silver,11.0,19500.0
10995,kia,optima,excellent,4 cylinders,gas,87777.0,clean,automatic,5XXGM4A76DG136868,fwd,sedan,brown,8.0,21500.0
16495,ford,f150supercrewlimited,excellent,8 cylinders,gas,154069.0,clean,automatic,1FTRW14528FA35942,4wd,truck,white,13.0,32100.0
17997,subaru,outback25itouring,good,4 cylinders,gas,58069.0,salvage,automatic,4S4BSATC5H3237183,4wd,SUV,brown,4.0,32700.0
64995,ford,f450duallylariat,excellent,8 cylinders,diesel,96187.0,clean,automatic,1FT8W4DT6HEB53669,4wd,pickup,black,4.0,83400.0
24997,ford,f150,excellent,8 cylinders,gas,99774.0,clean,automatic,1FTFW1EF6DKE25857,4wd,truck,black,8.0,38300.0
25990,dodge,chargersxtsedan4d,good,6 cylinders,gas,27170.0,clean,other,2C3CDXBG2LH101565,rwd,sedan,blue,1.0,32840.0
8999,ford,edge,excellent,6 cylinders,gas,135434.0,clean,automatic,2FMDK3KCXBBA26607,fwd,SUV,white,10.0,35500.0
9000,ford,f150supercrewcab,like new,8 cylinders,gas,182000.0,clean,automatic,1FTRW08L31KD89467,4wd,truck,white,20.0,29500.0
4922,ford,explorer,excellent,6 cylinders,gas,210825.0,clean,automatic,1FMDU73K05ZA54733,4wd,SUV,white,16.0,29500.0
4500,toyota,avalonxls,good,6 cylinders,gas,173619.0,clean,automatic,4T1BF28B53U304653,fwd,sedan,silver,18.0,29995.0
4500,honda,accordlx,good,4 cylinders,gas,181000.0,clean,automatic,1HGCM56377A069371,fwd,sedan,silver,14.0,24455.0
23999,subaru,wrx,excellent,4 cylinders,gas,37665.0,clean,other,JF1VA1B66H9820512,4wd,sedan,blue,4.0,26995.0
16995,hyundai,santafe,good,4 cylinders,gas,67395.0,clean,automatic,5XYZTDLB0HG431432,4wd,SUV,white,4.0,31900.0
43952,ford,f250sd,good,8 cylinders,diesel,93294.0,clean,automatic,1FT7W2BT5GEA63687,4wd,truck,white,5.0,58500.0
8499,chrysler,200,excellent,4 cylinders,gas,48000.0,rebuilt,automatic,1C3CCCBB7FN760107,fwd,sedan,black,6.0,23295.0
23990,chrysler,300touringsedan4d,good,6 cylinders,gas,16140.0,clean,other,2C3CCAAG4JH121248,rwd,sedan,silver,3.0,33500.0
29990,lincoln,continentalreserve,good,6 cylinders,gas,31408.0,clean,other,1LN6L9RP1H5605662,fwd,sedan,white,4.0,65000.0
15998,chevrolet,camarolt,excellent,6 cylinders,gas,111376.0,clean,automatic,2G1FB1E36E9308261,rwd,coupe,yellow,7.0,30995.0
35590,ram,1500crewcabbighorn,good,6 cylinders,other,22805.0,clean,other,1C6RR7LG2JS220638,4wd,pickup,black,3.0,41350.0
33000,porsche,cayenne,excellent,6 cylinders,gas,58000.0,clean,automatic,WP1AA2A20GKA38354,4wd,SUV,grey,5.0,66500.0
15900,jeep,wrangler,excellent,6 cylinders,gas,84300.0,clean,manual,1J4FA39S74P708394,4wd,truck,yellow,17.0,20155.0
10295,ford,fusion,excellent,4 cylinders,gas,110500.0,clean,automatic,3FA6P0G78HR316966,fwd,sedan,white,4.0,22000.0
11995,dodge,dakota,good,6 cylinders,gas,130494.0,rebuilt,automatic,1D7HW48K26S535512,4wd,truck,blue,15.0,23500.0
17000,ford,excursionlimited,excellent,10 cylinders,gas,104700.0,clean,automatic,1FMNU42S33EA80915,rwd,SUV,green,18.0,43650.0
36990,gmc,sierra2500hddoublecab,good,8 cylinders,gas,23190.0,clean,other,1GT22REG1GZ401351,4wd,pickup,black,5.0,49500.0
52990,ford,superdutyf550drw,good,8 cylinders,diesel,15886.0,clean,automatic,1FDUF5HT8EEB30478,4wd,truck,white,7.0,55000.0
3950,subaru,legacywagon,good,4 cylinders,gas,179000.0,clean,manual,4S3BH675316655211,4wd,wagon,white,20.0,20995.0
11915,ford,fusionse,excellent,4 cylinders,gas,97963.0,clean,automatic,3FA6P0H76FR130564,fwd,sedan,silver,6.0,23100.0
39990,chevrolet,tahoelssportutility,good,8 cylinders,gas,31992.0,clean,other,1GNSKAKC9JR179028,4wd,SUV,black,3.0,46400.0
29990,toyota,tacomadoublecabpickup,good,6 cylinders,gas,43182.0,clean,other,3TMLU4EN4CM085701,4wd,pickup,white,9.0,33000.0
7495,nissan,sentrasv,like new,4 cylinders,gas,149020.0,clean,automatic,3N1AB7AP9EL665866,rwd,sedan,silver,7.0,17290.0
18977,ford,fusionse,excellent,4 cylinders,gas,43369.0,clean,automatic,3FA6P0HD1HR115463,fwd,sedan,brown,4.0,23800.0
40995,ram,1500crewcab,good,8 cylinders,gas,72000.0,clean,automatic,1C6RR7PT5HS808843,4wd,truck,grey,4.0,47000.0
32995,honda,pilot,excellent,6 cylinders,gas,53962.0,clean,automatic,5FNYF6H01GB066464,4wd,SUV,black,5.0,45400.0
15650,ford,escape,excellent,4 cylinders,gas,53000.0,clean,automatic,1FMCU9GX0FUA53870,4wd,SUV,white,6.0,26000.0
12000,bmw,328i,excellent,4 cylinders,gas,100700.0,clean,automatic,WBA3A5C54EP602247,rwd,sedan,black,7.0,35000.0
6999,chevrolet,equinox,excellent,4 cylinders,gas,156186.0,clean,automatic,2GNFLNEKXC6358721,4wd,SUV,white,9.0,29200.0
3900,volkswagen,passatgls,excellent,4 cylinders,gas,183000.0,clean,automatic,WVWMD63B14E342572,fwd,sedan,grey,17.0,22800.0
30990,chevrolet,suburban1500ltz,good,8 cylinders,other,87922.0,clean,other,1GNSKKE74ER102173,4wd,other,white,7.0,57980.0
2000,buick,lacrossepremium,like new,6 cylinders,gas,75122.0,clean,automatic,1G4ZR5SS7HU165262,fwd,sedan,black,4.0,42000.0
22000,rover,lr4hse,good,8 cylinders,gas,119550.0,clean,automatic,SALAG2D47DA653099,4wd,SUV,white,8.0,60000.0
35990,ford,mustanggtcoupe2d,good,8 cylinders,gas,5160.0,clean,other,1FA6P8CF6J5146188,rwd,coupe,orange,3.0,42000.0
18900,rover,evoque,excellent,4 cylinders,gas,94307.0,clean,automatic,SALVP2BG9DH853701,fwd,SUV,black,8.0,45000.0
38990,jeep,wranglerunlimitedrubicon,good,6 cylinders,gas,20676.0,clean,other,1C4BJWFG3HL547853,4wd,other,red,4.0,42280.0
35990,ram,1500crewcabbighorn,good,8 cylinders,gas,21885.0,clean,other,1C6RR7LT8JS335046,4wd,pickup,white,3.0,41100.0
27299,ram,1500,excellent,8 cylinders,gas,72557.0,clean,automatic,1C6RR7HT4FS598473,4wd,truck,blue,6.0,41000.0
17450,dodge,charger,excellent,6 cylinders,gas,102708.0,clean,automatic,2C3CDXBG0FH726003,rwd,sedan,grey,6.0,27000.0
7997,nissan,altima,excellent,6 cylinders,gas,101479.0,clean,manual,1N4BL2AP8CN409917,fwd,sedan,silver,9.0,23910.0
13900,ram,1500tradesman4x4,excellent,8 cylinders,gas,183000.0,clean,automatic,1C6RR7FT9FS576665,4wd,truck,white,6.0,38100.0
7900,kia,forte,excellent,4 cylinders,gas,71174.0,clean,automatic,KNAFK4A61E5177811,fwd,sedan,silver,7.0,17300.0
49990,ford,superdutyf550drw,good,8 cylinders,diesel,152701.0,clean,automatic,1FD0X5HT6FEC65813,4wd,truck,white,6.0,56100.0
33590,lexus,gx460sportutility4d,good,8 cylinders,gas,55383.0,clean,other,JTJBM7FX8G5129379,4wd,other,black,5.0,65170.0
8900,toyota,priusc,excellent,4 cylinders,gas,154201.0,clean,automatic,JTDKDTB31C1013313,fwd,sedan,red,9.0,18900.0
16495,ford,mustanggtpremium,good,8 cylinders,other,82126.0,clean,automatic,1ZVBP8CH3A5134930,rwd,coupe,black,11.0,30500.0
4950,hyundai,sonata,excellent,4 cylinders,gas,121503.0,clean,automatic,5NPET4AC9AH604468,fwd,sedan,white,11.0,19600.0
14988,ford,explorer,good,6 cylinders,gas,117706.0,clean,automatic,1FM5K8D87DGC80698,4wd,SUV,white,8.0,40000.0
16999,chevrolet,tahoe,excellent,8 cylinders,gas,133138.0,clean,automatic,1GNUKAE07AR247031,4wd,SUV,white,11.0,43000.0
27990,gmc,sierra2500hdextendedcab,good,8 cylinders,gas,68696.0,clean,other,1GT220CG8CZ231238,4wd,pickup,black,9.0,40500.0
22500,jeep,grandcherokeelimited,excellent,6 cylinders,gas,97000.0,clean,automatic,1C4RJFBG1FC776131,4wd,SUV,grey,6.0,43600.0
36990,gmc,sierra2500hddoublecab,good,8 cylinders,gas,23190.0,clean,other,1GT22REG1GZ401351,4wd,pickup,black,5.0,40000.0
30900,chevrolet,silverado1500,good,8 cylinders,gas,114800.0,clean,automatic,3GCUKSEC4FG336264,4wd,truck,custom,6.0,43100.0
9499,dodge,nitro,excellent,6 cylinders,gas,109446.0,clean,automatic,1D4PT5GK0AW121574,fwd,SUV,white,11.0,25950.0
9995,ford,explorer4x4,good,6 cylinders,gas,148000.0,clean,automatic,1FM5K8AR0FGB62315,4wd,SUV,custom,6.0,33435.0
32480,honda,pilottouring4wd,like new,6 cylinders,gas,42382.0,clean,automatic,5FNYF6H95HB039915,4wd,SUV,white,4.0,43995.0
18000,lexus,gx4704wd,excellent,8 cylinders,gas,129200.0,clean,automatic,JTJBT20X780151886,4wd,SUV,black,13.0,50000.0
22995,jeep,cherokee,excellent,4 cylinders,gas,23695.0,clean,automatic,1C4PJMLB6LD602396,4wd,SUV,black,1.0,30700.0
3800,jeep,grandcherokeelimited4x4,good,8 cylinders,gas,160793.0,clean,automatic,1J4HR58NX6C159907,4wd,SUV,red,15.0,39000.0
27990,gmc,sierra2500hdextendedcab,good,8 cylinders,gas,68696.0,clean,other,1GT220CG8CZ231238,4wd,pickup,black,9.0,43000.0
6495,toyota,4runner,excellent,6 cylinders,gas,179296.0,clean,automatic,JT3HN86R920391536,4wd,SUV,custom,19.0,31900.0
8950,jeep,patriot,good,4 cylinders,gas,90150.0,clean,other,1C4NJPFA8GD502558,fwd,SUV,grey,5.0,25000.0
68829,ram,2500laramie,like new,6 cylinders,diesel,9508.0,clean,automatic,3C6UR5FL6LG119278,4wd,truck,grey,1.0,75175.0
43990,acura,mdxtechnologypkgsport,good,6 cylinders,gas,1835.0,clean,other,5J8YD3H52LL013992,fwd,SUV,blue,1.0,44900.0
19914,chevrolet,silverado1500lt,excellent,8 cylinders,gas,214133.0,clean,automatic,3GCUKREC0EG222253,4wd,truck,grey,7.0,38500.0
42995,ram,1500bighorn,like new,8 cylinders,gas,23343.0,clean,automatic,1C6SRFFT6LN113193,4wd,pickup,blue,1.0,45700.0
23990,lexus,gs350sedan4d,good,6 cylinders,gas,39664.0,clean,other,JTHBE1BLXD5015751,rwd,sedan,brown,8.0,48500.0
16995,ford,flexselawd,like new,6 cylinders,gas,84787.0,clean,automatic,2FMHK6C88EBD08021,4wd,SUV,red,7.0,31950.0
17995,toyota,tacoma,excellent,4 cylinders,gas,134688.0,clean,automatic,5TFTX4CN7FX059506,rwd,pickup,white,6.0,31900.0
11495,ford,f150,excellent,8 cylinders,gas,113990.0,clean,automatic,1FTPW14587FA25082,4wd,other,grey,14.0,36450.0
14999,dodge,charger,good,8 cylinders,gas,112124.0,clean,automatic,2C3CDXKT5GH271129,4wd,sedan,blue,5.0,33500.0
25500,toyota,rav4,like new,4 cylinders,hybrid,61104.0,clean,automatic,JTMDJREV6HD083316,4wd,SUV,silver,4.0,36700.0
10900,honda,accordcrosstour,excellent,6 cylinders,gas,117057.0,clean,automatic,5J6TF1H52AL008435,fwd,SUV,blue,11.0,29900.0
37590,chevrolet,corvettegrandsport,good,8 cylinders,gas,42017.0,clean,other,1G1YW2DW4B5109555,rwd,coupe,red,10.0,58000.0
20975,chevrolet,express,good,6 cylinders,gas,138700.0,clean,automatic,1GCWGBFF1H1248566,rwd,van,white,4.0,35000.0
32000,cadillac,escaladeesvplatinum,excellent,8 cylinders,gas,102239.0,clean,automatic,1GYS3KEF7ER153240,rwd,SUV,black,7.0,84900.0
16995,ford,f150,excellent,8 cylinders,gas,108000.0,clean,automatic,1FTFX1EF1CKE24224,4wd,truck,white,9.0,39945.0
25990,gmc,acadiaslt2sportutility,good,6 cylinders,gas,70640.0,clean,other,1GKKNNLS8KZ159484,fwd,SUV,white,2.0,38500.0
51990,ford,mustangshelbygt500coupe,good,8 cylinders,gas,14330.0,clean,other,1ZVBP8JZ5E5253421,rwd,coupe,black,7.0,60000.0
12000,jaguar,styper,excellent,8 cylinders,gas,64000.0,clean,automatic,SAJWA03C061N65236,rwd,sedan,red,15.0,60000.0
13995,ford,edgesel,like new,4 cylinders,gas,114802.0,clean,automatic,2FMPK4J98GBC08919,4wd,SUV,silver,5.0,30600.0
16990,chevrolet,silverado1500,good,8 cylinders,gas,120415.0,clean,automatic,3GCEK23379G239118,4wd,truck,blue,12.0,34550.0
26990,chevrolet,coloradocrewcabz71,good,6 cylinders,gas,73371.0,clean,other,1GCGTDE31G1179640,4wd,pickup,white,5.0,36500.0
6450,chrysler,ptcruiser,excellent,4 cylinders,gas,59428.0,clean,automatic,3A8FY48B98T244088,fwd,hatchback,white,13.0,19190.0
4495,jeep,commander,good,8 cylinders,gas,212968.0,clean,automatic,1J8HG58N46C149801,4wd,SUV,black,15.0,45500.0
3750,mercury,milanpremierawd,fair,6 cylinders,gas,172505.0,clean,automatic,3MEHM0CG5AR606216,4wd,sedan,grey,11.0,29000.0
11299,honda,civicsedan,excellent,4 cylinders,gas,107428.0,clean,automatic,19XFB2F53FE084835,fwd,sedan,grey,6.0,20290.0
26500,chevrolet,suburban,like new,8 cylinders,gas,130000.0,clean,automatic,1GNSKJKC3FR587161,4wd,SUV,black,6.0,58400.0
34590,chevrolet,silverado1500double,good,6 cylinders,gas,29499.0,clean,other,1GCVKREH6GZ228691,4wd,pickup,silver,5.0,41700.0
16990,gmc,yukon,good,8 cylinders,gas,91458.0,clean,automatic,1GKFK13077R149019,4wd,SUV,blue,14.0,45000.0
30990,chevrolet,suburban1500ltz,good,8 cylinders,other,87922.0,clean,other,1GNSKKE74ER102173,4wd,other,white,7.0,62205.0
35590,gmc,sierra1500doublecabsle,good,6 cylinders,gas,22299.0,clean,automatic,1GTV2MEH3JZ364674,4wd,pickup,silver,3.0,46500.0
28900,ford,explorersport,like new,6 cylinders,gas,57899.0,clean,automatic,1FM5K8GT4GGA22482,4wd,SUV,orange,5.0,47500.0
33900,ford,edge,excellent,4 cylinders,gas,18312.0,clean,automatic,2FMPK4K97LBA71805,4wd,SUV,silver,1.0,42400.0
3000,subaru,impreza25ts,good,4 cylinders,gas,155710.0,clean,automatic,JF1GG65542H831819,4wd,hatchback,blue,19.0,18995.0
33725,audi,sq5premiumplus,excellent,6 cylinders,gas,70821.0,clean,automatic,WA1A4AFY3J2009528,4wd,SUV,grey,3.0,58000.0
27590,hyundai,santafelimited,good,6 cylinders,gas,33438.0,clean,other,KM8SR4HF4HU209157,fwd,other,brown,4.0,36000.0
36990,gmc,sierra1500doublecabsle,good,8 cylinders,gas,23424.0,clean,other,2GTV2MECXJ1106083,4wd,pickup,black,3.0,42000.0
5995,ford,fiestase,good,4 cylinders,gas,75182.0,clean,manual,3FADP4EJ5CM151252,fwd,hatchback,silver,9.0,15500.0
48590,gmc,sierra1500crewcabdenali,good,8 cylinders,gas,15750.0,clean,other,3GTU2PEJXJG625976,4wd,pickup,white,3.0,59800.0
21900,volvo,xc60,excellent,5 cylinders,gas,64569.0,clean,automatic,YV4612RK7G2867513,4wd,wagon,custom,5.0,38800.0
16995,kia,soul,excellent,4 cylinders,gas,20034.0,clean,automatic,KNDJX3AA4H7451296,fwd,SUV,red,4.0,23200.0
21999,jeep,wranglerunlimitedsport,excellent,6 cylinders,gas,100119.0,clean,automatic,1C4BJWDGXDL584198,4wd,SUV,green,8.0,26000.0
27990,toyota,tundradoublecabpickup,good,8 cylinders,gas,73160.0,clean,other,5TFUW5F19DX287994,4wd,pickup,black,8.0,38500.0
8500,ford,focus,like new,4 cylinders,gas,80204.0,clean,automatic,1FADP3K2XEL365844,fwd,hatchback,red,7.0,19800.0
10999,kia,optima,good,4 cylinders,gas,72256.0,clean,automatic,5XXGM4A74DG252196,fwd,sedan,red,8.0,21500.0
37990,toyota,tundradoublecabsr,good,8 cylinders,gas,22870.0,clean,other,5TFUM5F13GX069124,4wd,pickup,black,5.0,43900.0
44590,toyota,tundracrewmaxlimited,good,8 cylinders,other,40526.0,clean,other,5TFHW5F15JX683272,4wd,pickup,black,3.0,48600.0
34995,chevrolet,coloradoz71,excellent,6 cylinders,gas,21195.0,clean,automatic,1GCGTDEN6H1280207,4wd,truck,grey,4.0,38500.0
20500,jeep,grandcherokeesrt8,like new,8 cylinders,gas,133000.0,clean,automatic,1J8HR783X6C335377,4wd,SUV,red,15.0,58000.0
61900,chevrolet,silverado3500hd,excellent,8 cylinders,gas,19455.0,clean,automatic,1GC4YUE7XLF145869,4wd,pickup,white,1.0,65000.0
5000,gmc,sierra2500hdduramax,fair,8 cylinders,diesel,225000.0,clean,automatic,1GTHK23112F118426,4wd,pickup,white,19.0,38000.0
7999,mazda,3,good,4 cylinders,gas,140000.0,clean,automatic,JM1BL1L77C1579758,fwd,hatchback,silver,9.0,207000.0
8995,acura,tl,excellent,6 cylinders,gas,96642.0,clean,manual,19UUA65565A000531,fwd,sedan,grey,16.0,34700.0
8900,honda,pilotexl,excellent,6 cylinders,gas,63752.0,clean,automatic,2HKYF18583H551159,4wd,SUV,black,18.0,33500.0
5990,hyundai,tucsonltd4wd,excellent,6 cylinders,gas,120852.0,clean,automatic,KM8JN72D26U397979,4wd,SUV,silver,15.0,20500.0
12000,volkswagen,r32,excellent,6 cylinders,gas,99500.0,clean,other,WVWKC71K58W153569,4wd,hatchback,red,13.0,32000.0
5995,volkswagen,newbeetleturbos,excellent,4 cylinders,gas,167000.0,clean,manual,3VWFE31C24M405573,fwd,hatchback,grey,17.0,23500.0
17850,subaru,outback25ilimited,excellent,4 cylinders,gas,83435.0,clean,automatic,4S4BSAJC1F3360155,4wd,wagon,silver,6.0,30600.0
4400,mazda,mazda2,good,4 cylinders,gas,84848.0,clean,manual,JM1DE1KZ7E0172649,fwd,wagon,orange,7.0,19015.0
12299,toyota,corolla,excellent,4 cylinders,gas,96951.0,clean,automatic,5YFBURHE1EP155915,fwd,sedan,white,7.0,18990.0
35950,dodge,challenger,excellent,8 cylinders,gas,73955.0,clean,manual,2C3CDZDJ6FH705211,rwd,coupe,grey,6.0,42995.0
44990,chevrolet,corvettestingray,good,8 cylinders,gas,22973.0,clean,other,1G1YF2D7XE5108892,rwd,coupe,black,7.0,65500.0
21590,lexus,ls460sedan4d,good,8 cylinders,gas,93294.0,clean,other,JTHBL5EF1B5102521,rwd,sedan,white,10.0,66900.0
40990,ford,mustanggtcoupe2d,good,8 cylinders,gas,39.0,clean,other,1FA6P8CFXL5190309,rwd,coupe,black,1.0,42500.0
32990,jeep,wranglerrubiconsport,good,6 cylinders,gas,42344.0,clean,other,1C4BJWCG1GL261390,4wd,other,silver,5.0,38000.0
19624,chevrolet,tahoeltz,like new,8 cylinders,gas,99144.0,clean,automatic,1GNSKBE06DR351706,4wd,SUV,silver,8.0,41840.0
8500,toyota,rav4awd,excellent,6 cylinders,gas,127000.0,clean,automatic,2T3BK4DV4AW014433,4wd,SUV,blue,11.0,28500.0
19990,ford,f150,excellent,6 cylinders,gas,153963.0,clean,automatic,1FTEW1CG9HFA35292,rwd,truck,white,4.0,39500.0
32990,ram,1500quadcabharvestpickup,good,6 cylinders,gas,29979.0,clean,other,1C6RR7GG9JS229010,4wd,pickup,black,3.0,38000.0
29990,toyota,tacomadoublecabpickup,good,6 cylinders,gas,43182.0,clean,other,3TMLU4EN4CM085701,4wd,pickup,white,9.0,30140.0
28950,bmw,z425i,like new,4 cylinders,gas,34032.0,clean,manual,WBALL5C57GJ997816,rwd,convertible,black,5.0,46900.0
7995,pontiac,g6,good,6 cylinders,gas,61530.0,clean,automatic,1G2ZH558364263374,fwd,sedan,white,15.0,26105.0
37990,chevrolet,camarosscoupe2d,good,8 cylinders,gas,9704.0,clean,other,1G1FF1R79G0140582,rwd,coupe,red,5.0,38500.0
9999,ford,edge,excellent,6 cylinders,gas,132176.0,clean,automatic,2FMDK3GC6DBB56394,fwd,SUV,blue,8.0,27800.0
14990,toyota,venzawagon4d,good,6 cylinders,gas,103064.0,clean,other,4T3ZK3BBXBU045172,fwd,wagon,green,10.0,30300.0
37990,toyota,tundradoublecabsr,good,8 cylinders,gas,22870.0,clean,other,5TFUM5F13GX069124,4wd,pickup,black,5.0,46000.0
3250,chrysler,ptcruiser,good,4 cylinders,gas,74818.0,clean,automatic,3A4FY48B06T361119,fwd,hatchback,red,15.0,19500.0
31990,toyota,tacomaaccesscabsr5,good,6 cylinders,gas,23401.0,clean,other,5TFSZ5AN3HX093881,4wd,pickup,white,4.0,36400.0
23495,ford,f150xlt4x4,like new,8 cylinders,gas,146795.0,clean,automatic,1FTFX1EF5FFC24427,4wd,truck,black,6.0,42500.0
12995,chevrolet,malibult,excellent,4 cylinders,gas,75000.0,clean,automatic,1G1ZE5ST6HF251703,fwd,sedan,blue,4.0,22000.0
56995,bmw,x5msportawd,excellent,8 cylinders,gas,33658.0,clean,automatic,5UXKR6C55J0U14383,4wd,SUV,black,3.0,75800.0
37990,toyota,tacomadoublecabtrd,good,6 cylinders,gas,36405.0,clean,other,3TMCZ5AN5JM148072,4wd,pickup,white,3.0,38500.0
17990,toyota,avalonlimited,excellent,6 cylinders,gas,84864.0,clean,automatic,4T1BK1EBXDU051356,fwd,sedan,custom,8.0,35980.0
38990,chevrolet,silverado2500hd,good,8 cylinders,other,72410.0,clean,other,1GC2KVEG7GZ327653,4wd,pickup,black,5.0,49000.0
29990,chevrolet,coloradoextendedcab,good,6 cylinders,gas,17302.0,clean,other,1GCHTCE37G1186784,4wd,pickup,red,5.0,34700.0
5995,acura,mdx,good,6 cylinders,gas,236000.0,clean,automatic,2HNYD282X8H541874,4wd,SUV,white,13.0,45300.0
37995,ford,f550superduty,excellent,10 cylinders,gas,107271.0,clean,automatic,1FD0X5HY0HEC10613,4wd,truck,white,4.0,58500.0
12995,ford,explorersporttrac,excellent,8 cylinders,gas,93725.0,clean,automatic,1FMEU53828UA34255,4wd,pickup,red,13.0,36500.0
18900,ford,f250superduty,good,8 cylinders,diesel,262449.0,clean,automatic,1FT7W2BT1BEC96541,4wd,pickup,white,10.0,42000.0
29590,ford,expeditionxltsport,good,6 cylinders,gas,70760.0,clean,other,1FMJU1JT1HEA52352,4wd,SUV,blue,4.0,58640.0
15950,buick,encore,excellent,4 cylinders,gas,9000.0,rebuilt,automatic,KL4CJFSB5JB550192,4wd,SUV,grey,3.0,29700.0
11995,cadillac,srxluxorycollection,excellent,4 cylinders,gas,135000.0,clean,automatic,3GYFNAE34CS640935,fwd,SUV,white,9.0,44300.0
11950,toyota,4runner,excellent,6 cylinders,gas,182227.0,clean,automatic,JTEZU14RX40040274,rwd,SUV,white,17.0,30000.0
38990,jeep,wranglerunlimitedrubicon,good,6 cylinders,gas,20676.0,clean,other,1C4BJWFG3HL547853,4wd,other,red,4.0,43300.0
12500,ford,f150xlt,excellent,8 cylinders,gas,135692.0,clean,automatic,1FTPX14518FA22961,4wd,pickup,white,13.0,32900.0
5995,ford,escape,good,6 cylinders,gas,133890.0,clean,automatic,1FMCU9DG5BKB67812,4wd,SUV,blue,10.0,26945.0
46995,ford,superdutyf250,excellent,8 cylinders,diesel,85706.0,clean,automatic,1FT7W2BT3KEC16981,4wd,pickup,white,2.0,59000.0
20590,hyundai,azerasedan4d,good,6 cylinders,gas,29696.0,clean,other,KMHFG4JG4HA591475,fwd,sedan,black,4.0,35900.0
36990,gmc,sierra1500doublecabsle,good,8 cylinders,gas,23424.0,clean,other,2GTV2MECXJ1106083,4wd,pickup,black,3.0,39800.0
23900,nissan,pathfinder,excellent,6 cylinders,gas,32580.0,clean,automatic,5N1DR2MN1KC605909,fwd,SUV,white,2.0,31990.0
10900,kia,fortelx,good,4 cylinders,gas,82024.0,clean,automatic,3KPFL4A76HE016906,fwd,sedan,blue,4.0,17900.0
30900,chevrolet,silverado1500,excellent,8 cylinders,gas,113000.0,clean,automatic,3GCUKREC2FG287865,4wd,truck,red,6.0,42500.0
38990,dodge,chargerrtsedan4d,good,8 cylinders,gas,4352.0,clean,other,2C3CDXCT5LH131302,rwd,sedan,silver,1.0,39200.0
18900,kia,sorento,excellent,6 cylinders,gas,85837.0,clean,automatic,5XYPGDA50HG207019,4wd,wagon,white,4.0,38800.0
25000,lincoln,mkx,good,6 cylinders,gas,29000.0,rebuilt,automatic,2LMPJ6KR5HBL38403,fwd,SUV,black,4.0,43165.0
33990,gmc,sierra1500doublecabsle,good,6 cylinders,gas,24299.0,clean,other,1GTV2MEHXJZ346690,4wd,pickup,white,3.0,39800.0
23999,toyota,tundra4x4,excellent,8 cylinders,gas,116601.0,clean,automatic,5TBBV54147S474351,4wd,truck,black,14.0,33500.0
13900,ford,f150,excellent,8 cylinders,gas,144173.0,clean,automatic,1FTFW1EV4AFB06081,4wd,pickup,red,11.0,34400.0
12950,ford,tauruslimited,excellent,6 cylinders,gas,91309.0,clean,automatic,1FAHP2F87EG134743,fwd,sedan,red,7.0,36000.0
7800,chrysler,aspenlimited4x4,good,8 cylinders,gas,80384.0,clean,automatic,1A8HW58N48F159250,4wd,SUV,black,13.0,39500.0
27990,gmc,sierra2500hdextendedcab,good,8 cylinders,gas,68696.0,clean,other,1GT220CG8CZ231238,4wd,pickup,black,9.0,40500.0
9500,gmc,sierra1500,good,8 cylinders,gas,136800.0,clean,automatic,1GTEK19058E184200,4wd,pickup,brown,13.0,26500.0
3000,kia,optima,new,4 cylinders,gas,16201.0,clean,automatic,5XXGT4L34LG404151,fwd,sedan,grey,4.0,23290.0
34990,ford,superdutyf350drw,good,8 cylinders,diesel,70200.0,clean,automatic,1FTWX33F21EA27079,4wd,truck,custom,20.0,35950.0
5588,honda,pilotexl,good,6 cylinders,gas,201406.0,clean,automatic,2HKYF18576H536382,4wd,SUV,grey,15.0,35600.0
29990,ram,1500quadcabtradesman,good,6 cylinders,gas,28455.0,clean,other,1C6RR7FG8HS798359,4wd,pickup,red,4.0,37400.0
12998,dodge,journey,excellent,4 cylinders,gas,89009.0,clean,automatic,3C4PDCAB9FT748438,fwd,SUV,grey,6.0,21500.0
8995,ford,f150,excellent,8 cylinders,gas,120459.0,clean,automatic,1FTPX14544NC66491,4wd,other,red,17.0,30970.0
12895,subaru,impreza20ipremium,like new,4 cylinders,gas,109021.0,clean,automatic,4S3GKAB67H3614473,4wd,sedan,black,4.0,23695.0
36900,chevrolet,tahoe,excellent,8 cylinders,gas,98000.0,clean,automatic,1GNSKBKC1JR159376,4wd,SUV,silver,3.0,60000.0
33990,ram,1500crewcabtradesman,good,8 cylinders,gas,17033.0,clean,other,3C6RR7KT7HG794054,4wd,pickup,blue,4.0,37000.0
37990,chevrolet,corvettegrandsport,good,8 cylinders,other,56302.0,clean,other,1G1YS3DW5A5103103,rwd,other,red,11.0,56000.0
11500,toyota,tundra4x4,excellent,8 cylinders,gas,176000.0,clean,automatic,5TBDT44155S490080,4wd,pickup,black,16.0,30800.0
12995,honda,civic,good,4 cylinders,gas,91845.0,clean,automatic,2HGFB2F80EH537906,fwd,sedan,brown,7.0,22000.0
3250,toyota,prius,good,4 cylinders,hybrid,196000.0,clean,automatic,JTDKB20U867061727,fwd,hatchback,red,15.0,23000.0
24590,lexus,is350sedan4d,good,6 cylinders,gas,60987.0,clean,other,JTHBE1D28E5001806,rwd,sedan,black,7.0,38500.0
19899,lexus,gs,good,6 cylinders,gas,95099.0,clean,automatic,JTHCE1BL6D5002841,4wd,sedan,grey,8.0,48600.0
18990,lexus,rx350sportutility4d,good,6 cylinders,gas,96454.0,clean,automatic,2T2ZK1BA7DC110306,fwd,SUV,white,8.0,43350.0
35990,jeep,wranglerunlimitedwinter,good,6 cylinders,gas,41549.0,clean,other,1C4HJWEGXHL594342,4wd,other,brown,4.0,38500.0
43590,lincoln,navigatorlselectsport,good,6 cylinders,gas,28475.0,clean,automatic,5LMJJ3JT1HEL08409,4wd,other,black,4.0,75720.0
4500,bmw,530i,excellent,6 cylinders,gas,109955.0,clean,automatic,WBANE73587CM47804,rwd,sedan,grey,14.0,49000.0
26590,lexus,is350sedan4d,good,6 cylinders,gas,45318.0,clean,other,JTHBE1D22E5013305,rwd,sedan,silver,7.0,42000.0
25995,ford,f150,excellent,8 cylinders,gas,104086.0,clean,automatic,1FTFW1EF3EKE81045,4wd,truck,grey,7.0,41000.0
13550,toyota,rav4,excellent,4 cylinders,gas,97166.0,clean,automatic,2T3ZFREV6GW273075,fwd,SUV,black,5.0,24950.0
25900,toyota,tacoma,like new,6 cylinders,gas,93642.0,clean,automatic,3TMCZ5AN4HM101125,4wd,truck,white,4.0,38500.0
19497,bmw,x5xdrive35ipremium,excellent,6 cylinders,gas,52329.0,clean,automatic,5UXZV4C52D0B14001,4wd,SUV,grey,8.0,59000.0
35990,ram,1500crewcabbighorn,good,8 cylinders,gas,21885.0,clean,other,1C6RR7LT8JS335046,4wd,pickup,white,3.0,43000.0
18900,mercedes-benz,sclass,excellent,8 cylinders,gas,94220.0,clean,automatic,WDDNG7DB2CA478205,rwd,sedan,black,9.0,93500.0
22995,jeep,wrangler,good,6 cylinders,gas,72191.0,clean,automatic,1C4AJWAG5EL105526,4wd,SUV,red,7.0,25845.0
9000,chevrolet,avalanche2500,good,8 cylinders,gas,152725.0,clean,automatic,3GNGK23G42G183390,4wd,pickup,black,19.0,38500.0
46000,ford,f350lariat,excellent,8 cylinders,diesel,104000.0,clean,automatic,1FT8W3BT5FEA79106,4wd,pickup,blue,6.0,54000.0
6990,mercury,mariner,good,4 cylinders,gas,141226.0,clean,automatic,4M2CN8B7XAKJ20153,fwd,SUV,grey,11.0,30235.0
15999,jeep,wrangler,good,6 cylinders,gas,78644.0,clean,automatic,1J4GA2D12AL216159,4wd,SUV,black,11.0,23900.0
8495,honda,pilot,good,6 cylinders,diesel,110662.0,clean,automatic,5FNYF18588B010277,4wd,SUV,green,13.0,33100.0
6900,chevrolet,impalalimited,excellent,6 cylinders,gas,126931.0,clean,automatic,2G1WC5E30E1144136,fwd,sedan,silver,7.0,32700.0
33990,mercedes-benz,eclasse63amg,good,8 cylinders,gas,88107.0,clean,automatic,WDDHF7EB7CA570344,rwd,sedan,white,9.0,103000.0
6995,ford,focusse,good,4 cylinders,gas,103953.0,clean,automatic,1FADP3K27EL345121,fwd,sedan,black,7.0,19500.0
14998,chevrolet,impalaltsedan,excellent,4 cylinders,gas,96762.0,clean,automatic,2G1105SA4H9154180,fwd,sedan,white,4.0,29000.0
11785,ford,escape,excellent,4 cylinders,gas,107168.0,clean,automatic,1FMCU0HX5DUD89327,fwd,SUV,white,8.0,26600.0
21995,toyota,tundra,good,8 cylinders,gas,141779.0,clean,automatic,5TFFY5F15BX110892,rwd,truck,grey,10.0,39690.0
25988,chevrolet,equinox,excellent,4 cylinders,gas,13550.0,clean,automatic,3GNAXSEV6JS617369,4wd,SUV,brown,3.0,28400.0
16999,dodge,challenger,excellent,6 cylinders,gas,123832.0,clean,automatic,2C3CDYAG9DH565073,rwd,coupe,black,8.0,26500.0
3500,hyundai,sonata,good,4 cylinders,gas,68464.0,rebuilt,automatic,5NPEB4AC0DH739183,fwd,sedan,grey,8.0,22500.0
29990,jeep,wranglersportsuv2d,good,6 cylinders,gas,28680.0,clean,other,1C4AJWAG4HL704941,4wd,other,black,4.0,33500.0
3999,lincoln,towncar,excellent,8 cylinders,gas,163000.0,clean,automatic,1LNHM82W33Y653267,rwd,sedan,green,18.0,42000.0
28590,jeep,grandcherokeelaredosport,good,6 cylinders,other,23600.0,clean,other,1C4RJFAG2KC771533,4wd,other,white,2.0,40700.0
5500,toyota,4runner,excellent,6 cylinders,gas,251647.0,clean,automatic,JT3HN86R919055413,4wd,SUV,black,20.0,35000.0
29900,ford,f150,excellent,8 cylinders,gas,114000.0,clean,automatic,1FTFW1EF4EFB07682,4wd,truck,white,7.0,39500.0
10350,subaru,forester25ipremium,excellent,4 cylinders,gas,114191.0,clean,other,JF2SH6CC7AH779928,4wd,SUV,green,11.0,25000.0
11495,hyundai,santafesport,excellent,4 cylinders,gas,105593.0,clean,automatic,5XYZU3LB0DG002700,fwd,SUV,red,8.0,25400.0
2900,buick,lesabre,good,6 cylinders,gas,129195.0,clean,automatic,1G4HR54K41U193115,fwd,sedan,white,20.0,28780.0
10700,subaru,imprezasportlimited,good,4 cylinders,gas,108487.0,clean,automatic,JF1GPAS68CH217454,4wd,hatchback,white,9.0,23395.0
36990,gmc,yukonxldenali,excellent,8 cylinders,gas,83683.0,clean,automatic,1GKS2JKJ6FR643279,4wd,SUV,white,6.0,76900.0
5200,nissan,sentrasv,excellent,4 cylinders,gas,156730.0,clean,automatic,1N4AB7AP3DN905169,fwd,sedan,blue,8.0,16500.0
16981,nissan,rogue,excellent,4 cylinders,gas,33077.0,clean,automatic,5N1AT2MT5FC920124,fwd,SUV,white,6.0,24600.0
8495,toyota,rav4,excellent,4 cylinders,gas,95453.0,clean,automatic,JTEGD20V750073850,fwd,SUV,silver,16.0,22850.0
11995,bmw,x3xdrive30i,excellent,6 cylinders,gas,91034.0,clean,automatic,WBXPC9C45AWJ39311,4wd,SUV,silver,11.0,42000.0
14200,subaru,xvcrosstrek,good,4 cylinders,gas,137406.0,clean,automatic,JF2GPAKC6E8264406,4wd,SUV,white,7.0,27600.0
6995,chevrolet,impala,good,6 cylinders,gas,44390.0,clean,automatic,2G1WC581669142212,fwd,sedan,grey,15.0,24995.0
13988,ford,transitconnectcargoxl,like new,4 cylinders,gas,144431.0,clean,automatic,NM0LS6E70E1161253,fwd,van,white,7.0,21900.0
30590,jeep,wranglerunlimitedsahara,good,6 cylinders,gas,45741.0,clean,other,1C4BJWEG0EL118974,4wd,other,silver,7.0,36000.0
3900,pontiac,vibegt,excellent,4 cylinders,gas,214944.0,clean,manual,5Y2SN62L63Z458839,fwd,hatchback,silver,18.0,19600.0
15991,cadillac,escalade,excellent,8 cylinders,gas,103000.0,clean,automatic,1GYEC63817R318548,rwd,SUV,black,14.0,57110.0
33990,gmc,sierra1500doublecabsle,good,6 cylinders,gas,24299.0,clean,other,1GTV2MEHXJZ346690,4wd,pickup,white,3.0,38600.0
38590,gmc,sierra1500doublecabslt,good,8 cylinders,gas,20448.0,clean,other,1GTV2NECXJZ225636,4wd,pickup,silver,3.0,45300.0
21500,subaru,forester25ipremium,excellent,4 cylinders,gas,36000.0,clean,automatic,JF2SJAEC7HH530849,4wd,SUV,green,4.0,30000.0
21990,chrysler,pacificatouringl,good,6 cylinders,gas,20941.0,clean,other,2C4RC1BG8HR796612,fwd,van,silver,4.0,34800.0
8995,chevrolet,cruze,good,4 cylinders,gas,86449.0,clean,automatic,1G1BE5SM3G7323590,fwd,sedan,silver,5.0,19900.0
36900,mercedes-benz,slclass,excellent,8 cylinders,gas,29984.0,clean,automatic,WDBSK71F09F152898,rwd,convertible,black,12.0,101000.0
29590,ford,expeditionxltsport,good,6 cylinders,gas,70760.0,clean,other,1FMJU1JT1HEA52352,4wd,SUV,blue,4.0,61000.0
30900,chevrolet,silverado1500,excellent,8 cylinders,gas,113000.0,clean,automatic,3GCUKREC2FG287865,4wd,truck,red,6.0,38500.0
10800,hyundai,accent,excellent,4 cylinders,gas,54696.0,clean,automatic,KMHCT5AE8HU326236,fwd,sedan,red,4.0,15500.0
8350,subaru,foresterx,good,4 cylinders,gas,117926.0,clean,automatic,JF2SH6BC5AH792016,4wd,SUV,blue,11.0,24300.0
11156,ford,fiesta,good,4 cylinders,gas,32219.0,clean,automatic,3FADP4EJ1JM132792,fwd,hatchback,black,3.0,16600.0
32484,ford,mustang,excellent,8 cylinders,gas,60777.0,clean,manual,1FA6P8CF8H5246545,rwd,coupe,blue,4.0,42100.0
37990,toyota,tundradoublecabsr,good,8 cylinders,gas,22870.0,clean,other,5TFUM5F13GX069124,4wd,pickup,black,5.0,44800.0
10900,cadillac,cts,excellent,6 cylinders,gas,112000.0,clean,automatic,1G6DA5EY3B0109066,fwd,sedan,black,10.0,34600.0
6850,ford,escape,excellent,4 cylinders,gas,166188.0,clean,automatic,1FMCU0GX7DUB80253,fwd,SUV,green,8.0,24700.0
11950,honda,ridgeline,excellent,6 cylinders,gas,123000.0,clean,automatic,2HJYK16447H534763,4wd,SUV,silver,14.0,29800.0
23900,ram,3500,excellent,8 cylinders,gas,147687.0,clean,automatic,3C63R3GJ2FG572783,4wd,truck,white,6.0,40000.0
19995,toyota,sienna,good,6 cylinders,gas,100650.0,clean,automatic,5TDYZ3DC7HS810748,fwd,mini-van,black,4.0,36000.0
7999,chevrolet,cruze,excellent,4 cylinders,gas,67235.0,clean,automatic,1G1PC5SB6D7223599,fwd,sedan,red,8.0,19400.0
11990,gmc,terrain,good,4 cylinders,gas,139059.0,clean,automatic,2GKALNEK4G6313321,fwd,SUV,black,5.0,28900.0
12800,lexus,ls460luxurysedan,excellent,8 cylinders,gas,153000.0,clean,automatic,JTHBL5EF3A5100557,rwd,sedan,black,11.0,66000.0
22995,nissan,rogue,excellent,4 cylinders,gas,39663.0,clean,automatic,KNMAT2MV1LP508518,4wd,SUV,silver,1.0,28430.0
17900,hyundai,genesis,excellent,6 cylinders,gas,89900.0,clean,automatic,KMHGN4JE6GU111295,4wd,sedan,black,5.0,49900.0
11500,toyota,tacomaprerunner,excellent,6 cylinders,gas,200204.0,clean,automatic,5TEKU72N45Z061339,rwd,truck,white,16.0,22100.0
16500,ford,explorer,excellent,6 cylinders,gas,106600.0,clean,automatic,1FM5K8D81EGC12723,4wd,SUV,grey,7.0,38500.0
33186,jeep,wranglerjk,excellent,6 cylinders,gas,26339.0,clean,automatic,1C4HJWDGXJL811878,4wd,SUV,silver,3.0,33995.0
38900,chevrolet,silverado2500hd,excellent,8 cylinders,diesel,132000.0,clean,automatic,1GC1KYC84CF110727,4wd,truck,silver,9.0,55385.0
21995,jeep,wrangler,excellent,6 cylinders,gas,106377.0,clean,automatic,1C4AJWAG0EL245211,4wd,SUV,white,7.0,27600.0
11988,chrysler,300,good,6 cylinders,gas,97025.0,clean,automatic,2C3CCAAG2DH732853,rwd,sedan,black,8.0,30000.0
31250,gmc,yukonxl,excellent,8 cylinders,gas,108981.0,clean,automatic,1GKS2HKC7FR188954,4wd,SUV,black,6.0,59000.0
29900,gmc,yukon,good,8 cylinders,gas,91665.0,clean,automatic,1GKS2AKC3FR526714,4wd,SUV,white,6.0,51995.0
9500,mitsubishi,outlandersportes,excellent,4 cylinders,gas,93000.0,clean,automatic,4A4AP3AU6EE019058,fwd,SUV,black,7.0,19995.0
36990,jeep,wranglerunlimitedallnew,good,6 cylinders,gas,27616.0,clean,other,1C4HJXDG6JW253712,4wd,other,blue,3.0,38500.0
41990,ford,mustanggtcoupe2d,good,8 cylinders,gas,561.0,clean,other,1FA6P8CFXL5169606,rwd,coupe,white,1.0,42610.0
20490,jeep,compass,excellent,4 cylinders,gas,25256.0,clean,automatic,3C4NJDBB6JT180713,4wd,SUV,grey,3.0,30700.0
33995,ford,f250sd,excellent,8 cylinders,gas,89200.0,clean,automatic,1FD7X2B64GED16212,4wd,truck,white,5.0,42500.0
8995,toyota,corolla,excellent,4 cylinders,gas,60211.0,clean,automatic,1NXBU4EE7AZ294723,fwd,sedan,brown,11.0,16000.0
28990,bmw,m3convertible2d,good,8 cylinders,gas,70703.0,clean,other,WBSDX9C57CE785089,rwd,other,silver,9.0,61400.0
46990,chevrolet,corvettestingray,good,8 cylinders,gas,16966.0,clean,other,1G1YA3D74E5119018,rwd,other,white,7.0,54900.0
7495,ford,focus,good,4 cylinders,gas,130000.0,clean,automatic,1FADP3J20DL362404,fwd,sedan,silver,8.0,24100.0
31700,toyota,tacomasr5,excellent,6 cylinders,gas,29567.0,clean,automatic,3TMBZ5DN9JM016391,rwd,pickup,black,3.0,33500.0
11997,lincoln,towncarlimousine,good,8 cylinders,gas,76286.0,clean,automatic,1L1FM88WX5Y656539,fwd,other,white,16.0,45780.0
9900,ford,fusion,good,4 cylinders,gas,96903.0,clean,automatic,3FA6P0H73DR183008,fwd,sedan,purple,8.0,22000.0
13845,lincoln,mkx,excellent,6 cylinders,gas,158133.0,clean,automatic,2LMTJ8LR9GBL61481,4wd,SUV,black,5.0,48475.0
28590,lexus,es350sedan4d,good,6 cylinders,other,14711.0,clean,other,58ABK1GG0HU069176,fwd,sedan,white,4.0,39900.0
26998,gmc,acadia,excellent,6 cylinders,gas,55782.0,clean,automatic,1GKKRSKD4HJ273866,fwd,SUV,white,4.0,41100.0
14900,infiniti,q50awd,excellent,6 cylinders,gas,49000.0,salvage,automatic,JN1BV7AR5EM704651,4wd,sedan,blue,7.0,41700.0
24424,chevrolet,silverado1500lt4wd,good,8 cylinders,other,155795.0,clean,automatic,3GCPKSE78DG197575,4wd,pickup,silver,8.0,38500.0
30800,chevrolet,corvette,like new,8 cylinders,gas,19428.0,clean,manual,1G1YY26U575112283,rwd,coupe,yellow,14.0,55000.0
39590,ram,1500crewcabbighorn,good,6 cylinders,gas,22154.0,clean,other,1C6RRFFG4KN755640,4wd,pickup,red,2.0,40200.0
18900,honda,crv,excellent,4 cylinders,gas,80751.0,clean,automatic,2HKRW6H37HH219673,4wd,SUV,blue,4.0,30500.0
14800,ram,1500tradesman4x4,excellent,6 cylinders,gas,146762.0,clean,automatic,3C6JR7DG9FG643811,4wd,pickup,red,6.0,31000.0
28850,audi,s5,excellent,6 cylinders,gas,76970.0,clean,automatic,WAUCGAFR3FA039010,4wd,coupe,black,6.0,63000.0
24999,chevrolet,1500silverado,new,8 cylinders,gas,69386.0,clean,automatic,3GCPKSE79DG239977,4wd,pickup,grey,8.0,42000.0
61000,bmw,m4convertible,like new,6 cylinders,gas,5600.0,lien,automatic,WBS4Z9C5XJED22390,rwd,convertible,white,3.0,68400.0
11900,cadillac,ctssedan,good,6 cylinders,gas,91679.0,clean,automatic,1G6DG5EY3B0116968,4wd,sedan,silver,10.0,38450.0
11995,kia,sorento,good,4 cylinders,gas,125147.0,clean,automatic,5XYKT3A6XFG596371,rwd,SUV,white,6.0,23900.0
7999,pontiac,grandprix,excellent,6 cylinders,gas,104825.0,clean,automatic,2G2WR554561174432,fwd,sedan,blue,15.0,21995.0
30590,jeep,wranglerrubiconsport,good,6 cylinders,gas,59322.0,clean,other,1C4BJWCGXGL165497,4wd,SUV,black,5.0,38500.0
5500,ford,mustanggtpremium,good,8 cylinders,gas,150000.0,lien,manual,1ZVHT82H285196031,rwd,coupe,black,13.0,28795.0
38990,dodge,chargerrtscatpack,good,8 cylinders,gas,14706.0,clean,other,2C3CDXGJ8JH147905,rwd,sedan,red,3.0,42900.0
6995,mercury,grandmarquis,excellent,8 cylinders,gas,71597.0,clean,automatic,2MEHM75W04X654726,rwd,sedan,blue,17.0,31710.0
19995,ram,1500,excellent,6 cylinders,diesel,104281.0,clean,automatic,1C6RR7SM5FS719089,4wd,truck,grey,6.0,40500.0
14950,lexus,gx470,good,8 cylinders,gas,106941.0,clean,automatic,JTJBT20X430018043,4wd,SUV,blue,18.0,51500.0
44990,ram,5500,good,6 cylinders,diesel,80733.0,clean,automatic,3C7WRNFL3FG705901,4wd,truck,white,6.0,56600.0
6888,hyundai,elantraglspzev,good,4 cylinders,gas,126037.0,clean,automatic,KMHDU4AD2AU028385,fwd,sedan,silver,11.0,15800.0
48999,ram,3500laramielonghorn4x4,excellent,6 cylinders,diesel,83595.0,clean,automatic,3C63D3FL6CG229777,4wd,truck,white,9.0,54000.0
10995,kia,optima,excellent,4 cylinders,gas,105700.0,clean,automatic,5XXGN4A68CG077213,fwd,sedan,custom,9.0,22000.0
24995,chevrolet,silverado1500,excellent,8 cylinders,gas,117407.0,clean,automatic,1GCPKSE79CF185564,4wd,truck,grey,9.0,38500.0
41990,toyota,4runnerlimitedsport,good,6 cylinders,gas,36630.0,clean,other,JTEBU5JR6K5659628,4wd,SUV,white,2.0,43000.0
9950,nissan,versa,like new,4 cylinders,gas,18631.0,clean,manual,3N1CN7APXHL883822,fwd,sedan,white,4.0,12000.0
5500,jeep,patriotsport4x4,good,4 cylinders,gas,153000.0,clean,automatic,1C4NJRBBXDD249040,4wd,SUV,grey,8.0,24500.0
9900,ford,expedition,excellent,8 cylinders,gas,139109.0,clean,automatic,1FMJU1K5XAEA29853,rwd,SUV,black,11.0,60580.0
34990,lexus,rx350sportutility4d,good,6 cylinders,gas,12250.0,clean,other,2T2ZZMCA5HC061706,fwd,other,red,4.0,41500.0
32995,toyota,tacoma,excellent,6 cylinders,gas,68564.0,clean,automatic,3TMLU4ENXFM165041,4wd,pickup,white,6.0,33500.0
23388,jeep,wrangler,excellent,6 cylinders,gas,136875.0,clean,automatic,1C4HJWEG3DL705047,4wd,offroad,black,8.0,36000.0
53800,ford,f350xltlariat,like new,8 cylinders,diesel,83647.0,clean,automatic,1FT8W3DTXHED17919,4wd,truck,silver,4.0,62150.0
44995,ford,superdutyf450drw,excellent,8 cylinders,diesel,195696.0,clean,automatic,1FT8W4DT2HEF08871,4wd,pickup,white,4.0,76200.0
22995,chevrolet,camarosscoupe2d,excellent,8 cylinders,gas,101172.0,clean,automatic,2G1FH1EJ7F9256962,rwd,coupe,black,6.0,34000.0
6795,dodge,journeysxt,excellent,6 cylinders,gas,120500.0,clean,automatic,3C4PDCBGXCT214239,fwd,SUV,white,9.0,22790.0
2999,honda,element,excellent,4 cylinders,gas,276650.0,clean,automatic,5J6YH28514L013538,4wd,SUV,green,17.0,24600.0
38590,ram,1500crewcabbighorn,good,6 cylinders,gas,28556.0,clean,other,1C6RRFFGXKN695394,4wd,pickup,white,2.0,44500.0
29990,chevrolet,coloradoextendedcab,good,6 cylinders,gas,17302.0,clean,other,1GCHTCE37G1186784,4wd,pickup,red,5.0,36500.0
26750,chevrolet,corvette,good,8 cylinders,gas,50456.0,clean,automatic,1G1YY26U065108429,rwd,coupe,grey,15.0,50000.0
24590,dodge,challengersxtcoupe2d,good,6 cylinders,gas,43062.0,clean,other,2C3CDZGGXKH688262,rwd,coupe,orange,2.0,30490.0
36590,buick,enclaveessencesport,good,6 cylinders,gas,3993.0,clean,other,5GAERBKW4LJ317921,fwd,other,white,1.0,41300.0
8900,toyota,camrysolara,good,6 cylinders,gas,104000.0,clean,automatic,4T1FA38P56U105379,fwd,convertible,black,15.0,24600.0
7888,mazda,mazda2sport,excellent,4 cylinders,gas,52095.0,clean,automatic,JM1DE1KY5E0178487,fwd,hatchback,white,7.0,15550.0
29995,ford,f250,excellent,8 cylinders,gas,60705.0,clean,automatic,1FD7X2B6XBEC97822,4wd,van,white,10.0,32000.0
8429,honda,odysseytouring,excellent,6 cylinders,gas,130840.0,clean,automatic,5FNRL3H93AB110403,fwd,mini-van,white,11.0,36325.0
14995,chevrolet,silverado2500hd4x4,excellent,8 cylinders,gas,121035.0,clean,automatic,1GCHK24U17E120649,4wd,truck,white,14.0,36400.0
12500,gmc,yukonxl,excellent,8 cylinders,gas,197444.0,clean,automatic,1GKS2MEF6BR138569,4wd,SUV,white,10.0,70955.0
13950,gmc,terrainsltv6awd,excellent,6 cylinders,gas,46000.0,clean,automatic,2GKFLVE37D6378674,fwd,SUV,red,8.0,30400.0
12980,chevrolet,camaro,good,6 cylinders,gas,130182.0,clean,automatic,2G1FB1ED7B9115718,rwd,coupe,red,10.0,24800.0
37990,dodge,challengerrtscatpack,good,8 cylinders,gas,22869.0,clean,other,2C3CDZFJ6JH269367,rwd,coupe,silver,3.0,39300.0
13900,jeep,wranglerunlimited,excellent,6 cylinders,gas,171117.0,clean,automatic,1J4BA5H13BL507308,4wd,SUV,silver,10.0,35000.0
4500,pontiac,grandprix,good,6 cylinders,gas,151413.0,clean,automatic,1G2WP52K42F145225,fwd,sedan,silver,19.0,24500.0
21995,chevrolet,equinox,excellent,6 cylinders,gas,31954.0,clean,automatic,2GNAXUEV2L6108215,4wd,SUV,grey,1.0,31000.0
8995,toyota,priushybrid,good,4 cylinders,hybrid,111096.0,clean,automatic,JTDKN3DU8B1369436,fwd,hatchback,grey,10.0,24000.0
9700,chrysler,crossfireconvertible,excellent,6 cylinders,gas,78557.0,clean,manual,1C3AN65L86X067865,rwd,convertible,red,15.0,30930.0
33590,lexus,gs350sedan4d,good,6 cylinders,gas,30814.0,clean,automatic,JTHBZ1BLXJA012999,rwd,sedan,white,3.0,52800.0
10000,ford,f150,excellent,8 cylinders,gas,189900.0,clean,automatic,1FTFW1CVXAFB95206,rwd,pickup,silver,11.0,27700.0
10995,chevrolet,equinoxlt,good,4 cylinders,gas,107509.0,clean,automatic,2GNALBEK6E6311911,fwd,SUV,grey,7.0,27200.0
29990,chevrolet,coloradocrewcabwork,good,6 cylinders,gas,11401.0,clean,other,1GCGTBEN7J1162712,4wd,pickup,red,3.0,37700.0
14900,kia,sportage,excellent,4 cylinders,gas,75546.0,clean,automatic,KNDPBCAC0G7864373,4wd,SUV,grey,5.0,26600.0
26900,ford,f3504wddrw1ownerrustfreetxtruck,excellent,8 cylinders,diesel,181046.0,clean,automatic,1FT8W3DT5CEB61233,4wd,truck,white,9.0,52700.0
9500,honda,crv,good,4 cylinders,gas,130750.0,clean,automatic,JHLRE4H33AC008515,4wd,SUV,black,11.0,24650.0
25590,jeep,grandcherokeelaredosport,good,6 cylinders,other,31315.0,clean,other,1C4RJFAG6HC633079,4wd,SUV,silver,4.0,34800.0
53900,gmc,sierra2500hd,excellent,8 cylinders,diesel,95000.0,clean,automatic,1GT12TE88GF140884,4wd,truck,red,5.0,55800.0
29590,ford,expeditionxltsport,good,6 cylinders,gas,70760.0,clean,other,1FMJU1JT1HEA52352,4wd,SUV,blue,4.0,57800.0
21995,ford,superdutyf250,excellent,8 cylinders,diesel,114808.0,clean,automatic,1FTSW21PX6EA94415,4wd,pickup,green,15.0,38900.0
9995,ford,explorer,good,6 cylinders,gas,194500.0,clean,automatic,1FM5K7F83DGA82501,rwd,SUV,white,8.0,39800.0
6500,ford,fusion,excellent,4 cylinders,gas,126000.0,clean,automatic,3FA6P0HR4DR138970,fwd,sedan,white,8.0,22300.0
18500,ford,explorer,excellent,6 cylinders,gas,98792.0,clean,automatic,1FM5K7D86FGC58320,fwd,SUV,black,6.0,33500.0
12999,honda,accord,like new,4 cylinders,gas,47000.0,rebuilt,automatic,1HGCR2F30GA081541,fwd,sedan,blue,4.0,23000.0
17495,jeep,grandcherokee,excellent,6 cylinders,gas,140358.0,clean,automatic,1C4RJFBGXEC359539,4wd,SUV,red,7.0,39995.0
18900,chevrolet,equinox,excellent,4 cylinders,gas,13653.0,clean,automatic,2GNAXKEV0L6158406,fwd,SUV,white,1.0,26900.0
20498,volkswagen,tiguanse,good,4 cylinders,gas,50465.0,clean,automatic,3VV2B7AX4JM179117,4wd,SUV,grey,3.0,33500.0
32990,jeep,wranglerunlimitedsport,good,6 cylinders,gas,30041.0,clean,other,1C4BJWDG5HL705371,4wd,other,silver,4.0,36395.0
8999,acura,tl,excellent,6 cylinders,gas,144360.0,clean,automatic,19UUA66208A019147,fwd,sedan,white,13.0,32110.0
6995,mercury,grandmarquis,excellent,8 cylinders,gas,71597.0,clean,automatic,2MEHM75W04X654726,rwd,sedan,blue,17.0,34000.0
31990,ford,superdutyf250srw,good,8 cylinders,gas,101335.0,clean,automatic,1FDBF2B69DEB79406,4wd,truck,white,8.0,47000.0
13995,ford,escapesel4x4,excellent,4 cylinders,gas,76000.0,clean,automatic,1FMCU9H94DUD13569,4wd,SUV,black,8.0,29900.0
6900,chevrolet,silverado1500,good,8 cylinders,gas,193578.0,clean,automatic,2GCEC19TX41300378,rwd,truck,silver,17.0,26700.0
4490,dodge,avenger,excellent,4 cylinders,gas,142847.0,clean,automatic,1C3CDZAB6CN324166,fwd,sedan,blue,9.0,19995.0
35590,ford,mustangboss302coupe2d,good,8 cylinders,gas,33692.0,clean,other,1ZVBP8CU8D5249606,rwd,coupe,white,8.0,36000.0
13999,chevrolet,silverado1500,excellent,8 cylinders,gas,148054.0,clean,automatic,3GCEK23M99G196782,4wd,pickup,black,12.0,33500.0
23900,mercedes-benz,eclass,good,6 cylinders,gas,34356.0,clean,automatic,WDDHF5KB5EB008920,rwd,sedan,black,7.0,55000.0
70590,chevrolet,suburbanpremier,new,6 cylinders,diesel,5.0,clean,automatic,1GNSKFKT3MR293026,4wd,SUV,silver,0.0,80500.0
48995,chevrolet,suburban,excellent,8 cylinders,gas,21565.0,clean,automatic,1GNSKGKC6KR306645,4wd,SUV,black,2.0,59000.0
8995,subaru,impreza,good,4 cylinders,gas,121814.0,clean,automatic,JF1GPAR68CH240741,4wd,wagon,grey,9.0,23000.0
8600,toyota,prius,excellent,4 cylinders,hybrid,104000.0,clean,automatic,JTDKN3DU4B5336331,fwd,hatchback,red,10.0,24000.0
14499,dodge,grandcaravansxt,excellent,6 cylinders,gas,79509.0,clean,automatic,2C4RDGCG2CR334148,fwd,mini-van,black,9.0,23800.0
9950,ford,focus,like new,4 cylinders,gas,95000.0,clean,automatic,1FADP3K20DL139407,fwd,hatchback,white,8.0,19000.0
47990,chevrolet,tahoeltsportutility,good,8 cylinders,gas,34216.0,clean,other,1GNSKBKC1KR138450,4wd,other,white,2.0,60700.0
10970,chevrolet,malibult,good,4 cylinders,gas,80070.0,clean,automatic,1G1ZE5ST9GF311231,fwd,sedan,black,5.0,23600.0
27880,mercedes-benz,gle,good,6 cylinders,gas,59988.0,clean,automatic,4JGDA5JB0GA697908,rwd,SUV,black,5.0,60000.0
22500,chevrolet,equinoxlsawd,excellent,4 cylinders,gas,24842.0,clean,automatic,2GNAXSEV1K6134176,4wd,SUV,green,2.0,26900.0
28318,chrysler,pacifica,excellent,6 cylinders,gas,25525.0,clean,automatic,2C4RC1BG7LR130513,fwd,mini-van,silver,1.0,35995.0
24990,lexus,ls460sedan4d,good,8 cylinders,gas,51724.0,clean,automatic,JTHBL5EF0C5111700,rwd,sedan,black,9.0,72000.0
29990,chevrolet,blazer2ltsport,good,6 cylinders,gas,21462.0,clean,other,3GNKBCRS6KS694009,fwd,other,red,2.0,35500.0
9995,chevrolet,equinox,excellent,4 cylinders,gas,133552.0,clean,automatic,2GNALAEK7F6123863,fwd,SUV,black,6.0,24100.0
24785,infiniti,qx56,excellent,8 cylinders,gas,108259.0,clean,automatic,JN8AZ2NE7D9040236,4wd,SUV,custom,8.0,63500.0
40590,dodge,chargerrtscatpack,good,8 cylinders,gas,3071.0,clean,automatic,2C3CDXGJ6JH237053,rwd,sedan,red,3.0,40800.0
31990,ram,1500crewcabexpresspickup,good,8 cylinders,gas,15498.0,clean,other,3C6RR7KT2HG689972,4wd,pickup,silver,4.0,40500.0
33990,ram,1500crewcabtradesman,good,8 cylinders,gas,17033.0,clean,other,3C6RR7KT7HG794054,4wd,pickup,blue,4.0,37500.0
37900,chevrolet,silverado1500,excellent,8 cylinders,gas,23000.0,clean,automatic,1GCVKREC7JZ106854,4wd,truck,black,3.0,39100.0
32129,gmc,acadia,like new,6 cylinders,gas,42905.0,clean,automatic,1GKKNMLS4LZ114246,fwd,SUV,white,1.0,45000.0
38590,ford,f150supercrewcablariat,good,8 cylinders,other,41804.0,clean,other,1FTEW1EF4FFB55826,4wd,pickup,brown,6.0,48000.0
22995,toyota,highlanderxleawd,excellent,6 cylinders,gas,72886.0,clean,automatic,5TDBKRFHXGS296690,4wd,SUV,grey,5.0,42700.0
16500,honda,odyssey5drexl,excellent,6 cylinders,gas,47500.0,salvage,automatic,5FNRL5H67DB011461,fwd,mini-van,red,8.0,36000.0
3300,jeep,grandcherokeelimited4x4,excellent,8 cylinders,gas,201000.0,clean,automatic,1J4HR48N65C558337,4wd,SUV,silver,16.0,33175.0
22950,gmc,sierra1500,good,8 cylinders,gas,175141.0,clean,automatic,3GTP2WE7XDG152306,4wd,truck,black,8.0,38500.0
29590,ford,expeditionxltsport,good,6 cylinders,gas,70760.0,clean,other,1FMJU1JT1HEA52352,4wd,SUV,blue,4.0,58000.0
22850,dodge,durango,excellent,8 cylinders,gas,80320.0,clean,automatic,1C4SDHCT7DC632693,rwd,SUV,grey,8.0,40500.0
4950,chevrolet,cruzelt,good,4 cylinders,gas,182351.0,clean,automatic,1G1PE5S96B7308544,fwd,sedan,silver,10.0,19695.0
8950,honda,accordsdn,excellent,4 cylinders,gas,140438.0,clean,automatic,1HGCP2F80CA151132,fwd,sedan,grey,9.0,25800.0
29590,ford,expeditionxltsport,good,6 cylinders,gas,70760.0,clean,other,1FMJU1JT1HEA52352,4wd,SUV,blue,4.0,53300.0
17995,cadillac,xlr,excellent,8 cylinders,gas,95109.0,clean,automatic,1G6YV36A565601019,rwd,convertible,red,15.0,72000.0
13800,jeep,grandcherokeelaredo,excellent,6 cylinders,gas,130519.0,clean,automatic,1C4RJFAG6CC133299,4wd,SUV,brown,9.0,41500.0
8999,hyundai,accent,excellent,4 cylinders,gas,67972.0,clean,automatic,KMHCT4AE5EU693777,fwd,sedan,red,7.0,16995.0
26995,audi,q5premiumplusawd,excellent,4 cylinders,gas,68945.0,clean,automatic,WA1L2AFP6HA023722,4wd,SUV,black,4.0,48600.0
7226,dodge,avenger,excellent,4 cylinders,gas,96801.0,clean,automatic,1C3CDZAB1CN141032,fwd,sedan,silver,9.0,20000.0
23900,chevrolet,silverado3500hd,excellent,8 cylinders,gas,142566.0,clean,automatic,1GB3CYCG7FF682378,rwd,truck,white,6.0,33500.0
13991,ford,expedition,good,8 cylinders,gas,109000.0,clean,automatic,1FMJU1J53AEB57417,4wd,wagon,black,11.0,48700.0
41590,infiniti,qx80sportutility4d,good,8 cylinders,gas,32685.0,clean,other,JN8AZ2NF6H9644603,rwd,SUV,black,4.0,68000.0
65995,ford,superdutyf250srw,excellent,8 cylinders,diesel,66000.0,clean,automatic,1FT7W2BT8KEF16175,4wd,pickup,white,2.0,70630.0
37990,toyota,tundradoublecabsr,good,8 cylinders,gas,22870.0,clean,other,5TFUM5F13GX069124,4wd,pickup,black,5.0,45700.0
17995,honda,odyssey,excellent,6 cylinders,gas,140000.0,clean,automatic,5FNRL5H93GB057352,fwd,van,red,5.0,36000.0
8995,subaru,tribeca,excellent,6 cylinders,gas,146484.0,clean,automatic,4S4WX92D294400685,4wd,SUV,grey,12.0,39200.0
9995,nissan,muranos,good,6 cylinders,gas,42947.0,clean,other,JN8AZ18U29W022376,fwd,SUV,brown,12.0,32000.0
2600,ford,focuszx4,good,6 cylinders,gas,139500.0,clean,manual,1FAFP38Z75W136498,fwd,sedan,red,16.0,15150.0
29990,chevrolet,coloradoextendedcab,good,6 cylinders,gas,17302.0,clean,other,1GCHTCE37G1186784,4wd,pickup,red,5.0,36400.0
7995,jeep,grandcherokee,good,8 cylinders,gas,116691.0,clean,manual,1J4HR58276C358550,4wd,SUV,silver,15.0,38000.0
29990,jeep,wranglersportsuv2d,good,6 cylinders,gas,28680.0,clean,other,1C4AJWAG4HL704941,4wd,other,black,4.0,29995.0
20988,chevrolet,equinoxpremier,good,4 cylinders,gas,46081.0,clean,automatic,2GNALDEK1H1567323,fwd,other,white,4.0,30700.0
16995,jeep,wrangler,good,6 cylinders,gas,107780.0,rebuilt,automatic,1J4FA49S16P733638,4wd,SUV,black,15.0,23995.0
29590,chevrolet,blazer2ltsport,good,6 cylinders,gas,20656.0,clean,other,3GNKBCRS0LS647687,fwd,other,silver,1.0,33600.0
18500,jeep,grandcherokee,excellent,6 cylinders,diesel,116786.0,clean,automatic,1C4RJFJM4EC378739,4wd,SUV,white,7.0,60500.0
9975,jeep,compass,excellent,4 cylinders,gas,89491.0,clean,automatic,1C4NJDEB0ED500941,4wd,SUV,red,7.0,24500.0
14999,ford,flexse,excellent,6 cylinders,gas,56150.0,clean,automatic,2FMGK5B80FBA01175,fwd,SUV,blue,6.0,30995.0
26590,acura,rdxsportutility4d,good,6 cylinders,gas,15624.0,clean,other,5J8TB3H34JL013875,fwd,other,white,3.0,36000.0
38990,ford,mustanggtpremiumcoupe2d,good,8 cylinders,gas,7653.0,clean,other,1FA6P8CF9L5130067,rwd,coupe,white,1.0,42500.0
14500,ford,f150,good,8 cylinders,gas,71911.0,clean,automatic,1FTPX12535NA53410,rwd,truck,red,16.0,28900.0
1000,chevrolet,malibu,like new,4 cylinders,gas,39000.0,clean,automatic,1G1ZD5ST7JF229718,fwd,sedan,grey,3.0,23500.0
14950,ford,explorerxlt4wd,excellent,6 cylinders,gas,129165.0,clean,automatic,1FM5K8D87DGC15284,4wd,SUV,grey,8.0,35800.0
3950,ford,taurus,good,6 cylinders,gas,84476.0,clean,automatic,1FAFP53204A193255,fwd,sedan,brown,17.0,17310.0
15990,audi,q5,good,6 cylinders,gas,128900.0,clean,automatic,WA1DGAFP7FA017494,4wd,SUV,brown,6.0,49500.0
37990,ram,1500crewcabbighorn,good,8 cylinders,gas,26610.0,clean,automatic,3C6RR7LTXJG197145,4wd,pickup,blue,3.0,38800.0
11495,hyundai,elantra,excellent,4 cylinders,gas,93208.0,clean,automatic,5NPD74LF6HH090130,fwd,sedan,red,4.0,18900.0
25990,chevrolet,silverado1500regular,good,8 cylinders,other,82140.0,clean,automatic,1GCNKREC1EZ373672,4wd,pickup,black,7.0,38500.0
29590,ford,expeditionxltsport,good,6 cylinders,gas,70760.0,clean,other,1FMJU1JT1HEA52352,4wd,SUV,blue,4.0,52000.0
23300,jeep,wranglerunlimited,excellent,6 cylinders,gas,54985.0,rebuilt,automatic,1C4BJWDG4FL671047,4wd,SUV,green,6.0,28500.0
12475,chevrolet,malibulimited,excellent,4 cylinders,gas,23010.0,clean,automatic,1G11B5SA8GU103728,fwd,sedan,grey,5.0,22800.0
26388,ram,1500express,good,8 cylinders,gas,88488.0,clean,automatic,3C6RR6KT9GG382601,rwd,pickup,white,5.0,33500.0
6499,nissan,leaf,excellent,other,electric,83477.0,clean,automatic,1N4AZ0CP1DC416667,fwd,hatchback,blue,8.0,29900.0
38590,ram,1500crewcabbighorn,good,6 cylinders,gas,28556.0,clean,other,1C6RRFFGXKN695394,4wd,pickup,white,2.0,42125.0
6700,chrysler,200,excellent,6 cylinders,gas,122448.0,clean,automatic,1C3CCBBG5DN659070,fwd,sedan,white,8.0,21000.0
37990,toyota,tundradoublecabsr,good,8 cylinders,gas,22870.0,clean,other,5TFUM5F13GX069124,4wd,pickup,black,5.0,45500.0
36990,gmc,sierra2500hddoublecab,good,8 cylinders,gas,23190.0,clean,other,1GT22REG1GZ401351,4wd,pickup,black,5.0,40000.0
34995,toyota,tacomatrdpro,excellent,6 cylinders,gas,53692.0,clean,automatic,5TFLU4EN5FX141269,4wd,truck,white,6.0,35900.0
5500,dodge,dart,excellent,4 cylinders,gas,70000.0,salvage,manual,1C3CDFCB6DD325336,fwd,sedan,black,8.0,18500.0
7488,toyota,camry,good,4 cylinders,gas,154543.0,clean,automatic,4T1BF3EK5AU543501,fwd,sedan,white,11.0,223000.0
14500,chevrolet,cruze,like new,4 cylinders,gas,39343.0,clean,automatic,1G1BC5SM8K7141074,fwd,sedan,black,2.0,20200.0
17950,chevrolet,silverado1500,excellent,8 cylinders,gas,181367.0,clean,automatic,3GCPCREC6EG366660,rwd,pickup,silver,7.0,36700.0
5991,ford,fusionsel,excellent,4 cylinders,gas,82202.0,clean,automatic,3FAHP08Z87R211156,fwd,sedan,custom,14.0,21575.0
25990,chevrolet,camaroltcoupe2d,good,6 cylinders,gas,21938.0,clean,other,1G1FB1RS0L0113491,rwd,coupe,green,1.0,26100.0
8599,volkswagen,passat,excellent,5 cylinders,gas,100011.0,clean,automatic,1VWBH7A35CC096453,fwd,sedan,silver,9.0,26500.0
33990,gmc,sierra1500doublecabsle,good,6 cylinders,gas,24299.0,clean,other,1GTV2MEHXJZ346690,4wd,pickup,white,3.0,39900.0
13995,ford,escape4x4,like new,4 cylinders,gas,41536.0,clean,automatic,1FMCU9GX7DUD04459,4wd,SUV,blue,8.0,26775.0
7950,ford,focus,excellent,4 cylinders,gas,73976.0,clean,automatic,1FADP3K22DL356148,fwd,hatchback,silver,8.0,19500.0
9999,chevrolet,cruzeltz,excellent,4 cylinders,gas,54693.0,clean,automatic,1G1PH5SC4C7273930,fwd,sedan,red,9.0,19800.0
3000,ford,focus,like new,4 cylinders,gas,170000.0,clean,automatic,1FAHP35N18W185940,fwd,sedan,blue,13.0,15770.0
28000,chevrolet,sssedan,good,8 cylinders,gas,75129.0,rebuilt,automatic,6G3F15RW0FL107331,rwd,sedan,black,6.0,38900.0
36995,mercedes-benz,cclass,like new,4 cylinders,gas,33151.0,clean,automatic,55SWF6EB8GU154486,4wd,sedan,white,5.0,64000.0
17590,acura,rdxsportutility4d,good,6 cylinders,gas,80556.0,clean,automatic,5J8TB3H30FL002931,fwd,SUV,brown,6.0,38500.0
6995,honda,odysseyexl,good,6 cylinders,gas,123000.0,clean,automatic,5FNRL38607B442099,fwd,van,silver,14.0,29850.0
32995,chevrolet,corvette,good,8 cylinders,gas,39228.0,clean,automatic,1G1YE3DW7C5100973,rwd,convertible,white,9.0,50000.0
13488,chevrolet,silverado1500,excellent,8 cylinders,gas,219311.0,clean,automatic,1GCPKSE75CF158930,4wd,truck,white,9.0,38500.0
2500,dodge,calibersxt,good,4 cylinders,gas,204159.0,clean,automatic,1B3HB48B68D580967,fwd,wagon,white,13.0,19500.0
9995,jeep,patriot,good,6 cylinders,gas,72617.0,clean,automatic,1C4NJRFB6FD408620,fwd,SUV,black,6.0,24795.0
15499,gmc,yukonxldenali,excellent,8 cylinders,gas,128394.0,clean,automatic,1GKUKMEFXAR216875,4wd,SUV,white,11.0,67480.0
8499,chevrolet,malibu,excellent,4 cylinders,gas,153247.0,clean,automatic,1G11E5SA2DF311255,fwd,sedan,brown,8.0,23500.0
14499,chevrolet,suburban,excellent,8 cylinders,gas,164769.0,clean,automatic,1GNSKJE74CR181044,4wd,SUV,silver,9.0,52000.0
16995,toyota,rav4,like new,4 cylinders,gas,93487.0,clean,automatic,JTMRFREV8ED094580,4wd,SUV,white,7.0,28000.0
4395,chevrolet,impala,good,6 cylinders,gas,151172.0,clean,automatic,2G1WF52E639391852,fwd,sedan,black,18.0,20290.0
30900,chevrolet,silverado1500,excellent,8 cylinders,gas,113000.0,clean,automatic,3GCUKREC2FG287865,4wd,truck,red,6.0,39200.0
42900,ford,superdutyf250srw,excellent,8 cylinders,diesel,145000.0,clean,automatic,1FT7W2BT2DEB73222,4wd,truck,black,8.0,62000.0
44990,ram,5500,good,6 cylinders,diesel,80733.0,clean,automatic,3C7WRNFL3FG705901,4wd,truck,white,6.0,55000.0
22990,acura,tlx35sedan4d,good,6 cylinders,gas,52498.0,clean,automatic,19UUB2F35JA004194,fwd,sedan,white,3.0,33500.0
12988,volkswagen,passat,excellent,4 cylinders,gas,71779.0,clean,automatic,1VWCN7A35DC032802,fwd,sedan,blue,8.0,30000.0
29990,chevrolet,coloradocrewcabwork,good,6 cylinders,gas,11401.0,clean,other,1GCGTBEN7J1162712,4wd,pickup,red,3.0,33100.0
7995,kia,rio,good,4 cylinders,gas,63583.0,clean,automatic,KNADM4A33D6278414,fwd,sedan,black,8.0,14900.0
34990,jeep,grandcherokeetrailhawk,good,6 cylinders,gas,37509.0,clean,other,1C4RJFLG1JC138453,4wd,other,black,3.0,44995.0
28488,chevrolet,silverado1500ltz,good,8 cylinders,gas,121881.0,clean,automatic,3GCPCSECXFG402150,rwd,pickup,grey,6.0,38800.0
5998,ford,fiestase,like new,4 cylinders,gas,89687.0,clean,automatic,3FADP4BJXEM202297,fwd,sedan,blue,7.0,15500.0
8500,mini,cooperconvertible,excellent,4 cylinders,gas,44648.0,clean,automatic,WMWRH33587TL95270,fwd,convertible,blue,14.0,24000.0
10500,ford,mustang,excellent,8 cylinders,gas,125045.0,clean,automatic,1ZVHT85H965131959,rwd,convertible,red,15.0,31000.0
21624,audi,q5,good,6 cylinders,gas,108601.0,clean,automatic,WA1D7AFP4GA014571,4wd,SUV,custom,5.0,58000.0
10999,acura,mdxshawd,excellent,6 cylinders,gas,161000.0,clean,automatic,2HNYD2H23BH530206,4wd,SUV,black,10.0,42980.0
6700,ford,edge,good,6 cylinders,gas,162290.0,clean,automatic,2FMDK4GC7DBE26755,4wd,sedan,silver,8.0,28500.0
13750,cadillac,escaladeesv,excellent,8 cylinders,gas,155000.0,clean,automatic,1GYFK66887R345264,4wd,SUV,white,14.0,70780.0
9995,cadillac,escalade,excellent,8 cylinders,gas,214053.0,clean,automatic,1GYFK63867R333957,4wd,SUV,white,14.0,62000.0
39990,ford,mustanggtcoupe2d,good,8 cylinders,gas,549.0,clean,other,1FA6P8CFXL5174241,rwd,coupe,blue,1.0,43000.0
11000,subaru,foresterpremium,good,4 cylinders,gas,110866.0,clean,automatic,JF2SHADC3BH778620,4wd,SUV,blue,10.0,24495.0
35900,rover,sport,excellent,6 cylinders,gas,65918.0,clean,automatic,SALWG2VF2FA541335,4wd,SUV,black,6.0,74700.0
7995,toyota,prius,like new,4 cylinders,hybrid,138750.0,clean,automatic,JTDKN3DUXD5548413,fwd,hatchback,white,8.0,24500.0
32700,ford,transit,like new,6 cylinders,gas,13646.0,clean,automatic,1FTYR1ZM3KKA71124,rwd,van,white,2.0,36600.0
25995,mazda,cx5,like new,4 cylinders,gas,30040.0,clean,automatic,JM3KFBDL0H0217350,4wd,SUV,red,4.0,30500.0
24995,mercedes-benz,sclass,good,8 cylinders,gas,69847.0,clean,automatic,WDDNG9EB3CA425247,4wd,sedan,blue,9.0,101600.0
6999,jeep,grandcherokee,excellent,6 cylinders,gas,209811.0,clean,automatic,1J8GR48K89C531677,4wd,SUV,silver,12.0,35000.0
38995,gmc,yukon,excellent,8 cylinders,gas,82459.0,clean,automatic,1GKS1CKJ3GR272467,rwd,SUV,black,5.0,74900.0
13488,buick,encoreleather,like new,4 cylinders,gas,89101.0,clean,automatic,KL4CJGSB1EB619424,4wd,SUV,grey,7.0,31600.0
23900,ford,f2504wdoneownerverycleantruck,excellent,8 cylinders,gas,163677.0,clean,automatic,1FT7W2B63GEC39792,4wd,truck,white,5.0,45500.0
35590,ram,1500crewcabbighorn,good,6 cylinders,other,22805.0,clean,other,1C6RR7LG2JS220638,4wd,pickup,black,3.0,40500.0
9995,chevrolet,cruzelimited,good,4 cylinders,gas,66000.0,clean,automatic,1G1PE5SB5G7190142,fwd,sedan,silver,5.0,19600.0
33590,chevrolet,silverado1500double,good,6 cylinders,other,15591.0,clean,other,1GCRYAEH3LZ179610,4wd,pickup,white,1.0,36300.0
30990,toyota,siennalminivan4d,good,6 cylinders,gas,4015.0,clean,other,5TDZZ3DC2JS906927,fwd,van,silver,3.0,31300.0
9995,chrysler,crossfire,excellent,6 cylinders,gas,47000.0,clean,automatic,1C3AN69L44X024390,rwd,coupe,black,17.0,24500.0
36590,chevrolet,silverado1500double,good,8 cylinders,gas,13146.0,clean,other,1GCVKREC5HZ247187,4wd,pickup,red,4.0,38500.0
26990,lexus,es350sedan4d,good,6 cylinders,gas,20583.0,clean,other,58ABK1GG7GU033791,fwd,sedan,black,5.0,38000.0
35590,dodge,challengersrt8coupe2d,good,8 cylinders,gas,16796.0,clean,other,2B3CJ7DJ7BH589702,rwd,coupe,green,10.0,43500.0
9499,gmc,terrain,excellent,4 cylinders,gas,115264.0,clean,automatic,2CTALDEW7A6279010,fwd,SUV,silver,11.0,25390.0
6450,lexus,rx400h,good,6 cylinders,gas,172500.0,clean,automatic,JTJHW31U872031495,4wd,SUV,green,14.0,45000.0
29590,ford,expeditionxltsport,good,6 cylinders,gas,70760.0,clean,other,1FMJU1JT1HEA52352,4wd,SUV,blue,4.0,52330.0
17800,buick,encorepreferred,excellent,4 cylinders,gas,42232.0,clean,automatic,KL4CJASB4JB512553,fwd,SUV,red,3.0,28900.0
35590,ram,1500crewcabbighorn,good,6 cylinders,other,22805.0,clean,other,1C6RR7LG2JS220638,4wd,pickup,black,3.0,38500.0
14838,hyundai,elantrasel,good,4 cylinders,gas,72963.0,clean,automatic,5NPD84LF6JH298821,fwd,sedan,blue,3.0,19500.0
10900,ford,f2504wd1ownercleancheaptruck,excellent,8 cylinders,gas,235861.0,clean,automatic,1FT7X2B67BEC96826,4wd,truck,red,10.0,40000.0
10970,chevrolet,malibuls,excellent,4 cylinders,gas,67459.0,clean,automatic,1G11B5SL7FF225615,fwd,sedan,blue,6.0,22100.0
38590,chevrolet,corvettegrandsport,good,8 cylinders,gas,32086.0,clean,automatic,1G1YW3DW4C5101754,rwd,convertible,white,9.0,59900.0
36990,gmc,sierra1500doublecabsle,good,8 cylinders,gas,23424.0,clean,other,2GTV2MECXJ1106083,4wd,pickup,black,3.0,38500.0
9000,mazda,miatamx5,excellent,4 cylinders,gas,56700.0,clean,automatic,JM1NC25F570128735,rwd,convertible,white,13.0,24990.0
39590,ford,mustanggtpremiumcoupe2d,good,8 cylinders,gas,1419.0,clean,other,1FA6P8CF5L5136223,rwd,coupe,white,1.0,42600.0
4975,chevrolet,hhrlspanel4drwagon,excellent,4 cylinders,gas,132098.0,clean,automatic,3GCDA85D68S645586,fwd,wagon,silver,13.0,20050.0
8000,nissan,murano,excellent,6 cylinders,gas,68000.0,clean,automatic,JN8AZ18U39W008891,fwd,SUV,silver,12.0,29400.0
41995,infiniti,qx80,good,8 cylinders,gas,63994.0,clean,automatic,JN8AZ2NE1H9153587,4wd,SUV,custom,4.0,65700.0
7495,jeep,liberty,good,6 cylinders,gas,125816.0,clean,automatic,1J4PN5GK1AW103909,4wd,SUV,black,11.0,32500.0
13500,jeep,grandcherokeeoverland4wd,excellent,8 cylinders,gas,157567.0,clean,automatic,1C4RJFCT1CC202815,4wd,SUV,blue,9.0,48500.0
28459,jeep,grandcherokee,excellent,6 cylinders,gas,77270.0,clean,automatic,1C4RJFJG1GC373706,4wd,SUV,red,5.0,52790.0
17995,kia,fortelxs,excellent,4 cylinders,gas,55809.0,clean,automatic,3KPF24AD4KE070799,fwd,sedan,white,2.0,18500.0
3992,buick,lucerne,excellent,8 cylinders,gas,163011.0,clean,automatic,1G4HE57Y46U146850,fwd,sedan,blue,15.0,38500.0
5000,ford,escape,good,6 cylinders,gas,190100.0,clean,automatic,1FMCU93G89KB35013,4wd,SUV,white,12.0,25300.0
20312,chevrolet,malibult,like new,4 cylinders,gas,35803.0,clean,automatic,1G1ZD5ST2LF017277,fwd,sedan,black,1.0,23395.0
10800,dodge,journeysxtawd,excellent,6 cylinders,gas,100740.0,clean,automatic,3C4PDDBG5DT620064,4wd,SUV,white,3.0,26500.0
6500,subaru,legacy25ipremium,excellent,4 cylinders,gas,232100.0,clean,automatic,4S3BNAC62F3038062,4wd,sedan,custom,6.0,25000.0
33990,ford,superdutyf550drw,good,8 cylinders,diesel,136250.0,clean,automatic,1FDUF5HT3EEB73528,4wd,truck,white,7.0,57000.0
37995,ram,1500,good,6 cylinders,gas,91099.0,clean,automatic,1C6RR7NM8GS230411,4wd,truck,white,5.0,52000.0
25990,chevrolet,silverado1500regular,good,8 cylinders,other,82140.0,clean,automatic,1GCNKREC1EZ373672,4wd,pickup,black,7.0,36500.0
29990,toyota,fjcruisersportutility,good,6 cylinders,gas,103360.0,clean,other,JTEBU4BF3CK145026,4wd,other,white,9.0,30000.0
9995,subaru,forester25ipremium,excellent,4 cylinders,gas,87405.0,clean,automatic,JF2SH64619H726775,4wd,SUV,blue,12.0,26495.0
33999,jeep,wranglerunlimitedsahara,good,6 cylinders,gas,41454.0,clean,automatic,1C4HJWEG4HL601799,4wd,other,silver,4.0,38500.0
11995,chevrolet,suburban,good,8 cylinders,gas,124390.0,clean,automatic,1GNFK16387J245085,4wd,SUV,grey,14.0,47160.0
11995,gmc,acadia,good,6 cylinders,gas,103125.0,clean,automatic,1GKKVRED9CJ321547,4wd,SUV,silver,9.0,37140.0
5700,hyundai,santafeseawd,excellent,6 cylinders,gas,136000.0,clean,automatic,5NMSH73E07H059951,4wd,SUV,blue,14.0,25400.0
14000,toyota,tacomaprerunnerv6,excellent,6 cylinders,gas,139000.0,clean,automatic,5TEKU72N95Z006806,rwd,pickup,silver,16.0,20200.0
25595,chevrolet,traversels,good,6 cylinders,gas,29458.0,clean,automatic,1GNERFKW2JJ158083,fwd,hatchback,silver,3.0,31300.0
6995,subaru,legacy,good,4 cylinders,gas,104000.0,clean,manual,4S3BMAA64B1216923,4wd,sedan,black,10.0,19000.0
11950,gmc,sierra1500,excellent,8 cylinders,gas,166763.0,clean,automatic,3GTRKVE35AG175987,4wd,truck,black,11.0,33500.0
41590,buick,enclaveavenirsport,good,6 cylinders,gas,29010.0,clean,other,5GAERDKWXLJ231184,fwd,SUV,red,1.0,48000.0
36990,cadillac,xt5premiumluxury,good,6 cylinders,gas,23998.0,clean,other,1GYKNCRS9LZ194120,fwd,other,black,1.0,64940.0
26990,acura,rdxtechnologyand,good,6 cylinders,gas,30386.0,clean,other,5J8TB3H59JL009998,fwd,other,silver,3.0,40000.0
46950,ram,2500laramiemegacab,excellent,6 cylinders,diesel,90971.0,clean,automatic,3C6UD5PL0CG330845,4wd,truck,black,9.0,54350.0
41788,ford,f150xlt,like new,8 cylinders,gas,63856.0,clean,automatic,1FTEW1EFXHKE54506,4wd,truck,red,4.0,45300.0
11500,hyundai,sonata,excellent,4 cylinders,gas,80537.0,clean,automatic,5NPE24AF4GH286295,fwd,sedan,black,4.0,23500.0
20495,nissan,maxima,good,6 cylinders,gas,87208.0,clean,automatic,1N4AA6AP9HC410327,rwd,sedan,white,4.0,33500.0
28250,lexus,es,excellent,6 cylinders,gas,35632.0,clean,automatic,58ABK1GG0HU064561,fwd,sedan,black,4.0,38900.0
38990,infiniti,qx60luxesportutility,good,6 cylinders,gas,5279.0,clean,other,5N1DL0MN9LC508268,fwd,other,black,1.0,44400.0
32900,mercedes-benz,cclass,excellent,4 cylinders,gas,34981.0,clean,automatic,WDDWJ4JB9HF406937,rwd,coupe,white,4.0,43000.0
12999,gmc,terrain,excellent,4 cylinders,gas,86478.0,clean,automatic,2GKALMEK0D6200861,fwd,SUV,black,8.0,26885.0
17788,hyundai,tucsonsel,good,4 cylinders,gas,68517.0,clean,automatic,KM8J33A40JU696198,fwd,other,black,3.0,25000.0
6995,honda,odysseyexlwdvdwnavi,like new,6 cylinders,gas,212704.0,clean,automatic,5FNRL3H79AB096330,fwd,van,brown,11.0,28900.0
30900,subaru,outback,excellent,4 cylinders,gas,18591.0,clean,automatic,4S4BTANC1L3194075,4wd,wagon,white,1.0,38500.0
46990,chevrolet,corvettestingray,good,8 cylinders,gas,16966.0,clean,other,1G1YA3D74E5119018,rwd,other,white,7.0,55995.0
25000,toyota,4runnertrailpremium,excellent,6 cylinders,gas,169500.0,clean,automatic,JTEBU5JR8G5299074,4wd,SUV,red,5.0,35800.0
14945,buick,enclave,excellent,6 cylinders,gas,124034.0,clean,automatic,5GAKRDKD5DJ165646,fwd,SUV,black,8.0,48200.0
11999,gmc,acadia,excellent,6 cylinders,gas,82508.0,clean,automatic,1GKKRNED0BJ160405,fwd,SUV,silver,10.0,33610.0
14000,toyota,tundrasr5doublecab,excellent,8 cylinders,gas,164350.0,clean,automatic,5TFRY5F13AX078942,rwd,truck,white,11.0,36300.0
37590,dodge,chargerrtsedan4d,good,8 cylinders,gas,7762.0,clean,other,2C3CDXCT7LH153799,rwd,sedan,purple,1.0,38500.0
19988,honda,crv,like new,4 cylinders,gas,17.0,clean,automatic,2HKRM4H34DH643493,4wd,SUV,grey,8.0,23950.0
41990,ford,mustanggtcoupe2d,good,8 cylinders,gas,561.0,clean,other,1FA6P8CFXL5169606,rwd,coupe,white,1.0,42500.0
14495,jeep,wrangler,good,6 cylinders,gas,113573.0,clean,other,1J4FA24198L514729,4wd,SUV,grey,13.0,23800.0
20900,chevrolet,corvette,good,8 cylinders,gas,49446.0,clean,manual,1G1YY32G635129822,fwd,convertible,black,18.0,48500.0
10500,ford,f150pickup,good,8 cylinders,gas,103500.0,clean,automatic,1FTPX14V27FA23664,4wd,pickup,silver,14.0,32500.0
34590,chevrolet,silverado1500double,good,6 cylinders,gas,29499.0,clean,other,1GCVKREH6GZ228691,4wd,pickup,silver,5.0,38500.0
27590,acura,tlx35sedan4d,good,6 cylinders,gas,14448.0,clean,other,19UUB2F32KA009595,fwd,sedan,white,2.0,36500.0
4900,honda,accord,excellent,4 cylinders,gas,130000.0,clean,automatic,JHMCM561X7C009858,fwd,sedan,silver,14.0,22000.0
36990,gmc,sierra2500hddoublecab,good,8 cylinders,gas,23190.0,clean,other,1GT22REG1GZ401351,4wd,pickup,black,5.0,46900.0
17999,jeep,wrangler,good,6 cylinders,gas,149998.0,clean,other,1C4AJWAG2DL591761,4wd,SUV,green,8.0,29000.0
18990,subaru,outback25ilimited,excellent,4 cylinders,gas,80020.0,clean,automatic,4S4BSBNC9G3337658,4wd,SUV,black,5.0,33995.0
14990,mercedes-benz,sclass,excellent,8 cylinders,gas,38698.0,clean,automatic,WDBNG75J16A465917,rwd,sedan,grey,15.0,84600.0
38990,chevrolet,corvettegrandsport,good,8 cylinders,gas,51525.0,clean,other,1G1YW3DW6D5106133,rwd,other,red,8.0,59700.0
35990,dodge,challengerrtcoupe2d,good,8 cylinders,gas,1548.0,clean,other,2C3CDZBT9LH119053,rwd,coupe,black,1.0,36400.0
32995,infiniti,qx60,excellent,6 cylinders,gas,27306.0,clean,automatic,5N1DL0MM7LC509894,4wd,SUV,grey,1.0,48650.0
24995,toyota,rav4xleawd,like new,4 cylinders,gas,35081.0,clean,automatic,2T3P1RFV4KW031656,4wd,SUV,black,2.0,33500.0
33990,gmc,sierra1500doublecabsle,good,6 cylinders,gas,24299.0,clean,other,1GTV2MEHXJZ346690,4wd,pickup,white,3.0,39200.0
13495,ford,mustang,excellent,8 cylinders,gas,101314.0,clean,automatic,1ZVHT82H385180226,rwd,coupe,red,13.0,28800.0
19900,hyundai,sonata,good,4 cylinders,gas,21872.0,clean,automatic,5NPE34AF0KH789800,fwd,sedan,white,2.0,24700.0
12100,subaru,outbackpremium,good,4 cylinders,gas,123386.0,clean,automatic,4S4BRCCC1D3246366,4wd,wagon,white,8.0,26800.0
22900,gmc,sierra2500,excellent,8 cylinders,gas,177406.0,clean,automatic,1GT11XEG8FF162660,rwd,pickup,white,6.0,34800.0
13999,audi,a630tquattro,excellent,6 cylinders,gas,101617.0,clean,automatic,WAUBGAFC3CN006004,4wd,sedan,black,9.0,60000.0
16998,dodge,challengerrt,excellent,8 cylinders,gas,79209.0,salvage,manual,2C3CDYBT9DH548723,rwd,coupe,white,8.0,30600.0
9499,hyundai,azera,excellent,6 cylinders,gas,121000.0,clean,automatic,KMHFH4JG2DA214537,fwd,sedan,red,8.0,35000.0
18999,cadillac,srx,excellent,6 cylinders,gas,69154.0,clean,automatic,3GYFNFE37FS518216,4wd,SUV,black,6.0,45100.0
3988,chevrolet,tahoe,good,8 cylinders,gas,300000.0,clean,automatic,1GNEK13Z12J132737,4wd,SUV,red,19.0,39400.0
4495,chrysler,pacifica,good,6 cylinders,gas,128373.0,clean,automatic,2A8GF78486R882622,4wd,SUV,brown,15.0,36300.0
12695,toyota,prius,excellent,4 cylinders,gas,99554.0,clean,automatic,JTDKBRFU8G3006977,fwd,hatchback,black,5.0,24500.0
21995,chevrolet,silverado1500ltz,good,8 cylinders,gas,147683.0,clean,automatic,3GCPKTE78DG179180,4wd,truck,grey,8.0,38500.0
34990,jeep,grandcherokeetrailhawk,good,6 cylinders,gas,37509.0,clean,other,1C4RJFLG1JC138453,4wd,other,black,3.0,44100.0
8695,honda,odyssey,good,6 cylinders,gas,189621.0,clean,automatic,5FNRL5H9XBB073685,fwd,van,black,10.0,42500.0
14000,ford,mustang,like new,8 cylinders,gas,25382.0,clean,automatic,1FAFP45X73F424172,rwd,convertible,white,18.0,30500.0
30590,lexus,gx460sportutility4d,good,8 cylinders,gas,70376.0,clean,automatic,JTJBM7FX2E5073310,4wd,SUV,silver,7.0,61310.0
4981,dodge,avengerlux,good,6 cylinders,gas,149675.0,clean,automatic,1B3BD2FG8BN508947,fwd,sedan,red,10.0,23900.0
9995,ford,fiesta,excellent,4 cylinders,gas,53129.0,clean,automatic,3FADP4BJ0BM197025,fwd,sedan,white,10.0,15500.0
6495,nissan,rogue,good,4 cylinders,gas,133324.0,clean,automatic,JN8AS5MT4CW281418,fwd,SUV,grey,9.0,22800.0
34395,ford,f150,excellent,8 cylinders,gas,15174.0,clean,automatic,1FTMF1C55KKE18879,rwd,pickup,white,2.0,41735.0
22900,toyota,tacoma,excellent,6 cylinders,gas,116990.0,clean,automatic,5TFUU4EN3DX056464,fwd,pickup,white,8.0,34500.0
10900,lincoln,mks,good,4 cylinders,gas,137606.0,clean,automatic,1LNHL9FT0FG600027,4wd,sedan,custom,6.0,48680.0
18250,bmw,335isport,excellent,6 cylinders,gas,89900.0,clean,automatic,WBA3A9G51DNP36712,rwd,sedan,white,8.0,38900.0
15000,chevrolet,expressg1500,excellent,8 cylinders,gas,67776.0,clean,automatic,1GNSGBF44D1190306,rwd,van,black,8.0,32100.0
7999,subaru,imprezaawd,excellent,4 cylinders,gas,145741.0,rebuilt,automatic,4S3GTAD64J3700405,4wd,hatchback,white,3.0,24600.0
12495,ford,fusion,like new,4 cylinders,gas,85497.0,clean,automatic,3FA6P0K90GR124223,fwd,sedan,custom,5.0,33500.0
7900,nissan,sentra,excellent,4 cylinders,gas,0.0,clean,automatic,3N1AB7AP3FY280100,fwd,sedan,silver,6.0,16500.0
8915,chrysler,200,excellent,4 cylinders,gas,143876.0,clean,automatic,1C3CCCAB6FN711207,fwd,sedan,brown,6.0,20000.0
33990,ram,1500crewcabtradesman,good,8 cylinders,gas,17033.0,clean,other,3C6RR7KT7HG794054,4wd,pickup,blue,4.0,39990.0
18000,ford,f250superduty,excellent,8 cylinders,gas,152661.0,clean,automatic,1FT7X2B6XDEA92850,4wd,truck,white,8.0,40500.0
8199,chevrolet,traverseltawd,good,6 cylinders,gas,141490.0,clean,automatic,1GNKVGED2BJ163249,4wd,SUV,grey,10.0,35995.0
29590,ford,expeditionxltsport,good,6 cylinders,gas,70760.0,clean,other,1FMJU1JT1HEA52352,4wd,SUV,blue,4.0,60530.0
18980,jeep,grandcherokeelimited,excellent,6 cylinders,gas,147770.0,clean,automatic,1C4RJEBG0FC693817,rwd,SUV,grey,6.0,39000.0
11595,nissan,altimas,excellent,4 cylinders,gas,112135.0,clean,automatic,1N4AL3AP7FN398642,fwd,sedan,silver,6.0,23600.0
13995,hyundai,sonata,excellent,4 cylinders,gas,53450.0,clean,automatic,5NPE24AF0FH080017,fwd,sedan,grey,6.0,22700.0
35590,gmc,sierra1500doublecabsle,good,6 cylinders,gas,22299.0,clean,automatic,1GTV2MEH3JZ364674,4wd,pickup,silver,3.0,38000.0
3800,toyota,prius,good,5 cylinders,hybrid,212000.0,clean,automatic,JTDKB20U663137548,fwd,hatchback,silver,15.0,23900.0
1900,ford,taurusse,good,6 cylinders,gas,137500.0,clean,automatic,1FAFP53U17A211798,fwd,sedan,grey,14.0,24325.0
8997,ford,mustang,excellent,6 cylinders,gas,175814.0,clean,automatic,1ZVBP8AN2A5101880,rwd,coupe,red,11.0,22500.0
24900,jeep,compasstrailhawk,excellent,4 cylinders,gas,40260.0,clean,automatic,3C4NJDDB8KT821875,4wd,SUV,silver,2.0,31400.0
32990,jeep,wranglerunlimitedsport,good,6 cylinders,gas,30041.0,clean,other,1C4BJWDG5HL705371,4wd,other,silver,4.0,35800.0
36900,chevrolet,suburban,excellent,8 cylinders,gas,78899.0,clean,automatic,1GNSKKKC1FR182664,4wd,SUV,grey,6.0,65000.0
11900,gmc,sierra2500hd,good,8 cylinders,gas,106100.0,clean,automatic,1GDHC24U96E185028,rwd,truck,green,15.0,28300.0
16988,ram,promastercitycargovan,good,4 cylinders,gas,89068.0,clean,automatic,ZFBERFAB1H6D84092,fwd,van,white,4.0,24000.0
38590,chevrolet,corvettegrandsport,good,8 cylinders,gas,30237.0,clean,other,1G1YR3DW3B5102190,rwd,other,red,10.0,54900.0
5000,jeep,commander,good,8 cylinders,gas,195000.0,clean,automatic,1J8HG48N56C313714,4wd,SUV,green,15.0,33500.0
14995,toyota,tacoma,excellent,6 cylinders,gas,134060.0,clean,other,5TEUU42N98Z476510,4wd,truck,blue,13.0,29000.0
5695,hyundai,sonata,like new,4 cylinders,gas,135000.0,clean,manual,5NPEB4AC3BH066676,fwd,sedan,white,10.0,19700.0
28590,chevrolet,blazer2ltsport,good,6 cylinders,gas,23252.0,clean,other,3GNKBCRS6LS618954,fwd,other,silver,1.0,33500.0
30990,lexus,rx350sportutility4d,good,6 cylinders,other,27130.0,clean,other,2T2ZZMCA0HC058521,fwd,SUV,white,4.0,43000.0
14498,ford,explorer,good,6 cylinders,gas,97249.0,clean,automatic,1FM5K8D85DGA23796,4wd,SUV,grey,8.0,35800.0
17590,acura,tlspecialeditionsedan,good,6 cylinders,gas,67448.0,clean,automatic,19UUA8F34DA018016,fwd,sedan,silver,8.0,38200.0
44990,chevrolet,corvettestingrayz51,good,8 cylinders,gas,33566.0,clean,other,1G1YM2D74E5124558,rwd,coupe,white,7.0,65700.0
21650,chrysler,300limited,like new,6 cylinders,gas,45224.0,clean,automatic,2C3CCAEG8JH140251,rwd,sedan,grey,3.0,36000.0
37990,jeep,wranglerunlimitedsport,good,6 cylinders,gas,21020.0,clean,other,1C4HJXDG8KW551602,4wd,other,black,2.0,38500.0
21990,nissan,maxima,good,6 cylinders,gas,25500.0,clean,automatic,1N4AA6AP8JC395115,fwd,sedan,white,3.0,33990.0
27801,toyota,highlander,good,6 cylinders,gas,58519.0,clean,automatic,5TDZZRFH7HS202356,fwd,SUV,black,4.0,34800.0
46900,chevrolet,silverado3500hd,excellent,8 cylinders,diesel,138000.0,clean,automatic,1GC4K0E86FF139095,4wd,truck,red,6.0,61000.0
36990,toyota,4runnersr5sportutility,good,6 cylinders,gas,33909.0,clean,other,JTEBU5JR6K5679412,4wd,other,black,2.0,40500.0
35999,chevrolet,camaro,excellent,8 cylinders,gas,51699.0,clean,automatic,1G1FF1R79J0123630,rwd,coupe,grey,3.0,38995.0
27990,gmc,sierra2500hdextendedcab,good,8 cylinders,gas,68696.0,clean,other,1GT220CG8CZ231238,4wd,pickup,black,9.0,43400.0
36590,buick,enclaveessencesport,good,6 cylinders,gas,3993.0,clean,other,5GAERBKW4LJ317921,fwd,other,white,1.0,39800.0
29990,ford,mustanggtcoupe2d,good,8 cylinders,gas,14113.0,clean,other,1FA6P8CF6H5239545,rwd,coupe,red,4.0,35995.0
6250,honda,odyssey,excellent,6 cylinders,gas,150040.0,clean,automatic,5FNRL3H71AB006698,fwd,mini-van,silver,11.0,36830.0
8400,buick,enclave,excellent,6 cylinders,gas,165420.0,clean,automatic,5GALVCED2AJ201391,4wd,SUV,custom,11.0,39200.0
44990,chevrolet,corvettestingray,good,8 cylinders,gas,22973.0,clean,other,1G1YF2D7XE5108892,rwd,coupe,black,7.0,64900.0
15995,jeep,cherokeelatitude,good,4 cylinders,gas,76936.0,clean,automatic,1C4PJMCB4GW202489,4wd,SUV,white,5.0,30900.0
12495,toyota,rav4,excellent,6 cylinders,gas,133482.0,clean,automatic,JTMRK4DVXC5109572,4wd,SUV,grey,9.0,28800.0
15900,jeep,grandcherokeelaredo4wd,excellent,6 cylinders,gas,85982.0,clean,automatic,1C4RJFAG4CC346901,4wd,SUV,grey,9.0,36795.0
38300,ford,transit,like new,6 cylinders,gas,7540.0,clean,automatic,1FTBR1C87LKB10770,rwd,van,white,1.0,40000.0
48590,cadillac,xt6premiumluxury,good,6 cylinders,gas,7701.0,clean,other,1GYKPCRSXLZ181516,fwd,other,black,1.0,60990.0
3959,dodge,durango,excellent,8 cylinders,gas,193000.0,clean,automatic,1B4HR28Z4YF155714,fwd,SUV,grey,19.0,24300.0
9990,chevrolet,malibu,good,4 cylinders,gas,57745.0,clean,automatic,1G1ZC5E10BF248951,fwd,sedan,custom,10.0,23300.0
45981,ford,superdutyf250srw,excellent,8 cylinders,diesel,136612.0,clean,automatic,1FT7W2BT8GEA06285,4wd,truck,silver,5.0,67000.0
6825,lexus,rx330,excellent,6 cylinders,gas,167471.0,clean,automatic,JTJGA31U940042586,fwd,SUV,silver,17.0,44000.0
12995,chevrolet,silverado1500,excellent,8 cylinders,gas,142201.0,clean,automatic,1GCSKREA0AZ116546,4wd,truck,silver,11.0,32000.0
9850,subaru,outback36rltdh6awd,like new,6 cylinders,gas,132860.0,clean,automatic,4S4BRDKCXB2419571,4wd,SUV,silver,10.0,30495.0
11995,chevrolet,traverselt,excellent,6 cylinders,gas,131470.0,clean,automatic,1GNKVGKD5EJ325982,4wd,SUV,red,7.0,33500.0
29995,chevrolet,silverado1500,excellent,8 cylinders,gas,87000.0,clean,automatic,3GCPKSE7XDG233167,4wd,pickup,green,8.0,38500.0
5495,honda,civic,new,4 cylinders,gas,157000.0,clean,automatic,2HGFA1F54AH315057,fwd,sedan,grey,11.0,19500.0
15592,mazda,mx5miatagrandtouring,good,4 cylinders,gas,59617.0,clean,manual,JM1NC25F780149152,rwd,convertible,red,13.0,28400.0
11800,chevrolet,equinox,good,4 cylinders,other,108600.0,clean,automatic,2GNALAEK5F1118531,fwd,other,black,6.0,23800.0
4850,honda,civicex,excellent,4 cylinders,gas,204225.0,clean,automatic,2HGFG12899H503390,fwd,sedan,silver,12.0,19500.0
40590,ford,f250superdutyregularcab,good,8 cylinders,other,9313.0,clean,other,1FTBF2B65KEC91136,4wd,pickup,white,2.0,48600.0
23988,toyota,highlander,excellent,6 cylinders,gas,48315.0,clean,automatic,5TDYK3EH9DS134733,fwd,SUV,white,8.0,29990.0
16990,toyota,tundrasr54x4,excellent,8 cylinders,gas,92675.0,clean,automatic,5TBDT441X6S524645,4wd,truck,custom,15.0,33500.0
2000,toyota,4runner,fair,8 cylinders,gas,209000.0,clean,automatic,JTEBT14R330003716,4wd,SUV,silver,18.0,38500.0
31995,mercedes-benz,eclass,excellent,4 cylinders,gas,39556.0,clean,automatic,WDDZF4JB3JA328074,rwd,sedan,grey,3.0,53000.0
4700,ford,focus,excellent,4 cylinders,gas,126000.0,clean,automatic,1FAHP3H20CL332468,fwd,sedan,blue,9.0,19500.0
8500,ford,fusionse,good,4 cylinders,gas,115000.0,clean,automatic,3FA6P0HRXDR260393,fwd,sedan,black,8.0,21800.0
31990,gmc,acadiaslesportutility4d,good,6 cylinders,gas,4108.0,clean,other,1GKKNKLS4LZ240269,fwd,other,white,1.0,33500.0
42590,lincoln,navigatorlreserve,good,6 cylinders,gas,62776.0,clean,other,5LMJJ3LT1HEL02896,4wd,SUV,white,4.0,77300.0
7500,honda,crvlx,excellent,4 cylinders,gas,163900.0,clean,automatic,JHLRE38377C033498,fwd,SUV,blue,14.0,23900.0
29590,ford,expeditionxltsport,good,6 cylinders,gas,70760.0,clean,other,1FMJU1JT1HEA52352,4wd,SUV,blue,4.0,54600.0
5000,toyota,sciontc,good,4 cylinders,gas,175102.0,clean,manual,JTKDE177160094127,fwd,coupe,silver,15.0,17500.0
31588,toyota,highlanderxle,like new,6 cylinders,gas,86202.0,clean,automatic,5TDJZRFH1HS443942,4wd,SUV,silver,4.0,40800.0
17975,cadillac,escalade,good,8 cylinders,gas,78537.0,clean,automatic,1GYFK638X8R155665,4wd,SUV,blue,13.0,61900.0
17500,jeep,wrangler,good,6 cylinders,gas,128141.0,clean,manual,1J4HA6D10BL636077,4wd,SUV,black,10.0,34000.0
20990,toyota,4runnersr5v64x4,excellent,6 cylinders,gas,111029.0,clean,automatic,JTEBU5JRXB5059601,4wd,SUV,white,10.0,36500.0
26500,jeep,wrangler,excellent,6 cylinders,gas,121000.0,clean,automatic,1C4HJWEG6DL549165,4wd,SUV,orange,8.0,32500.0
11995,toyota,4runnersr54wdsuv,excellent,6 cylinders,gas,196657.0,clean,automatic,JTEBU14R548027855,4wd,wagon,black,17.0,30500.0
18850,gmc,yukondenali4x4,excellent,8 cylinders,gas,162000.0,clean,automatic,1GKS2EEFXER106895,4wd,SUV,silver,7.0,73685.0
12488,gmc,yukonxldenali,excellent,8 cylinders,gas,163257.0,clean,automatic,1GKFK66838J218464,4wd,SUV,white,13.0,52765.0
27900,chevrolet,suburban,excellent,8 cylinders,gas,130654.0,clean,automatic,1GNSCHKC9GR300493,rwd,SUV,white,5.0,57500.0
7395,acura,mdxsport,excellent,4 cylinders,gas,171000.0,clean,automatic,2HNYD28308H539933,4wd,SUV,white,13.0,44950.0
35590,lincoln,navigatorlselectsport,good,6 cylinders,gas,76216.0,clean,automatic,5LMJJ3JT0HEL13925,4wd,SUV,white,4.0,74900.0
28990,lexus,ls460sedan4d,good,8 cylinders,diesel,72772.0,clean,other,JTHBL5EF0E5129259,rwd,sedan,silver,7.0,86000.0
10988,toyota,highlanderhybrid,good,6 cylinders,gas,173671.0,clean,automatic,JTEEW41A782006635,4wd,SUV,blue,13.0,30000.0
10999,volkswagen,jettasedan,good,4 cylinders,diesel,90641.0,clean,automatic,3VWLL7AJ7EM437872,rwd,sedan,grey,7.0,27000.0
34990,gmc,canyoncrewcabslepickup,good,6 cylinders,gas,34425.0,clean,other,1GTG6CE36G1115577,4wd,pickup,red,5.0,36800.0
7970,ford,e250cargovan,good,8 cylinders,gas,221341.0,clean,automatic,1FTNE2EW4BDA28993,rwd,van,white,10.0,28920.0
7495,mitsubishi,outlandersport,good,4 cylinders,gas,135017.0,clean,automatic,4A4AR3AU4EE007789,fwd,wagon,red,7.0,23995.0
3500,volkswagen,passatkomfort,excellent,4 cylinders,gas,198426.0,clean,automatic,WVWLK73C98E177280,fwd,wagon,black,13.0,26000.0
46995,gmc,sierra2500hd,good,8 cylinders,diesel,189470.0,clean,automatic,1GT12UEY7HF123923,4wd,truck,custom,4.0,64900.0
16715,subaru,outback,excellent,6 cylinders,gas,109864.0,clean,automatic,4S4BSENC4G3246489,4wd,wagon,silver,5.0,36400.0
31950,ford,f250superduty,excellent,8 cylinders,diesel,98740.0,clean,automatic,1FTSW21P36EC06410,4wd,truck,grey,15.0,43000.0
12475,honda,crvlxawd,excellent,4 cylinders,gas,89544.0,clean,automatic,2HKRM4H35CH630685,4wd,SUV,grey,9.0,26300.0
28995,ram,1500,good,6 cylinders,gas,43935.0,clean,automatic,1C6RR7GG0GS143223,4wd,truck,blue,5.0,40000.0
16995,jeep,wranglersport,excellent,6 cylinders,gas,99786.0,clean,automatic,1J4FA49S16P718248,4wd,SUV,white,15.0,23395.0
15000,bmw,7series740li,excellent,8 cylinders,gas,149000.0,clean,automatic,WBAYF4C57FD874053,4wd,sedan,black,6.0,76200.0
29990,toyota,tacomadoublecabpickup,good,6 cylinders,gas,43182.0,clean,other,3TMLU4EN4CM085701,4wd,pickup,white,9.0,32800.0
29995,jeep,grandcherokee,like new,6 cylinders,gas,20005.0,clean,automatic,1C4RJFAG0LC132651,4wd,SUV,black,1.0,40140.0
20999,chevrolet,silverado1500,excellent,8 cylinders,gas,174664.0,clean,automatic,3GCUKSEC8EG242581,4wd,pickup,white,7.0,40900.0
31590,ford,f150supercrewcabfx4,good,8 cylinders,other,54152.0,clean,other,1FTFW1EF7EKF88437,4wd,pickup,blue,7.0,38500.0
14999,dodge,charger,good,8 cylinders,gas,103603.0,clean,automatic,2C3CDXKT2FH806349,4wd,sedan,blue,6.0,35400.0
3800,dodge,caliber,excellent,4 cylinders,gas,103526.0,clean,manual,1B3HB28C67D128609,fwd,hatchback,white,14.0,15745.0
29990,ford,mustanggtcoupe2d,good,8 cylinders,gas,14113.0,clean,other,1FA6P8CF6H5239545,rwd,coupe,red,4.0,41900.0
16995,mazda,mazda35door,excellent,4 cylinders,gas,31000.0,clean,automatic,3MZBN1L36JM203542,fwd,sedan,silver,3.0,21500.0
3000,chevrolet,malibu,excellent,6 cylinders,gas,202639.0,clean,automatic,1G1ZW53106F244768,fwd,sedan,blue,15.0,26500.0
19500,audi,a4,good,4 cylinders,gas,71399.0,clean,automatic,WAUANAF48HN001835,4wd,sedan,grey,4.0,38400.0
22999,mercedes-benz,clsclass,excellent,8 cylinders,gas,78320.0,clean,automatic,WDDLJ7DB8CA047943,rwd,sedan,black,9.0,60200.0
35990,dodge,challengerrtcoupe2d,good,8 cylinders,gas,1548.0,clean,other,2C3CDZBT9LH119053,rwd,coupe,black,1.0,36500.0
33990,gmc,sierra1500doublecabsle,good,6 cylinders,gas,24299.0,clean,other,1GTV2MEHXJZ346690,4wd,pickup,white,3.0,41000.0
5900,chrysler,300,excellent,8 cylinders,gas,164223.0,clean,automatic,2C3KA63H56H523498,rwd,sedan,silver,15.0,38500.0
19800,ford,explorer,excellent,6 cylinders,gas,96281.0,clean,automatic,1FM5K8F81FGB54384,4wd,wagon,silver,6.0,42350.0
38990,chevrolet,camarosscoupe2d,good,8 cylinders,gas,20132.0,clean,other,1G1FF1R71H0162013,rwd,coupe,blue,4.0,40000.0
26990,jeep,grandcherokeelaredosport,good,6 cylinders,gas,24815.0,clean,other,1C4RJFAG5HC963179,4wd,SUV,white,4.0,33500.0
18388,nissan,altima25s,good,4 cylinders,gas,14944.0,clean,automatic,1N4AL3AP1HC296140,fwd,sedan,silver,4.0,22700.0
29990,chevrolet,silverado1500double,good,8 cylinders,gas,26129.0,clean,other,1GCVKREC7EZ196951,4wd,pickup,brown,7.0,38500.0
17500,jeep,grandcherokee,excellent,6 cylinders,gas,89800.0,clean,automatic,1C4RJFBG4DC648303,4wd,SUV,black,8.0,39995.0
13995,ford,escape,excellent,4 cylinders,gas,89654.0,clean,automatic,1FMCU0F70HUC95106,fwd,SUV,grey,4.0,23500.0
6400,subaru,legacylimitedh6r1owner,excellent,6 cylinders,gas,172726.0,clean,automatic,4S3BMDK65A2215238,4wd,sedan,red,11.0,30300.0
5200,ford,f150,good,8 cylinders,gas,241031.0,clean,automatic,1FTRW08L22KA56694,rwd,truck,red,19.0,26500.0
10950,nissan,juke,excellent,4 cylinders,gas,68700.0,clean,automatic,JN8AF5MV2CT105572,4wd,wagon,white,9.0,20000.0
11995,toyota,4runner,excellent,6 cylinders,gas,143402.0,clean,automatic,JTEBU17R468053572,4wd,SUV,white,15.0,40500.0
39590,jeep,wranglerunlimitedallnew,good,6 cylinders,gas,21893.0,clean,other,1C4HJXEGXJW175675,4wd,SUV,silver,3.0,42000.0
13200,gmc,acadiasle,excellent,6 cylinders,gas,84531.0,rebuilt,automatic,1GKKRPKD2DJ147741,fwd,SUV,custom,8.0,35000.0
7995,ford,transitconnect,good,4 cylinders,gas,189834.0,clean,automatic,NM0LS6AN1BT047475,fwd,van,white,10.0,23900.0
25590,lexus,is250sedan4d,good,6 cylinders,gas,25517.0,clean,other,JTHBF1D28F5057386,rwd,sedan,black,6.0,36745.0
33990,gmc,sierra1500crewcabslt,good,8 cylinders,other,34413.0,clean,other,3GTP2WE76DG226983,4wd,pickup,red,8.0,39500.0
8995,toyota,prius,excellent,4 cylinders,gas,106440.0,clean,automatic,JTDKN3DUXA0091188,fwd,hatchback,silver,11.0,24000.0
20998,nissan,rogues,like new,4 cylinders,gas,7450.0,clean,automatic,KNMAT2MV5KP539012,4wd,SUV,grey,2.0,30100.0
38990,ford,mustanggtpremiumcoupe2d,good,8 cylinders,gas,7653.0,clean,other,1FA6P8CF9L5130067,rwd,coupe,white,1.0,42690.0
37990,chevrolet,camarosscoupe2d,good,8 cylinders,gas,9704.0,clean,other,1G1FF1R79G0140582,rwd,coupe,red,5.0,38400.0
35590,dodge,challengersrt8coupe2d,good,8 cylinders,gas,16796.0,clean,other,2B3CJ7DJ7BH589702,rwd,coupe,green,10.0,43000.0
4200,toyota,scionxb,good,4 cylinders,other,200000.0,clean,automatic,JTLZE4FE6DJ038274,fwd,sedan,white,8.0,18800.0
11327,mazda,cx5,excellent,4 cylinders,gas,109044.0,clean,automatic,JM3KE2BE7E0335141,fwd,SUV,black,7.0,22995.0
12188,hyundai,accentvalueedition,good,4 cylinders,gas,55666.0,clean,automatic,KMHCT4AE1HU363283,fwd,sedan,white,4.0,17500.0
13499,toyota,camryseauto4dr,like new,4 cylinders,gas,41255.0,rebuilt,automatic,4T1BF1FK4HU739166,fwd,sedan,grey,4.0,24000.0
13333,honda,accordcpeex,good,4 cylinders,gas,58385.0,clean,automatic,1HGCS1B77CA004845,fwd,coupe,black,9.0,24000.0
28590,dodge,chargerrtroadandtrack,good,8 cylinders,gas,33174.0,clean,other,2C3CDXCT8FH914859,rwd,sedan,black,6.0,33500.0
9900,mazda,mazda3,excellent,4 cylinders,gas,84686.0,clean,automatic,JM1BL1V88D1710784,fwd,sedan,black,8.0,19500.0
40590,ford,f250superdutyregularcab,good,8 cylinders,other,9313.0,clean,other,1FTBF2B65KEC91136,4wd,pickup,white,2.0,42500.0
14329,chevrolet,traverse,good,6 cylinders,gas,115244.0,clean,automatic,1GNKRGKD1EJ158766,fwd,SUV,grey,7.0,30900.0
26995,toyota,siennaxleawd,excellent,6 cylinders,gas,39730.0,clean,automatic,5TDDZ3DC2HS165697,4wd,mini-van,black,4.0,43000.0
14990,chevrolet,silverado1500,excellent,8 cylinders,gas,178366.0,clean,automatic,1GCRKSE73DZ301785,4wd,truck,blue,8.0,42000.0
17900,ram,1500,excellent,6 cylinders,gas,138989.0,clean,automatic,1C6RR7LG7DS591525,4wd,pickup,silver,6.0,37300.0
27990,toyota,tacomadoublecabpickup,good,6 cylinders,gas,67245.0,clean,other,5TFLU4EN4CX030112,4wd,pickup,silver,9.0,31000.0
34500,chevrolet,traversers2lt,like new,6 cylinders,gas,17735.0,clean,automatic,1GNERJKW1KJ321973,fwd,SUV,white,2.0,40400.0
19800,jeep,cherokeelatitude,excellent,4 cylinders,gas,7300.0,clean,automatic,1C4PJLCB6KD373520,fwd,SUV,black,2.0,26900.0
15995,ford,escape,good,4 cylinders,gas,41576.0,clean,automatic,1FMCU9GD6HUE51139,4wd,SUV,grey,4.0,28745.0
9999,buick,lacrosse,like new,6 cylinders,gas,74000.0,rebuilt,automatic,1G4GD5E38CF204688,fwd,sedan,white,9.0,37000.0
5995,volkswagen,newbeetle,like new,4 cylinders,gas,95798.0,clean,automatic,3VWCD21C92M455643,fwd,hatchback,yellow,19.0,18900.0
4500,chevrolet,silverado1500lt,excellent,8 cylinders,gas,73807.0,clean,automatic,3GCRCSE00AG151758,rwd,pickup,black,11.0,33000.0
33990,gmc,sierra1500doublecabsle,good,6 cylinders,gas,24299.0,clean,other,1GTV2MEHXJZ346690,4wd,pickup,white,3.0,39600.0
33990,ford,superdutyf250srw,good,8 cylinders,diesel,49678.0,clean,automatic,1FTBF2BT2CEA75283,4wd,truck,white,9.0,55000.0
19590,honda,odysseyexlminivan4d,good,6 cylinders,gas,64341.0,clean,other,5FNRL5H60FB096257,fwd,van,white,6.0,34900.0
47990,chevrolet,tahoeltsportutility,good,8 cylinders,gas,34216.0,clean,other,1GNSKBKC1KR138450,4wd,other,white,2.0,60100.0
31999,chevrolet,silverado1500,excellent,8 cylinders,gas,95161.0,clean,automatic,3GCUKREC4EG315423,4wd,pickup,red,7.0,38500.0
7995,hyundai,sonata,good,4 cylinders,gas,89232.0,clean,automatic,5NPEB4AC8BH192922,fwd,sedan,white,10.0,19800.0
4250,gmc,envoy,excellent,8 cylinders,gas,160000.0,rebuilt,automatic,1GKET63MX52323731,4wd,SUV,silver,16.0,42980.0
7400,honda,odyssey,excellent,6 cylinders,gas,130575.0,clean,automatic,5FNRL38778B023032,fwd,mini-van,blue,13.0,36000.0
9950,dodge,grandcaravanse,excellent,6 cylinders,gas,136981.0,clean,automatic,2C4RDGBG1GR318286,fwd,mini-van,grey,5.0,28495.0
27400,ford,superdutyf250srw,excellent,8 cylinders,gas,102437.0,clean,automatic,1FT7W2B69EEB17273,4wd,pickup,white,7.0,43445.0
11999,toyota,tacoma,excellent,4 cylinders,gas,233462.0,clean,manual,5TEWM72N01Z775612,4wd,truck,white,20.0,20200.0
40590,mercedes-benz,sclasss550,good,8 cylinders,gas,46742.0,clean,automatic,WDDUG8CB3EA006360,rwd,sedan,silver,7.0,97375.0
5495,ford,escape,good,6 cylinders,gas,113862.0,clean,automatic,1FMCU94176KD25262,4wd,SUV,grey,15.0,27995.0
22500,chevrolet,silverado1500,excellent,8 cylinders,gas,70500.0,clean,automatic,1GCVKREC1FZ443253,4wd,truck,grey,6.0,41900.0
7500,toyota,prius,excellent,4 cylinders,hybrid,105000.0,clean,automatic,JTDKB20U177557566,fwd,sedan,blue,14.0,22800.0
10950,chrysler,200series,excellent,4 cylinders,gas,97546.0,clean,automatic,1C3CCCAB7GN163588,fwd,sedan,white,5.0,23500.0
10900,chrysler,200,excellent,4 cylinders,gas,95426.0,clean,automatic,1C3CCCAB9FN695214,fwd,sedan,white,6.0,23500.0
36590,buick,enclaveessencesport,good,6 cylinders,gas,3993.0,clean,other,5GAERBKW4LJ317921,fwd,other,white,1.0,39920.0
31999,ford,rangerxlt,like new,4 cylinders,gas,32933.0,clean,automatic,1FTER4FH4KLA31754,4wd,truck,silver,2.0,33500.0
41990,chevrolet,silverado1500double,good,8 cylinders,gas,12880.0,clean,automatic,1GCRYCEF9LZ202303,4wd,pickup,white,1.0,45500.0
19995,ford,f150xlt4x4,like new,8 cylinders,gas,157279.0,clean,automatic,1FTFW1EF2DKE04021,4wd,truck,white,8.0,40500.0
18900,dodge,durango,excellent,6 cylinders,gas,0.0,clean,automatic,1C4RDHAG0HC609668,fwd,wagon,white,4.0,31490.0
31990,ford,superdutyf550drw,good,8 cylinders,diesel,59429.0,clean,automatic,1FDAW57P46ED02529,4wd,truck,red,15.0,52900.0
14895,kia,soul,excellent,4 cylinders,gas,65398.0,clean,automatic,KNDJX3A50G7376274,fwd,wagon,black,5.0,16000.0
36995,ford,f150,excellent,8 cylinders,gas,440.0,clean,automatic,1FTMF1C50LKF22990,rwd,pickup,black,1.0,38750.0
38590,lincoln,continentalsedan4d,good,6 cylinders,gas,1772.0,clean,other,1LN6L9UK4L5602632,fwd,sedan,black,1.0,51170.0
39590,ram,1500crewcablaramiepickup,good,8 cylinders,gas,55804.0,clean,other,1C6SRFRT5KN735634,4wd,pickup,brown,2.0,46300.0
12900,chevrolet,silverado1500,excellent,8 cylinders,gas,124191.0,clean,automatic,1GCEK19T94E158669,4wd,truck,brown,17.0,28000.0
34250,jeep,wrangler,excellent,6 cylinders,gas,46000.0,clean,automatic,1C4BJWEG2GL216777,4wd,SUV,silver,5.0,38500.0
13999,volkswagen,jetta14ts,excellent,4 cylinders,gas,40312.0,clean,automatic,3VW2B7AJ7HM305679,fwd,sedan,grey,4.0,19500.0
4950,dodge,charger,excellent,6 cylinders,gas,208311.0,clean,automatic,2B3KA33G18H188195,rwd,sedan,white,13.0,24000.0
35590,ram,1500crewcabbighorn,good,6 cylinders,other,22805.0,clean,other,1C6RR7LG2JS220638,4wd,pickup,black,3.0,38500.0
26999,chevrolet,silverado2500hd,excellent,8 cylinders,diesel,101127.0,clean,automatic,1GCHC59699E101861,rwd,pickup,white,12.0,33000.0
9995,chevrolet,cruzelt,like new,4 cylinders,gas,54830.0,clean,automatic,1G1PK5SB9E7387885,fwd,sedan,blue,7.0,19000.0
38590,lexus,es350luxurysedan4d,good,6 cylinders,other,11599.0,clean,other,58ABZ1B16KU051206,fwd,sedan,white,2.0,39600.0
12500,volkswagen,passat,excellent,4 cylinders,gas,100500.0,clean,automatic,1VWBS7A34FC020597,fwd,sedan,white,6.0,23900.0
36999,ford,f350superdut,excellent,8 cylinders,diesel,96700.0,clean,automatic,1FT7W3BT5DEA77879,4wd,pickup,black,8.0,55300.0
35895,gmc,sierra1500,excellent,8 cylinders,gas,27388.0,clean,automatic,1GTV2NECXJZ268213,4wd,truck,grey,3.0,42500.0
12999,subaru,outback,excellent,4 cylinders,gas,135150.0,clean,automatic,4S4BRBKC4D3292799,4wd,wagon,white,8.0,30120.0
5970,chevrolet,impalapolice,good,6 cylinders,gas,134295.0,clean,automatic,2G1WD5E34C1251975,fwd,sedan,black,9.0,24000.0
5495,ford,fusionse,good,4 cylinders,gas,95590.0,clean,automatic,3FAHP07Z78R101783,fwd,sedan,silver,13.0,20285.0
21750,infiniti,qx56,excellent,8 cylinders,gas,113473.0,clean,automatic,JN8AZ2NE4D9060380,4wd,SUV,black,8.0,65000.0
17990,ford,escape,good,4 cylinders,gas,62194.0,clean,automatic,1FMCU9GD0HUE98182,4wd,SUV,red,4.0,29100.0
7800,chevrolet,volt,excellent,4 cylinders,electric,111470.0,clean,automatic,1G1RD6E41BU099331,fwd,sedan,silver,10.0,39500.0
18990,ford,transit,good,6 cylinders,gas,103957.0,clean,automatic,1FTBW2YG9GKB07308,rwd,van,white,5.0,31800.0
11500,chevrolet,malibuls,excellent,4 cylinders,gas,92260.0,clean,automatic,1G1ZB5ST5GF206808,fwd,sedan,black,5.0,22165.0
16990,acura,rdxsportutility4d,good,6 cylinders,gas,86919.0,clean,automatic,5J8TB3H59EL004581,fwd,SUV,black,7.0,36400.0
12888,ford,fusion,good,4 cylinders,gas,105123.0,clean,automatic,1FA6P0H75G5108270,fwd,sedan,white,5.0,22800.0
13499,chrysler,200,good,4 cylinders,gas,77106.0,clean,automatic,1C3CCCAB1GN179124,fwd,sedan,blue,5.0,22990.0
1000,kia,spectra,like new,4 cylinders,gas,119000.0,clean,automatic,KNAFE121965215702,fwd,sedan,silver,15.0,13500.0
30000,ford,edgesport,like new,6 cylinders,gas,31853.0,clean,automatic,2FMPK4AP0JBB09291,4wd,SUV,black,3.0,39600.0
13351,kia,soul,excellent,4 cylinders,gas,59491.0,clean,automatic,KNDJN2A24F7149075,fwd,sedan,white,6.0,19000.0
6990,chevrolet,malibult4drsedanw,excellent,6 cylinders,gas,122000.0,clean,automatic,1G1ZJ57708F226741,fwd,sedan,blue,13.0,24000.0
23900,rover,discoverysport,excellent,4 cylinders,gas,60412.0,clean,automatic,SALCR2BG3GH553173,4wd,SUV,black,5.0,43100.0
40590,ford,f250superdutyregularcab,good,8 cylinders,other,9313.0,clean,other,1FTBF2B65KEC91136,4wd,pickup,white,2.0,42300.0
8995,ford,f1504x4,good,8 cylinders,gas,109237.0,clean,automatic,1FTPW14V27FA60796,4wd,pickup,black,14.0,34500.0
12844,ford,explorer,excellent,6 cylinders,other,158500.0,clean,automatic,1FM5K8D88DGB57573,4wd,SUV,black,8.0,38300.0
11995,toyota,tacoma,excellent,6 cylinders,gas,167974.0,clean,automatic,5TETU62N48Z492525,rwd,truck,black,13.0,22450.0
30990,infiniti,qx6035sportutility,good,6 cylinders,gas,22821.0,clean,automatic,5N1DL0MN5JC501394,fwd,SUV,blue,3.0,44000.0
15999,chevrolet,suburban,excellent,8 cylinders,gas,148871.0,clean,automatic,3GNFK16367G106879,4wd,SUV,white,14.0,46500.0
33990,mercedes-benz,eclasse63amg,good,8 cylinders,gas,88107.0,clean,automatic,WDDHF7EB7CA570344,rwd,sedan,white,9.0,100000.0
58500,ford,expeditionmaxlimited4x4,like new,6 cylinders,gas,21980.0,lien,automatic,1FMJK2AT8KEA33316,4wd,SUV,black,2.0,75700.0
29990,nissan,frontiercrewcabpro4x,good,6 cylinders,gas,24661.0,clean,automatic,1N6AD0EV9GN771399,4wd,pickup,white,5.0,38500.0
35500,nissan,maxima,excellent,6 cylinders,gas,20350.0,clean,automatic,1N4AA6FV1LC362080,fwd,sedan,white,1.0,41500.0
9395,ford,escape,good,4 cylinders,gas,129652.0,clean,automatic,1FMCU9H99DUB67718,4wd,SUV,blue,8.0,27000.0
38590,ram,1500crewcabbighorn,good,6 cylinders,gas,28556.0,clean,other,1C6RRFFGXKN695394,4wd,pickup,white,2.0,40300.0
15900,ford,explorer,excellent,6 cylinders,gas,116072.0,clean,automatic,1FM5K8D87EGC19188,4wd,SUV,black,7.0,38645.0
11400,audi,a4,excellent,4 cylinders,gas,102278.0,clean,automatic,WAUFFAFL3CN011904,4wd,sedan,blue,9.0,40000.0
7950,nissan,versasv,excellent,4 cylinders,gas,84870.0,clean,automatic,3N1CN7AP7GL840733,fwd,sedan,grey,5.0,14000.0
5000,chevrolet,tahoe,good,8 cylinders,gas,219493.0,clean,automatic,1GNEK13Z54R291152,4wd,SUV,grey,17.0,42100.0
12208,honda,accordsdn,excellent,4 cylinders,gas,62095.0,clean,automatic,1HGCP2F62CA105378,fwd,sedan,grey,9.0,25100.0
31182,lexus,es,excellent,6 cylinders,gas,35632.0,clean,automatic,58ABK1GG0HU064561,fwd,sedan,black,4.0,38500.0
5750,hyundai,tucson,excellent,6 cylinders,gas,150572.0,clean,automatic,KM8JN12D57U495970,fwd,SUV,black,14.0,20400.0
7450,kia,soul,excellent,4 cylinders,gas,102300.0,clean,automatic,KNDJT2A66D7519948,fwd,sedan,red,8.0,18400.0
16650,chevrolet,colorado,good,4 cylinders,gas,67000.0,clean,automatic,1GCHSAEA3F1214939,rwd,truck,white,6.0,20500.0
22588,mercedes-benz,claclass,excellent,4 cylinders,gas,33790.0,clean,automatic,WDDSJ4EB6EN158737,fwd,sedan,black,7.0,29900.0
33900,chevrolet,corvette,excellent,8 cylinders,gas,38470.0,clean,automatic,1G1YF2DW7C5101225,rwd,coupe,blue,9.0,53200.0
21900,mercedes-benz,glaclass,good,4 cylinders,gas,48911.0,clean,automatic,WDCTG4EB7GJ233740,fwd,hatchback,red,5.0,33900.0
4995,dodge,dakota,good,8 cylinders,gas,210531.0,clean,automatic,1D7HW42N76S652165,4wd,pickup,black,15.0,27500.0
17995,gmc,acadiadenali,good,6 cylinders,gas,117935.0,clean,other,1GKKRTKD8EJ156521,fwd,other,white,7.0,48500.0
7995,volkswagen,jetta,excellent,4 cylinders,gas,84648.0,clean,automatic,3VW2K7AJ6BM338132,fwd,sedan,silver,10.0,18495.0
18995,dodge,challenger,excellent,6 cylinders,gas,76720.0,clean,automatic,2C3CDYAGXEH224508,rwd,coupe,white,7.0,25300.0
27590,acura,tlx35wtechnologypkg,good,6 cylinders,gas,25988.0,clean,other,19UUB2F52JA004574,fwd,sedan,white,3.0,36200.0
35590,chevrolet,coloradocrewcabz71,good,6 cylinders,gas,24660.0,clean,other,1GCGTDE30G1281320,4wd,pickup,black,5.0,38500.0
4000,dodge,durango,good,8 cylinders,gas,232000.0,clean,automatic,1D4HB38N74F129860,4wd,SUV,grey,17.0,32500.0
6999,mazda,mazda6,excellent,4 cylinders,gas,118957.0,clean,automatic,1YVHZ8BH9D5M12429,fwd,sedan,black,8.0,24500.0
40990,ford,mustanggtpremiumcoupe2d,good,8 cylinders,gas,4596.0,clean,other,1FA6P8CF4K5204798,rwd,coupe,orange,2.0,42995.0
21572,honda,crv,excellent,4 cylinders,gas,42416.0,clean,automatic,7FARW1H59JE056327,fwd,SUV,black,3.0,26000.0
10995,subaru,imprezasportlimitedawd,excellent,4 cylinders,gas,121535.0,clean,automatic,JF1GPAU63D2809104,4wd,hatchback,grey,8.0,22495.0
17900,gmc,sierra1500sle,good,8 cylinders,gas,113000.0,clean,automatic,3GTP2VE75DG333033,4wd,truck,silver,8.0,38420.0
38990,infiniti,qx60luxesportutility,good,6 cylinders,gas,5279.0,clean,other,5N1DL0MN9LC508268,fwd,other,black,1.0,44100.0
9980,honda,accord,excellent,4 cylinders,gas,137450.0,clean,automatic,1HGCP2F69BA065217,fwd,sedan,grey,10.0,24800.0
12000,ford,f150,excellent,8 cylinders,gas,183371.0,clean,automatic,1FTPW14V19FA99222,4wd,truck,white,12.0,34500.0
13500,ford,transitconnect,excellent,4 cylinders,gas,119037.0,clean,automatic,NM0LS7E70F1208188,rwd,van,white,6.0,22920.0
8600,toyota,camryle4drsedan,excellent,4 cylinders,gas,64000.0,clean,automatic,4T1BF3EK0BU120410,fwd,sedan,yellow,10.0,22000.0
9199,bmw,x5,good,6 cylinders,gas,96898.0,clean,automatic,5UXFE43539L038021,4wd,SUV,blue,12.0,57000.0
29590,ford,expeditionxltsport,good,6 cylinders,gas,70760.0,clean,other,1FMJU1JT1HEA52352,4wd,SUV,blue,4.0,48610.0
35990,jeep,wranglersportsuv2d,good,6 cylinders,gas,2600.0,clean,other,1C4GJXAG9MW578780,4wd,other,yellow,0.0,38900.0
46990,chevrolet,tahoeltsportutility,good,8 cylinders,gas,32035.0,clean,other,1GNSKBKC8LR251605,4wd,other,silver,1.0,59800.0
4700,kia,soulsport,excellent,4 cylinders,gas,161210.0,clean,automatic,KNDJT2A24A7147017,fwd,wagon,red,11.0,15495.0
21990,jaguar,xfsedan4d,good,8 cylinders,other,12198.0,clean,other,SAJWA0FB3CLS54791,rwd,sedan,red,9.0,55000.0
22590,dodge,challengerrtcoupe2d,good,8 cylinders,gas,56075.0,clean,other,2C3CDYBT4CH238672,rwd,coupe,black,9.0,30800.0
20590,ford,tauruslimitedsedan4d,good,6 cylinders,gas,40022.0,clean,other,1FAHP2F87KG115573,fwd,sedan,black,2.0,34600.0
16895,ram,1500,excellent,8 cylinders,gas,128086.0,clean,automatic,3C6JR7AT4EG102455,4wd,truck,silver,7.0,38895.0
10950,buick,lacrosse,good,6 cylinders,gas,27428.0,clean,automatic,2G4WD582X81204107,fwd,sedan,silver,13.0,27705.0
4995,chevrolet,sparkls,excellent,4 cylinders,gas,123000.0,clean,automatic,KL8CB6S91DC512241,fwd,hatchback,grey,8.0,12900.0
6995,ford,f150,good,6 cylinders,gas,217012.0,clean,automatic,1FTMF1CM1CKD71326,rwd,pickup,white,9.0,30000.0
28995,chevrolet,silverado2500hdltz,good,8 cylinders,other,129532.0,clean,automatic,1GCHK63619F118407,4wd,pickup,black,12.0,48700.0
9900,ford,fusion,good,4 cylinders,gas,96903.0,clean,automatic,3FA6P0H73DR183008,fwd,sedan,purple,8.0,22000.0
38990,infiniti,qx60luxesportutility,good,6 cylinders,gas,5279.0,clean,other,5N1DL0MN9LC508268,fwd,other,black,1.0,44900.0
22999,cadillac,escaladeesv,good,8 cylinders,gas,114357.0,clean,automatic,1GYS4HEF3DR310129,4wd,SUV,black,8.0,75900.0
21870,jeep,wranglerrubicon,excellent,6 cylinders,gas,103123.0,clean,manual,1J4FA69S14P747984,4wd,SUV,silver,17.0,28995.0
17377,subaru,impreza,excellent,4 cylinders,gas,52761.0,clean,automatic,4S3GTAD64J3744209,4wd,hatchback,grey,3.0,24000.0
16900,cadillac,escalade,excellent,8 cylinders,gas,129223.0,clean,automatic,1GYFK63858R112416,4wd,SUV,black,13.0,65400.0
19998,ford,f150,excellent,8 cylinders,gas,59568.0,clean,automatic,1FTPX14546KB40233,4wd,truck,brown,15.0,33000.0
7995,chevrolet,malibu,excellent,4 cylinders,gas,99681.0,clean,automatic,1G1ZC5E02CF193332,fwd,sedan,grey,9.0,20300.0
2700,subaru,impreza,good,4 cylinders,gas,144000.0,clean,manual,JF1GH61619G801477,4wd,hatchback,grey,12.0,19195.0
5495,chevrolet,impala,good,6 cylinders,gas,98758.0,clean,automatic,2G1WT58N881216959,fwd,sedan,silver,13.0,24000.0
25990,gmc,acadiaslt2sportutility,good,6 cylinders,gas,70640.0,clean,other,1GKKNNLS8KZ159484,fwd,SUV,white,2.0,40000.0
15999,ford,fusion,excellent,4 cylinders,gas,44385.0,clean,automatic,1FA6P0H74F5100739,fwd,sedan,grey,6.0,21500.0
15590,nissan,altima35slsedan4d,good,6 cylinders,gas,60022.0,clean,automatic,1N4BL3AP3EC424393,fwd,sedan,red,7.0,24400.0
34590,chevrolet,silverado1500double,good,6 cylinders,gas,29499.0,clean,other,1GCVKREH6GZ228691,4wd,pickup,silver,5.0,38800.0
9991,honda,element,excellent,4 cylinders,gas,120000.0,clean,automatic,5J6YH2H75AL005245,4wd,SUV,orange,11.0,24000.0
13990,chevrolet,malibu,good,4 cylinders,gas,128687.0,clean,automatic,1G1ZD5ST7JF187678,fwd,sedan,white,3.0,25000.0
15488,mercedes-benz,slclass,good,8 cylinders,gas,67361.0,clean,automatic,WDBSK75F13F057283,rwd,convertible,custom,18.0,73500.0
6995,chevrolet,impala,good,6 cylinders,gas,91080.0,clean,automatic,2G1WT57N191131996,rwd,sedan,grey,12.0,23500.0
13900,buick,veranoleathergroup,excellent,4 cylinders,gas,49000.0,clean,automatic,1G4PN5SK6F4153104,fwd,sedan,white,6.0,24300.0
30977,ford,f150,excellent,8 cylinders,gas,110144.0,clean,automatic,1FTEW1EF9GKD37403,4wd,truck,silver,5.0,44500.0
17998,dodge,chargerrt,excellent,8 cylinders,gas,88516.0,salvage,automatic,2C3CDXCT3GH196123,rwd,sedan,grey,5.0,33995.0
26990,nissan,titansinglecabsv,good,8 cylinders,gas,41335.0,clean,other,1N6AA1R84HN570756,4wd,pickup,red,4.0,43240.0
11995,buick,regal,like new,4 cylinders,gas,75339.0,clean,automatic,2G4GM5ER5E9180544,fwd,sedan,custom,7.0,29900.0
36590,buick,enclaveessencesport,good,6 cylinders,gas,3993.0,clean,other,5GAERBKW4LJ317921,fwd,other,white,1.0,43000.0
22590,dodge,challengerrtcoupe2d,good,8 cylinders,gas,56075.0,clean,other,2C3CDYBT4CH238672,rwd,coupe,black,9.0,30655.0
26990,lexus,gx460sportutility4d,good,8 cylinders,gas,97280.0,clean,automatic,JTJBM7FX5D5056838,4wd,other,black,8.0,63000.0
6855,honda,civic,good,4 cylinders,gas,96519.0,clean,automatic,2HGFB2F50EH505141,fwd,sedan,blue,7.0,19500.0
16900,honda,odyssey,excellent,6 cylinders,gas,127200.0,clean,automatic,5FNRL5H24EB093499,fwd,mini-van,white,7.0,29990.0
7490,hyundai,genesis,excellent,6 cylinders,gas,83000.0,clean,automatic,KMHGC46E89U018456,fwd,sedan,blue,12.0,35000.0
38990,jeep,wranglerunlimitedrubicon,good,6 cylinders,gas,20676.0,clean,other,1C4BJWFG3HL547853,4wd,other,red,4.0,40190.0
34990,jeep,wranglerunlimitedsahara,good,6 cylinders,gas,37435.0,clean,other,1C4HJWEG7HL570645,4wd,other,red,4.0,38500.0
30900,ram,2500,excellent,6 cylinders,diesel,187589.0,clean,manual,3C6UR5CL8EG168313,4wd,pickup,white,7.0,40300.0
19995,infiniti,qx50,excellent,6 cylinders,gas,45400.0,clean,automatic,JN1BJ0RRXGM265845,4wd,SUV,grey,5.0,41050.0
11900,cadillac,ctssedan,good,6 cylinders,gas,91679.0,clean,automatic,1G6DG5EY3B0116968,4wd,sedan,silver,10.0,41200.0
43988,gmc,sierra1500slt,good,8 cylinders,gas,59055.0,clean,automatic,3GTU2NEC1HG125706,4wd,pickup,silver,4.0,47500.0
7500,honda,civiclx,good,4 cylinders,gas,156000.0,clean,automatic,19XFB2F56CE050335,fwd,sedan,blue,9.0,19500.0
12900,lexus,gx470awd,like new,8 cylinders,gas,204970.0,clean,automatic,JTJBT20X240065394,4wd,SUV,white,17.0,54900.0
39990,ram,1500crewcablaramiepickup,good,8 cylinders,gas,53392.0,clean,other,1C6SRFRT8KN680340,4wd,pickup,green,2.0,48500.0
29998,chevrolet,silverado1500,like new,8 cylinders,gas,35274.0,clean,automatic,1GCRCPEC1JZ241363,rwd,pickup,white,3.0,38500.0
32649,chevrolet,silverado2500hd,excellent,6 cylinders,diesel,127450.0,clean,automatic,1GC1KXC83BF179207,4wd,truck,black,10.0,46500.0
10995,lincoln,mkxawd,excellent,6 cylinders,gas,112584.0,clean,automatic,2LMDJ8JK7CBL13708,4wd,SUV,black,9.0,38000.0
14995,kia,optimalx,excellent,4 cylinders,gas,30000.0,clean,automatic,5XXGT4L35KG331449,fwd,sedan,silver,2.0,23500.0
22995,hyundai,santafe,excellent,4 cylinders,gas,22294.0,clean,automatic,5NMS2CAD4KH119632,4wd,SUV,blue,2.0,32700.0
16900,chevrolet,colorado,excellent,6 cylinders,gas,72613.0,clean,automatic,1GCHSBEA9G1380518,rwd,truck,white,5.0,21500.0
9900,toyota,camry,excellent,4 cylinders,gas,77588.0,clean,automatic,4T1BK46K67U039211,fwd,sedan,silver,14.0,24300.0
39990,ram,1500crewcablaramiepickup,good,8 cylinders,gas,53392.0,clean,other,1C6SRFRT8KN680340,4wd,pickup,green,2.0,48500.0
31990,ram,1500crewcabexpresspickup,good,8 cylinders,gas,15498.0,clean,other,3C6RR7KT2HG689972,4wd,pickup,silver,4.0,36600.0
6995,kia,sorento,good,4 cylinders,gas,130124.0,clean,automatic,5XYKT3A60DG361314,fwd,wagon,white,8.0,24000.0
16995,ford,mustang,excellent,6 cylinders,gas,72196.0,clean,automatic,1FA6P8AM9F5359967,rwd,coupe,silver,5.0,23900.0
29990,jeep,wranglersportsutility2d,good,6 cylinders,gas,49955.0,clean,other,1C4AJWAG9HL661861,4wd,other,black,4.0,30995.0
11700,subaru,legacy,excellent,4 cylinders,gas,47648.0,rebuilt,automatic,4S3BNAB64H3050525,4wd,sedan,blue,4.0,23200.0
33590,jeep,wranglerunlimitedrubicon,good,6 cylinders,gas,33412.0,clean,other,1C4BJWFG3EL111905,4wd,SUV,red,7.0,35900.0
19800,chevrolet,corvette,excellent,8 cylinders,gas,96951.0,clean,automatic,1G1YY26UX65116151,rwd,coupe,blue,15.0,56000.0
13500,ford,flex,excellent,6 cylinders,gas,97086.0,clean,automatic,2FMGK5C81DBD02033,fwd,sedan,silver,8.0,32100.0
5995,saturn,ion,excellent,4 cylinders,gas,57923.0,clean,automatic,1G8AJ54F95Z170710,fwd,sedan,black,16.0,13400.0
12990,chrysler,300touring,excellent,6 cylinders,gas,91271.0,clean,automatic,2C3KA53G66H466309,rwd,sedan,black,15.0,28600.0
6995,ford,fusion,excellent,4 cylinders,gas,129692.0,clean,automatic,3FAHP0GA1CR144390,fwd,sedan,black,9.0,19500.0
10650,honda,crv,excellent,4 cylinders,gas,68500.0,clean,automatic,5J6RE3H38BL026608,fwd,SUV,blue,10.0,24000.0
17900,honda,civic,excellent,4 cylinders,gas,26831.0,clean,automatic,2HGFC2F58HH556999,fwd,sedan,red,4.0,19900.0
5495,subaru,legacy,excellent,4 cylinders,gas,145101.0,clean,automatic,4S3BMBC6XB3228372,4wd,other,silver,10.0,23695.0
38900,ram,2500,excellent,6 cylinders,diesel,119848.0,clean,automatic,3C6UR5DL8HG641968,4wd,pickup,white,4.0,57000.0
30990,chevrolet,suburban1500ltz,good,8 cylinders,other,87922.0,clean,other,1GNSKKE74ER102173,4wd,other,white,7.0,62850.0
4999,toyota,sienna,good,6 cylinders,gas,254325.0,clean,automatic,5TDZA23C26S405661,fwd,van,white,15.0,26900.0
20590,honda,accordtouringsedan4d,good,6 cylinders,gas,45121.0,clean,other,1HGCR3F99EA013567,fwd,sedan,white,7.0,31900.0
28590,jeep,wranglerunlimitedsport,good,6 cylinders,gas,46469.0,clean,other,1C4BJWDG4DL523249,4wd,other,black,8.0,29700.0
20995,volkswagen,tiguan,excellent,4 cylinders,gas,41262.0,clean,automatic,3VV3B7AX1JM022472,fwd,SUV,black,3.0,26600.0
15995,chevrolet,colorado,good,4 cylinders,gas,136694.0,clean,automatic,1GCGSAEA0F1266735,rwd,pickup,white,6.0,20200.0
37990,toyota,4runnersr5sportutility,good,6 cylinders,gas,22978.0,clean,other,JTEBU5JR0L5797215,4wd,other,white,1.0,38800.0
29900,ford,f150,excellent,8 cylinders,gas,114000.0,clean,automatic,1FTFW1EF4EFB07682,4wd,truck,white,7.0,40400.0
7495,honda,odyssey,like new,6 cylinders,gas,198573.0,clean,automatic,5FNRL384X8B002956,fwd,van,white,13.0,30900.0
27590,lincoln,mkxselectsportutility,good,6 cylinders,other,23818.0,clean,other,2LMPJ6KP4JBL17661,fwd,SUV,blue,3.0,40560.0
13900,mazda,mazda3itouringhatchback,like new,4 cylinders,gas,70706.0,clean,automatic,3MZBN1L74HM127350,fwd,hatchback,black,4.0,22500.0
4995,saturn,auraxr,good,6 cylinders,gas,173748.0,clean,automatic,1G8ZV57778F246345,fwd,sedan,black,13.0,26985.0
33990,gmc,sierra1500doublecabsle,good,6 cylinders,gas,24299.0,clean,other,1GTV2MEHXJZ346690,4wd,pickup,white,3.0,40900.0
9995,chevrolet,traverse,excellent,6 cylinders,gas,128143.0,clean,automatic,1GNKVGEDXBJ315648,4wd,SUV,white,10.0,36490.0
38990,chevrolet,silverado1500crew,good,8 cylinders,gas,40236.0,clean,other,3GCUKSEC5FG305119,4wd,pickup,black,6.0,48500.0
9800,honda,fitexhatchback4d,excellent,4 cylinders,gas,35980.0,clean,automatic,JHMGE8H29AC031931,fwd,hatchback,red,11.0,15300.0
9990,lincoln,mkz,good,6 cylinders,gas,69165.0,clean,automatic,3LN6L2GKXDR826859,fwd,sedan,silver,8.0,34700.0
25990,chevrolet,silverado1500regular,good,8 cylinders,other,82140.0,clean,automatic,1GCNKREC1EZ373672,4wd,pickup,black,7.0,40500.0
8600,honda,accord,good,6 cylinders,gas,249587.0,clean,automatic,1HGCM66417A067260,fwd,sedan,blue,14.0,25780.0
9998,dodge,grandcaravan,excellent,6 cylinders,gas,107938.0,clean,automatic,2C4RDGBG4ER163276,fwd,mini-van,blue,7.0,25800.0
19960,toyota,rav4le,excellent,4 cylinders,gas,68250.0,clean,automatic,2T3ZFREV1GW244292,fwd,other,custom,5.0,24400.0
21990,dodge,chargersesedan4d,good,6 cylinders,diesel,78390.0,clean,automatic,2C3CDXBGXGH302894,rwd,sedan,orange,5.0,27395.0
31990,ford,mustanggtcoupe2d,good,8 cylinders,gas,19043.0,clean,automatic,1FA6P8CF5H5237592,rwd,coupe,silver,4.0,41000.0
32990,chevrolet,silverado1500double,good,8 cylinders,other,55069.0,clean,other,1GCVKRECXGZ250021,4wd,pickup,red,5.0,38500.0
31999,chevrolet,avalanche,excellent,8 cylinders,gas,71966.0,clean,automatic,3GNTKGE77CG207983,4wd,pickup,red,9.0,49710.0
6699,toyota,siennalimited,good,other,gas,151245.0,clean,automatic,5TDZK22C38S146972,fwd,mini-van,silver,13.0,33500.0
29900,ford,f150,like new,8 cylinders,gas,23004.0,clean,automatic,1FTMF1C59KKD08613,rwd,truck,white,2.0,43000.0
13675,mercedes-benz,glkclass,good,6 cylinders,gas,87444.0,clean,automatic,WDCGG5GB2CF876286,rwd,SUV,red,9.0,40000.0
29900,ford,escapetitanium4x4,like new,4 cylinders,gas,17000.0,clean,automatic,1FMCU9J99KUA48204,4wd,SUV,grey,2.0,34700.0
7995,subaru,outback,excellent,4 cylinders,gas,167724.0,clean,automatic,4S4BP61C187323634,4wd,wagon,custom,13.0,22750.0
17995,mazda,cx5,good,4 cylinders,gas,62637.0,clean,manual,JM3KE4DY5G0600273,4wd,SUV,grey,5.0,30340.0
31995,chevrolet,suburban,good,8 cylinders,gas,90283.0,clean,automatic,1GNSKJKC0FR226745,4wd,SUV,black,6.0,57000.0
3500,mitsubishi,eclipse,excellent,6 cylinders,gas,150000.0,clean,manual,4A3AE55H61E001284,fwd,convertible,custom,20.0,29999.0
7199,toyota,siennace,excellent,6 cylinders,gas,128291.0,clean,automatic,5TDZK23C29S230717,fwd,van,white,12.0,28600.0
13996,porsche,boxster,good,6 cylinders,gas,99685.0,clean,other,WP0CA29833U624497,rwd,convertible,black,18.0,40600.0
6200,dodge,grandcaravan,excellent,6 cylinders,gas,138223.0,clean,automatic,2C4RDGCG4CR173396,fwd,van,grey,9.0,28760.0
24590,lexus,is250sedan4d,good,6 cylinders,other,35629.0,clean,other,JTHBF1D22E5020087,rwd,sedan,black,7.0,35000.0
2800,toyota,priushybrid,good,4 cylinders,hybrid,208000.0,clean,automatic,JTDKB20U553112817,fwd,hatchback,black,16.0,23000.0
6050,nissan,altima,good,6 cylinders,gas,123119.0,rebuilt,automatic,1N4BL2AP0CC221355,fwd,sedan,custom,9.0,24600.0
33995,dodge,challenger,excellent,8 cylinders,gas,22500.0,clean,other,2B3CJ7DW7AH283710,rwd,sedan,black,11.0,44000.0
41000,chevrolet,silverado1500,like new,8 cylinders,gas,83000.0,clean,automatic,3GCUKTEJ3JG551633,4wd,truck,white,3.0,57700.0
19995,ford,mustang,good,4 cylinders,gas,70970.0,clean,automatic,1FA6P8TH0F5374650,rwd,coupe,yellow,6.0,24300.0
29990,chevrolet,coloradoextendedcab,good,6 cylinders,gas,17302.0,clean,other,1GCHTCE37G1186784,4wd,pickup,red,5.0,33500.0
33995,dodge,challenger,excellent,8 cylinders,gas,22500.0,clean,other,2B3CJ7DW7AH283710,rwd,sedan,black,11.0,38000.0
14995,volkswagen,jetta,like new,4 cylinders,gas,60721.0,clean,automatic,3VW2B7AJ8HM230040,fwd,sedan,red,4.0,19800.0
39590,ram,1500crewcablaramiepickup,good,8 cylinders,gas,55804.0,clean,other,1C6SRFRT5KN735634,4wd,pickup,brown,2.0,48700.0
22950,gmc,sierra2500hddenali,excellent,8 cylinders,gas,280000.0,clean,automatic,1GT125C86BF156511,4wd,truck,blue,10.0,61100.0
24590,acura,tlx35sedan4d,good,6 cylinders,gas,30316.0,clean,automatic,19UUB2F39JA008135,fwd,sedan,white,3.0,36450.0
27491,chevrolet,silverado1500lt,excellent,8 cylinders,gas,94739.0,clean,automatic,3GCUKREC1GG103887,4wd,pickup,grey,5.0,38600.0
29990,ford,mustanggtcoupe2d,good,8 cylinders,gas,19374.0,clean,automatic,1FA6P8CFXG5215179,rwd,coupe,red,5.0,32995.0
17300,hyundai,tucson,excellent,4 cylinders,gas,30371.0,clean,automatic,KM8J3CA42JU823615,4wd,SUV,custom,3.0,28800.0
10491,subaru,legacynatl,excellent,6 cylinders,gas,121992.0,clean,automatic,4S3BL856684217987,4wd,sedan,grey,13.0,33995.0
7995,chevrolet,tahoepolicevehicle,good,8 cylinders,gas,173120.0,clean,automatic,1GNSK2E05CR280741,4wd,SUV,black,9.0,38000.0
9990,hyundai,veracruz,excellent,6 cylinders,gas,149000.0,clean,automatic,KM8NUDCC6BU145526,4wd,SUV,silver,10.0,32750.0
12995,honda,civicsedan,excellent,4 cylinders,gas,88000.0,clean,automatic,2HGFB2F52EH511264,fwd,sedan,brown,7.0,19500.0
10900,lexus,ct200hfsport,like new,4 cylinders,hybrid,188000.0,clean,automatic,JTHKD5BH8F2216414,fwd,hatchback,white,6.0,32000.0
9991,honda,accord,excellent,4 cylinders,gas,68000.0,clean,automatic,1HGCP2F89AA062480,fwd,sedan,black,11.0,28720.0
10999,honda,accordex,excellent,4 cylinders,gas,80218.0,clean,automatic,1HGCM56857A022190,fwd,sedan,blue,14.0,23500.0
11913,ford,escapexlt,excellent,4 cylinders,gas,63871.0,clean,automatic,1FMCU0GX7DUC64296,fwd,SUV,white,8.0,23700.0
11500,ford,explorer,excellent,6 cylinders,gas,157905.0,clean,automatic,1FMHK8F84BGA89800,4wd,SUV,white,10.0,39500.0
8700,honda,odysseyexl,excellent,6 cylinders,gas,115600.0,clean,automatic,5FNRL3H74AB034396,fwd,mini-van,silver,11.0,32700.0
26500,porsche,911carreracabrioletc4,excellent,6 cylinders,gas,81645.0,clean,automatic,WP0CA29932S654313,4wd,convertible,grey,19.0,66400.0
4990,bmw,x3,excellent,6 cylinders,gas,142532.0,clean,automatic,WBXPA934X6WD33624,4wd,SUV,blue,15.0,35000.0
9025,ford,fusion,excellent,4 cylinders,gas,137049.0,clean,automatic,3FA6P0G7XGR235269,fwd,sedan,white,5.0,22000.0
7000,ford,focus,excellent,4 cylinders,gas,124000.0,clean,automatic,1FADP3F28EL361348,fwd,sedan,white,7.0,19200.0
10900,chrysler,300,excellent,6 cylinders,gas,125979.0,clean,automatic,2C3CA4CG2BH526207,rwd,sedan,blue,10.0,29200.0
19900,toyota,camry,good,4 cylinders,gas,55292.0,clean,automatic,4T1B11HK4KU219844,fwd,sedan,grey,2.0,24800.0
45990,mercedes-benz,sclasss550,good,8 cylinders,gas,14774.0,clean,automatic,WDDUG8CB0EA031555,rwd,sedan,silver,7.0,101900.0
46659,ram,2500bighorn4x4,excellent,8 cylinders,gas,13078.0,clean,automatic,3C6UR5DJ2KG693747,4wd,truck,white,2.0,55200.0
27995,chevrolet,silverado2500hd,good,8 cylinders,diesel,196615.0,clean,automatic,1GC1KYC83BF165510,4wd,truck,silver,10.0,49900.0
4950,buick,century,good,6 cylinders,gas,115176.0,clean,automatic,2G4WS52JX51107619,fwd,sedan,silver,16.0,23500.0
22990,lexus,gs350sedan4d,good,6 cylinders,gas,53050.0,clean,automatic,JTHBE1BL3E5040413,rwd,sedan,white,7.0,47280.0
16495,jeep,wrangler,good,6 cylinders,gas,122236.0,clean,automatic,1J4GA39137L155539,4wd,SUV,grey,14.0,31500.0
22375,ram,1500,good,6 cylinders,gas,58193.0,clean,automatic,1C6RR6GG1JS114508,rwd,truck,silver,3.0,34800.0
6995,ford,focus,good,4 cylinders,gas,100500.0,clean,manual,1FADP3K24DL274275,fwd,hatchback,black,8.0,18700.0
5900,chevrolet,cruze,like new,4 cylinders,gas,144000.0,clean,automatic,1G1PC5SB5D7274396,rwd,sedan,silver,8.0,18895.0
30500,chevrolet,suburban,excellent,8 cylinders,gas,101412.0,clean,automatic,1GNSKKKC2FR703407,4wd,SUV,black,6.0,67235.0
12994,ford,transit,like new,4 cylinders,gas,95410.0,clean,automatic,NM0GE9F76F1196986,fwd,van,silver,6.0,26800.0
9999,subaru,outback,excellent,6 cylinders,gas,130500.0,clean,automatic,4S4BRDAC5B2376579,4wd,wagon,silver,10.0,26300.0
4750,subaru,impreza,good,4 cylinders,gas,170985.0,salvage,automatic,JF1GH6B66AH819552,4wd,hatchback,grey,11.0,22800.0
13999,ford,thunderbird,good,8 cylinders,gas,85873.0,clean,automatic,1FAHP60A44Y103817,rwd,convertible,blue,17.0,39995.0
12475,jeep,wrangler,good,6 cylinders,gas,158714.0,clean,manual,1C4AJWAG7CL283919,4wd,SUV,green,9.0,27000.0
48900,chevrolet,silverado2500hdltz,like new,8 cylinders,diesel,43034.0,rebuilt,automatic,1GC1KWEYXJF108821,4wd,truck,black,3.0,58500.0
24991,chevrolet,silverado1500,good,8 cylinders,gas,136494.0,clean,automatic,1GCVKRECXGZ395804,4wd,truck,silver,5.0,42300.0
21995,ford,superdutyf250,excellent,8 cylinders,diesel,160679.0,clean,automatic,1FTSW21R58EB71907,4wd,pickup,silver,13.0,53000.0
23990,lincoln,navigatorsportutility,good,8 cylinders,gas,63065.0,clean,other,5LMJJ2J54DEL09382,4wd,other,black,8.0,64385.0
16500,chevrolet,silverado1500,good,8 cylinders,gas,168489.0,clean,automatic,2GCEK13M881141063,4wd,truck,white,13.0,32800.0
16788,ford,explorer,good,6 cylinders,gas,140823.0,clean,automatic,1FM5K8F83DGB53329,4wd,SUV,white,8.0,38500.0
37990,toyota,tundradoublecabsr,good,8 cylinders,gas,22870.0,clean,other,5TFUM5F13GX069124,4wd,pickup,black,5.0,45000.0
19500,ford,escape,excellent,4 cylinders,gas,41440.0,clean,automatic,1FMCU0JD3HUC31025,fwd,SUV,red,4.0,31990.0
7990,lexus,rx330,excellent,6 cylinders,gas,168660.0,clean,automatic,JTJHA31U640056370,4wd,SUV,white,17.0,39900.0
13900,kia,soul,like new,4 cylinders,gas,5900.0,rebuilt,automatic,KNDJP3A57J7597488,fwd,hatchback,blue,3.0,21800.0
13995,chevrolet,equinoxlt,excellent,4 cylinders,gas,110000.0,clean,automatic,2GNFLFEK4H6151240,4wd,SUV,black,4.0,28995.0
6995,chevrolet,malibu,good,4 cylinders,gas,127224.0,clean,automatic,1G1ZC5EB8A4137258,rwd,sedan,silver,11.0,21970.0
27990,gmc,sierra2500hdextendedcab,good,8 cylinders,gas,68696.0,clean,other,1GT220CG8CZ231238,4wd,pickup,black,9.0,40000.0
45990,chevrolet,corvettestingrayz51,good,8 cylinders,gas,19666.0,clean,other,1G1YG3D78E5125905,rwd,convertible,yellow,7.0,67000.0
36789,gmc,sierra1500,excellent,8 cylinders,gas,81145.0,clean,automatic,3GTU2VEC5FG416111,4wd,truck,red,6.0,40485.0
21299,ford,expedition,good,6 cylinders,gas,88967.0,clean,automatic,1FMJU1HT7GEF37812,rwd,SUV,grey,5.0,51500.0
34590,chevrolet,silverado1500double,good,6 cylinders,gas,29499.0,clean,other,1GCVKREH6GZ228691,4wd,pickup,silver,5.0,39800.0
8888,chevrolet,malibu,good,4 cylinders,gas,101256.0,clean,automatic,1G11E5SL5EF251412,fwd,sedan,grey,7.0,24000.0
23990,lexus,is250sedan4d,good,6 cylinders,gas,47304.0,clean,other,JTHBF1D22F5059067,rwd,sedan,red,6.0,37000.0
31990,ram,1500crewcabexpresspickup,good,8 cylinders,gas,15498.0,clean,other,3C6RR7KT2HG689972,4wd,pickup,silver,4.0,41000.0
35990,ford,mustanggtpremiumcoupe2d,good,8 cylinders,gas,4899.0,clean,other,1FA6P8CF9F5375018,rwd,coupe,red,6.0,39900.0
34990,gmc,canyoncrewcabslepickup,good,6 cylinders,gas,34425.0,clean,other,1GTG6CE36G1115577,4wd,pickup,red,5.0,37000.0
35344,ford,transit250,excellent,6 cylinders,gas,13306.0,clean,automatic,1FTBR1C85LKB11142,rwd,van,white,1.0,39500.0
15995,chevrolet,trax,like new,4 cylinders,gas,20843.0,clean,automatic,3GNCJNSB9JL173565,4wd,SUV,black,3.0,23500.0
7900,honda,pilotexl,good,6 cylinders,gas,83500.0,clean,automatic,5FNYF18488B006138,4wd,SUV,silver,13.0,32950.0
32990,bmw,m3coupe2d,good,8 cylinders,gas,45719.0,clean,other,WBSWD93569P361076,rwd,coupe,black,12.0,61900.0
9995,subaru,impreza,excellent,4 cylinders,gas,91603.0,clean,automatic,JF1GJAA62CH021948,4wd,sedan,black,9.0,18495.0
17126,toyota,tundra4wdtruck,good,8 cylinders,gas,145334.0,clean,automatic,5TBBV54178S503990,4wd,truck,custom,13.0,38500.0
11995,chevrolet,suburban,good,8 cylinders,gas,124390.0,clean,automatic,1GNFK16387J245085,4wd,SUV,grey,14.0,43000.0
22900,mercedes-benz,eclass,excellent,6 cylinders,gas,53551.0,clean,automatic,WDDHF8JB1EB045496,4wd,sedan,white,7.0,55000.0
11499,kia,soul,good,4 cylinders,gas,85578.0,clean,automatic,KNDJN2A2XG7378331,fwd,SUV,grey,5.0,19400.0
4500,toyota,avalonxl,excellent,6 cylinders,gas,76367.0,clean,automatic,4T1BF28B54U352901,fwd,sedan,silver,17.0,30900.0
40990,ford,f250,excellent,8 cylinders,gas,68202.0,clean,automatic,1FT7W2B63JEB34256,4wd,pickup,white,3.0,48000.0
21700,jeep,wranglerrubicon,excellent,6 cylinders,gas,128481.0,clean,manual,1J4GA69188L520381,4wd,SUV,blue,13.0,30000.0
22995,jeep,wranglerunlimited,like new,6 cylinders,gas,123256.0,clean,manual,1C4BJWEGXDL557372,4wd,SUV,white,8.0,31895.0
53950,gmc,yukonxl,excellent,8 cylinders,gas,44344.0,clean,automatic,1GKS2HKJ2KR381117,4wd,SUV,black,2.0,83900.0
35995,gmc,yukonxl,excellent,8 cylinders,gas,112229.0,clean,automatic,1GKS2GKC7GR323569,4wd,SUV,black,5.0,64685.0
5500,hyundai,veloster,good,4 cylinders,gas,153527.0,clean,automatic,KMHTC6AD7CU044692,fwd,coupe,red,9.0,19750.0
21995,chevrolet,suburban,excellent,8 cylinders,gas,130974.0,clean,automatic,1GNZKMEG9AR177679,4wd,SUV,white,11.0,54000.0
6994,chevrolet,cruzeeco,excellent,4 cylinders,gas,120563.0,clean,automatic,1G1PJ5SC1C7175829,fwd,truck,silver,9.0,19500.0
5495,volkswagen,jetta,good,4 cylinders,gas,120794.0,clean,automatic,3VW2K7AJ2EM313426,fwd,sedan,black,7.0,19625.0
37995,ford,mustanggt,excellent,8 cylinders,gas,9100.0,clean,manual,1FA6P8CF2K5125498,rwd,coupe,black,2.0,42700.0
13949,honda,accordsdnlx,good,4 cylinders,gas,100171.0,clean,automatic,1HGCR2F32DA063392,fwd,sedan,white,8.0,22450.0
13995,hyundai,elantra,excellent,4 cylinders,gas,24571.0,clean,automatic,5NPD84LF8HH204044,fwd,sedan,black,4.0,21000.0
12900,ford,expedition,excellent,8 cylinders,gas,137051.0,clean,automatic,1FMJK1H58BEF47359,rwd,SUV,grey,10.0,41000.0
5495,pontiac,vibe,excellent,4 cylinders,gas,122165.0,clean,automatic,5Y2SL63875Z482831,fwd,hatchback,black,16.0,18295.0
12995,chevrolet,colorado,good,4 cylinders,gas,99682.0,rebuilt,automatic,1GCJTBF96C8100977,4wd,truck,silver,9.0,23705.0
30491,toyota,4runner,excellent,6 cylinders,gas,87239.0,clean,automatic,JTEBU5JR5G5368481,4wd,SUV,white,5.0,35200.0
8995,honda,fit,excellent,4 cylinders,gas,103514.0,clean,automatic,JHMGE8H52BC013296,fwd,hatchback,white,10.0,18400.0
30590,jeep,wranglerrubiconsport,good,6 cylinders,gas,59322.0,clean,other,1C4BJWCGXGL165497,4wd,SUV,black,5.0,38800.0
9995,audi,a4,excellent,4 cylinders,gas,97656.0,clean,automatic,WAUBFAFLXBN011640,4wd,sedan,silver,10.0,36900.0
8995,gmc,acadia,excellent,6 cylinders,gas,138024.0,clean,automatic,1GKER23708J156355,fwd,SUV,white,13.0,37100.0
8490,ford,f150,good,8 cylinders,gas,170010.0,clean,automatic,1FTRW08L61KC00326,4wd,truck,custom,20.0,27000.0
9997,nissan,rogue,good,4 cylinders,gas,105961.0,clean,automatic,5N1AT2MT4FC751584,fwd,SUV,silver,6.0,24990.0
7500,ford,f150xl,excellent,6 cylinders,gas,144120.0,clean,automatic,1FTRF12228KB54204,rwd,truck,white,13.0,25700.0
34590,chevrolet,silverado1500double,good,6 cylinders,gas,29499.0,clean,other,1GCVKREH6GZ228691,4wd,pickup,silver,5.0,38500.0
25900,toyota,tacoma,excellent,6 cylinders,gas,67497.0,clean,automatic,5TFRZ5CN7GX001116,rwd,pickup,red,5.0,33700.0
12995,gmc,sierra2500hd,excellent,8 cylinders,gas,211875.0,clean,automatic,1GT210CG7CZ291448,rwd,pickup,blue,9.0,38850.0
46900,ford,f350superdutydiesel,like new,8 cylinders,diesel,132000.0,clean,automatic,1FT8W3DT9HEC95928,4wd,truck,white,4.0,60000.0
36990,gmc,sierra2500hddoublecab,good,8 cylinders,gas,23190.0,clean,other,1GT22REG1GZ401351,4wd,pickup,black,5.0,42500.0
14950,chrysler,townandcountry,excellent,6 cylinders,gas,79590.0,clean,automatic,2C4RC1CG3FR727242,fwd,mini-van,white,6.0,38600.0
30995,lincoln,mkx,excellent,6 cylinders,gas,12841.0,clean,automatic,2LMTJ6LR9GBL71819,fwd,SUV,white,5.0,45600.0
19000,dodge,challengerrt,like new,8 cylinders,gas,102200.0,lien,automatic,2B3CJ5DT9AH137058,rwd,coupe,blue,11.0,30800.0
17500,gmc,yukondenali,good,8 cylinders,gas,164340.0,clean,automatic,1GKS2EEF1BR266773,4wd,SUV,white,10.0,66000.0
15995,jeep,cherokee,excellent,4 cylinders,gas,55010.0,clean,automatic,1C4PJLCB3GW106363,fwd,SUV,black,5.0,26500.0
42279,ford,f350sd,excellent,8 cylinders,diesel,120800.0,clean,automatic,1FT8W3BT9DEB83692,4wd,truck,custom,8.0,57445.0
19995,ford,f250superduty4x4,excellent,8 cylinders,gas,152661.0,clean,automatic,1FT7X2B6XDEA92850,4wd,truck,white,8.0,42100.0
9995,volkswagen,tiguansel,excellent,4 cylinders,gas,108371.0,clean,automatic,WVGBV7AX8CW569822,4wd,SUV,black,9.0,29900.0
35590,ram,1500crewcabbighorn,good,6 cylinders,other,22805.0,clean,other,1C6RR7LG2JS220638,4wd,pickup,black,3.0,39900.0
34997,chevrolet,silverado3500hd,excellent,8 cylinders,diesel,84697.0,clean,automatic,1GB4KZCL8BF194190,4wd,pickup,white,10.0,42900.0
38590,chevrolet,corvettegrandsport,good,8 cylinders,gas,30237.0,clean,other,1G1YR3DW3B5102190,rwd,other,red,10.0,57500.0
31990,jaguar,xf35trsportsedan4d,good,6 cylinders,gas,23694.0,clean,other,SAJBF4BVXHCY34344,rwd,sedan,blue,4.0,61200.0
19990,lexus,rx350,excellent,6 cylinders,gas,110520.0,clean,automatic,2T2BK1BA7FC307318,4wd,SUV,grey,6.0,47000.0
8999,ford,cmaxhybrid,good,4 cylinders,gas,152801.0,clean,automatic,1FADP5BU4DL549141,fwd,hatchback,silver,8.0,24995.0
5995,honda,civiclx,good,4 cylinders,gas,120090.0,clean,automatic,19XFA1F52BE047881,fwd,sedan,blue,10.0,19500.0
44990,ford,superdutyf550drw,good,8 cylinders,diesel,52307.0,clean,automatic,1FDUF5HT3CEA93689,4wd,truck,white,9.0,54000.0
5999,bmw,x530sport,excellent,6 cylinders,gas,132090.0,clean,automatic,5UXFA13544LU28449,4wd,SUV,white,17.0,44000.0
8950,subaru,foresternatl,excellent,4 cylinders,gas,119184.0,clean,automatic,JF2SH63649H746617,4wd,SUV,black,12.0,24000.0
9450,kia,sedonalx,excellent,6 cylinders,gas,123227.0,clean,automatic,KNDMB5C1XF6044932,fwd,mini-van,white,6.0,25700.0
8900,dodge,grandcaravan,good,6 cylinders,gas,156740.0,clean,automatic,2C4RDGCG0HR604503,fwd,mini-van,black,4.0,31795.0
18495,chevrolet,traverseltz,excellent,6 cylinders,gas,98000.0,clean,automatic,1GNKVJKD5FJ271503,4wd,SUV,white,6.0,48000.0
20850,lexus,gs350,excellent,6 cylinders,gas,85750.0,clean,automatic,JTHCE1BLXD5006892,4wd,sedan,silver,8.0,47000.0
12980,toyota,camry,excellent,4 cylinders,gas,86000.0,clean,automatic,4T1BF1FK7EU788423,fwd,sedan,red,7.0,24000.0
8499,chevrolet,impala,good,6 cylinders,gas,116251.0,clean,automatic,2G1WA5E39E1158784,fwd,sedan,black,7.0,22670.0
7995,mercury,mariner,excellent,4 cylinders,gas,98709.0,clean,automatic,4M2CN9H76AKJ09759,4wd,SUV,green,11.0,28650.0
7800,chevrolet,cruze1lt,excellent,4 cylinders,gas,92902.0,clean,automatic,1G1PC5SB5E7232098,fwd,sedan,blue,7.0,19500.0
6999,kia,soul,good,4 cylinders,gas,123631.0,clean,automatic,KNDJN2A23G7823668,fwd,wagon,green,5.0,20300.0
6450,subaru,forester25x,excellent,4 cylinders,gas,141179.0,clean,manual,JF2SHABC0CG424192,4wd,SUV,green,9.0,26000.0
4900,honda,accord,excellent,4 cylinders,gas,130000.0,clean,automatic,JHMCM561X7C009858,fwd,sedan,silver,14.0,22300.0
7900,bmw,3series328ixdrive,excellent,6 cylinders,gas,98000.0,clean,automatic,WBAPK53599A510896,4wd,sedan,black,12.0,35900.0
26990,nissan,titansinglecabsv,good,8 cylinders,gas,41335.0,clean,other,1N6AA1R84HN570756,4wd,pickup,red,4.0,42500.0
31590,lexus,rx350sportutility4d,good,6 cylinders,gas,28185.0,clean,other,2T2ZZMCAXHC078839,fwd,SUV,silver,4.0,42900.0
4990,volkswagen,newbeetle,excellent,4 cylinders,gas,143411.0,clean,automatic,3VWCK31C25M412746,fwd,hatchback,orange,16.0,22000.0
13163,chevrolet,traverse,excellent,6 cylinders,gas,122173.0,clean,automatic,1GNKVGKD8FJ172211,4wd,SUV,blue,6.0,40500.0
12499,volkswagen,jetta14tse,like new,4 cylinders,gas,100000.0,clean,automatic,3VWDB7AJ4HM314364,fwd,sedan,silver,4.0,21500.0
39329,volkswagen,atlascrosssport,excellent,4 cylinders,gas,5271.0,clean,automatic,1V2MC2CA3LC202874,4wd,SUV,grey,1.0,39345.0
16999,volkswagen,tiguan,excellent,4 cylinders,gas,58189.0,clean,automatic,WVGBV7AX9HK004963,4wd,SUV,white,4.0,30500.0
29990,toyota,tacomadoublecabpickup,good,6 cylinders,gas,43182.0,clean,other,3TMLU4EN4CM085701,4wd,pickup,white,9.0,31700.0
5995,ford,fiesta,excellent,4 cylinders,gas,104000.0,clean,manual,3FADP4EJ7DM171729,fwd,sedan,green,8.0,16000.0
2750,chrysler,ptcruiser,good,4 cylinders,gas,90120.0,clean,automatic,3C4FY48B05T605050,fwd,sedan,green,16.0,18600.0
31990,jeep,wranglersportsutility2d,good,6 cylinders,gas,891.0,clean,other,1C4AJWAG1HL698869,4wd,other,white,4.0,32000.0
4450,toyota,priustwohatchback4d,good,4 cylinders,gas,194506.0,clean,automatic,JTDKB20U553068222,fwd,hatchback,grey,16.0,23000.0
9950,toyota,4runnerlimitedv84x4,good,8 cylinders,gas,158668.0,clean,automatic,JTEBT17R950050926,4wd,SUV,silver,16.0,34500.0
2495,bmw,x3,excellent,6 cylinders,gas,117944.0,clean,automatic,WBXPC93467WF23075,4wd,SUV,brown,14.0,41000.0
20980,gmc,acadia,excellent,6 cylinders,gas,97617.0,clean,automatic,1GKKVSKD6GJ240118,4wd,SUV,white,5.0,41300.0
38990,jeep,wranglerunlimitedrubicon,good,6 cylinders,gas,20676.0,clean,other,1C4BJWFG3HL547853,4wd,other,red,4.0,43000.0
16995,nissan,rogue,excellent,4 cylinders,gas,82032.0,clean,automatic,KNMAT2MV2HP601216,4wd,SUV,silver,4.0,28300.0
13999,mazda,3,excellent,4 cylinders,gas,127944.0,clean,automatic,JM1BN1K72H1102206,fwd,hatchback,red,4.0,20000.0
4900,volkswagen,jetta19tdimk4,good,4 cylinders,diesel,161851.0,clean,automatic,3VWSP69M52M065212,fwd,sedan,blue,19.0,21000.0
23495,ford,f150xlt4x4,like new,8 cylinders,gas,146795.0,clean,automatic,1FTFX1EF5FFC24427,4wd,truck,black,6.0,47000.0
9995,honda,civiclx,good,4 cylinders,gas,65703.0,clean,automatic,19XFB2F54DE201612,fwd,sedan,grey,8.0,18500.0
26990,chevrolet,coloradocrewcabz71,good,6 cylinders,gas,73371.0,clean,other,1GCGTDE31G1179640,4wd,pickup,white,5.0,38500.0
26995,bmw,x6m,excellent,8 cylinders,gas,105533.0,clean,automatic,5YMGZ0C59CLK14751,4wd,SUV,white,9.0,100600.0
21995,ford,transitcargovan,good,6 cylinders,other,76751.0,clean,automatic,1FTNR1ZM1FKA84916,rwd,van,white,6.0,36500.0
23990,lexus,gs350sedan4d,good,6 cylinders,gas,39664.0,clean,other,JTHBE1BLXD5015751,rwd,sedan,brown,8.0,59750.0
35900,ram,3500,excellent,6 cylinders,diesel,85622.0,clean,automatic,3C7WDTAL0CG222114,4wd,truck,white,9.0,47500.0
18495,chevrolet,silverado2500hd,good,8 cylinders,diesel,231300.0,clean,automatic,1GCHK23617F522927,4wd,pickup,blue,14.0,43100.0
21950,chevrolet,silverado1500,good,8 cylinders,gas,175124.0,clean,automatic,1GCUKREC0HF129898,4wd,truck,white,4.0,41500.0
4950,toyota,corolla,excellent,4 cylinders,gas,210130.0,clean,automatic,JTDBL40E89J042734,fwd,sedan,white,12.0,15500.0
29990,chevrolet,silverado1500double,good,8 cylinders,gas,26129.0,clean,other,1GCVKREC7EZ196951,4wd,pickup,brown,7.0,39650.0
25500,bmw,x4xdrive28i,like new,4 cylinders,gas,60000.0,clean,automatic,5UXXW3C53F0M87868,4wd,SUV,white,6.0,47000.0
36990,jaguar,xkconvertible2d,good,8 cylinders,gas,9919.0,clean,other,SAJWA4GB6DLB49978,rwd,convertible,red,8.0,83500.0
43900,ford,superdutyf250srw,excellent,8 cylinders,diesel,118000.0,clean,automatic,1FT7W2BT3GEA11393,4wd,truck,black,5.0,60800.0
6500,saturn,vue,excellent,6 cylinders,gas,124571.0,clean,automatic,3GSCL53748S573888,fwd,SUV,blue,13.0,24255.0
16995,honda,accordsedan,excellent,6 cylinders,gas,92170.0,clean,automatic,1HGCR3F89GA009383,fwd,sedan,brown,5.0,33500.0
30990,mercedes-benz,slclasssl550,good,8 cylinders,hybrid,51086.0,clean,automatic,WDBSK7BA6BF166264,rwd,convertible,silver,10.0,104000.0
22990,lexus,gs350sedan4d,good,6 cylinders,gas,53050.0,clean,automatic,JTHBE1BL3E5040413,rwd,sedan,white,7.0,47175.0
11500,ford,fusiontitaniumturbo,excellent,4 cylinders,gas,92280.0,clean,automatic,3FA6P0K90GR344347,fwd,sedan,black,5.0,30500.0
3600,volkswagen,jettagl,good,5 cylinders,gas,113000.0,rebuilt,automatic,3VWPF71K96M660076,fwd,sedan,grey,15.0,20000.0
17995,ford,transit,good,6 cylinders,gas,81037.0,clean,automatic,1FMZK1ZM0GKB39245,rwd,van,silver,5.0,32500.0
46995,gmc,sierra3500hd,excellent,8 cylinders,diesel,124820.0,clean,automatic,1GT424E82FF623532,4wd,pickup,black,6.0,61800.0
23388,jeep,wrangler,excellent,6 cylinders,gas,136875.0,clean,automatic,1C4HJWEG3DL705047,4wd,offroad,black,8.0,31800.0
1500,honda,civic,like new,4 cylinders,gas,141000.0,clean,automatic,2HGFA1F50BH522658,fwd,sedan,blue,10.0,19200.0
39995,chevrolet,silverado2500hd,good,8 cylinders,diesel,117810.0,clean,automatic,1GC1KYE82EF145041,4wd,truck,black,7.0,58995.0
14990,ford,f1504x4,excellent,8 cylinders,gas,151000.0,clean,automatic,1FTFX1EF8EKF40488,4wd,truck,white,7.0,39900.0
28590,gmc,acadiasle2sportutility,good,6 cylinders,gas,20736.0,clean,other,1GKKNLLS2JZ178034,fwd,other,white,3.0,34800.0
16590,acura,rdxsportutility4d,good,6 cylinders,gas,86919.0,clean,automatic,5J8TB3H59EL004581,fwd,SUV,black,7.0,38970.0
3999,pontiac,grandprix,excellent,6 cylinders,gas,150272.0,clean,automatic,2G2WR524X41339666,fwd,sedan,silver,17.0,26500.0
25990,cadillac,xt5sportutility4d,good,6 cylinders,gas,18990.0,clean,other,1GYKNARS5JZ107735,fwd,SUV,silver,3.0,47300.0
14850,toyota,camry,excellent,4 cylinders,gas,80000.0,clean,automatic,4T1BF1FK4HU665599,fwd,sedan,silver,4.0,23700.0
12900,gmc,sierra1500,excellent,8 cylinders,gas,147096.0,clean,automatic,2GTEK19J581269287,4wd,pickup,blue,13.0,32000.0
39590,ram,1500crewcabbighorn,good,6 cylinders,other,19722.0,clean,other,1C6RRFFG5KN727684,4wd,pickup,white,2.0,40600.0
4995,honda,civichybrid,excellent,4 cylinders,hybrid,229444.0,clean,automatic,JHMFA3F2XAS001453,fwd,sedan,grey,11.0,23500.0
10999,bmw,5series535ixdrive,excellent,6 cylinders,gas,81728.0,clean,automatic,WBANV9C58AC391379,4wd,sedan,silver,11.0,58700.0
7300,lexus,rx350,good,6 cylinders,gas,181000.0,clean,automatic,2T2GK31U57C025466,fwd,SUV,white,14.0,40600.0
7999,honda,crv,good,4 cylinders,gas,125163.0,clean,automatic,5J6RE4H3XBL018449,4wd,SUV,blue,10.0,25500.0
19900,jeep,wrangler,excellent,6 cylinders,gas,62485.0,clean,automatic,1C4GJWAG0GL283356,4wd,SUV,black,5.0,27000.0
23995,buick,envision,excellent,4 cylinders,gas,43323.0,clean,automatic,LRBFX1SA2JD007686,fwd,SUV,brown,3.0,35300.0
9450,honda,accordexl,excellent,4 cylinders,gas,118263.0,clean,automatic,1HGCP2F84BA129553,fwd,sedan,silver,10.0,26970.0
27990,infiniti,qx60puresportutility,good,6 cylinders,gas,31050.0,clean,other,5N1DL0MN4LC509537,fwd,SUV,brown,1.0,44645.0
40990,ford,mustanggtcoupe2d,good,8 cylinders,gas,39.0,clean,other,1FA6P8CFXL5190309,rwd,coupe,black,1.0,43000.0
37900,rover,lr4hseluxury,excellent,6 cylinders,gas,74189.0,clean,automatic,SALAK2V6XGA823300,4wd,SUV,white,5.0,64995.0
2500,infiniti,jx35,excellent,6 cylinders,gas,112946.0,clean,manual,5N1AL0MN9DC345531,fwd,SUV,silver,8.0,42900.0
5750,volvo,xc90awd,good,8 cylinders,gas,150372.0,clean,automatic,YV1CZ852651204440,4wd,SUV,black,16.0,46500.0
8990,nissan,xterrase4x4,excellent,6 cylinders,gas,144448.0,clean,automatic,5N1AN0NW8AC517738,4wd,SUV,black,11.0,27500.0
19900,hyundai,santafe,excellent,4 cylinders,gas,49622.0,clean,automatic,5NMS23AD7KH042464,fwd,wagon,red,2.0,25800.0
9999,gmc,acadia,excellent,6 cylinders,gas,113077.0,clean,automatic,1GKEV23D29J100288,4wd,SUV,brown,12.0,40000.0
8677,toyota,rav4,good,4 cylinders,gas,148117.0,clean,automatic,2T3ZF4DV9BW080433,rwd,SUV,blue,10.0,25000.0
38590,chevrolet,corvettegrandsport,good,8 cylinders,gas,30237.0,clean,other,1G1YR3DW3B5102190,rwd,other,red,10.0,55700.0
2400,chrysler,ptcruiser,excellent,4 cylinders,gas,111568.0,clean,manual,3A4FY48B76T342938,fwd,wagon,green,15.0,18000.0
27590,jeep,cherokeelatitudeplus,good,6 cylinders,gas,6955.0,clean,other,1C4PJMLX0KD306767,4wd,SUV,silver,2.0,34300.0
15995,lexus,es350,like new,6 cylinders,gas,104504.0,clean,automatic,JTHBK1GGXD2000477,fwd,sedan,blue,8.0,38500.0
19900,toyota,rav4awd,like new,4 cylinders,gas,7800.0,clean,automatic,2T3BFREV0JW755145,4wd,SUV,black,3.0,28700.0
49990,gmc,yukonsltsportutility4d,good,8 cylinders,other,31166.0,clean,other,1GKS2BKC8LR268918,4wd,other,blue,1.0,62200.0
16281,honda,crv,excellent,4 cylinders,gas,66654.0,clean,automatic,2HKRM4H51DH644084,4wd,SUV,blue,8.0,25300.0
6500,cadillac,escaladeluxury,excellent,8 cylinders,gas,138197.0,clean,automatic,1GYEK63N23R303656,4wd,SUV,brown,18.0,55800.0
11777,hyundai,sonata,good,4 cylinders,gas,109705.0,clean,automatic,5NPE34AF9GH297029,fwd,sedan,silver,5.0,24600.0
23466,ford,transit150xlt,excellent,6 cylinders,gas,83309.0,clean,automatic,1FDZK1CMXFKA67574,rwd,van,white,6.0,34800.0
17995,bmw,535ixdrivemseries,like new,6 cylinders,gas,65349.0,clean,automatic,WBAFU7C53DDU67729,4wd,sedan,grey,8.0,55000.0
46900,chevrolet,silverado3500hd,excellent,8 cylinders,diesel,138000.0,clean,automatic,1GC4K0E86FF139095,4wd,truck,red,6.0,56000.0
18677,lincoln,mkc,excellent,4 cylinders,gas,58897.0,clean,automatic,5LMCJ2A97FUJ12422,4wd,SUV,black,6.0,38800.0
8450,subaru,forester25xpremiumawd,good,4 cylinders,gas,146934.0,clean,automatic,JF1SG65658H719249,4wd,SUV,white,13.0,24500.0
8900,jeep,compass,excellent,4 cylinders,gas,0.0,clean,automatic,1J4FT47B29D207733,fwd,wagon,blue,12.0,21590.0
29990,chevrolet,silverado1500double,good,8 cylinders,gas,26129.0,clean,other,1GCVKREC7EZ196951,4wd,pickup,brown,7.0,37000.0
16500,chevrolet,suburbanlt,excellent,8 cylinders,gas,104000.0,clean,automatic,1GNSKJE79CR147908,4wd,SUV,black,9.0,48230.0
24590,chevrolet,coloradoextendedcab,good,6 cylinders,gas,100851.0,clean,other,1GCHTDE3XG1220609,4wd,pickup,red,5.0,37500.0
30750,lexus,gx460luxury,like new,8 cylinders,gas,99500.0,clean,automatic,JTJBM7FX2F5104511,4wd,SUV,silver,6.0,62000.0
44995,chevrolet,traverse,excellent,6 cylinders,gas,17059.0,clean,automatic,1GNEVKKW8KJ142153,4wd,SUV,black,2.0,52900.0
29590,hyundai,santafelimited,good,6 cylinders,gas,38412.0,clean,other,KM8SR4HF4JU271373,fwd,other,black,3.0,37800.0
10500,lexus,ct200h,good,4 cylinders,gas,132866.0,clean,automatic,JTHKD5BH2E2175096,fwd,hatchback,white,7.0,32000.0
30000,toyota,tacoma,excellent,6 cylinders,gas,108665.0,clean,automatic,3TMDZ5BN0GM003274,4wd,truck,black,5.0,38000.0
15900,chevrolet,equinox,excellent,4 cylinders,gas,24700.0,clean,automatic,2GNFLEEK1E6285323,4wd,SUV,blue,7.0,27755.0
9900,ford,fusion,good,4 cylinders,gas,96903.0,clean,automatic,3FA6P0H73DR183008,fwd,sedan,purple,8.0,23695.0
33990,toyota,siennaseminivan4d,good,6 cylinders,gas,16607.0,clean,other,5TDXZ3DC4JS923512,fwd,van,white,3.0,35000.0
19995,toyota,tundracrewmaxsr5pickup,excellent,8 cylinders,gas,206677.0,clean,automatic,5TFDY5F1XBX208596,4wd,truck,silver,10.0,40700.0
31590,lexus,rx350sportutility4d,good,6 cylinders,gas,28185.0,clean,other,2T2ZZMCAXHC078839,fwd,SUV,silver,4.0,43250.0
24999,gmc,sierra1500,like new,8 cylinders,gas,58500.0,clean,automatic,3GTRKVE38AG133815,4wd,truck,black,11.0,33500.0
26990,nissan,titansinglecabsv,good,8 cylinders,gas,41335.0,clean,other,1N6AA1R84HN570756,4wd,pickup,red,4.0,40000.0
6950,ford,fiesta,excellent,4 cylinders,gas,103718.0,clean,automatic,3FADP4AJ7EM211993,fwd,sedan,white,7.0,14700.0
20444,ford,explorersportloaded,excellent,6 cylinders,gas,98901.0,clean,automatic,1FM5K8GT7FGB11560,4wd,SUV,grey,6.0,40600.0
35990,jeep,grandcherokeelimited,good,6 cylinders,gas,5448.0,clean,other,1C4RJFBG3KC666675,4wd,other,silver,2.0,42000.0
9850,subaru,outback36rltdh6,like new,6 cylinders,gas,132860.0,clean,automatic,4S4BRDKCXB2419571,4wd,SUV,silver,10.0,32000.0
13990,hyundai,elantra,good,4 cylinders,gas,44225.0,clean,automatic,5NPD74LF1KH435653,fwd,sedan,black,2.0,19200.0
13900,kia,sorento,excellent,6 cylinders,gas,80645.0,clean,automatic,5XYKW4A71EG549637,fwd,SUV,black,7.0,38500.0
24999,ram,1500bighorn,good,8 cylinders,gas,107000.0,clean,automatic,1C6RR6GT3FS674700,rwd,pickup,silver,6.0,37700.0
18491,subaru,imprezasedanwrx,excellent,4 cylinders,gas,94988.0,clean,manual,JF1GV7E65DG006577,4wd,sedan,silver,8.0,27600.0
19990,lexus,gs350sedan4d,good,6 cylinders,gas,98917.0,clean,other,JTHBE1BL7D5000897,rwd,sedan,white,8.0,49600.0
14900,ford,edgelimitedawd,excellent,6 cylinders,gas,124821.0,clean,automatic,2FMDK4KC9EBA91233,4wd,other,custom,7.0,36300.0
12995,mazda,cx5,excellent,4 cylinders,gas,51800.0,salvage,automatic,JM3KFACM8J0313043,fwd,SUV,blue,3.0,27000.0
13495,ford,focus,like new,4 cylinders,gas,44165.0,clean,automatic,1FADP3H20HL235843,fwd,sedan,red,4.0,23000.0
8995,volvo,xc6032awd,excellent,6 cylinders,gas,135761.0,clean,automatic,YV4940DZ3B2141623,4wd,SUV,blue,10.0,38000.0
14875,chevrolet,silverado1500lt4x4,excellent,8 cylinders,gas,147000.0,clean,automatic,2GCEK19J481135077,4wd,truck,silver,13.0,33500.0
28990,dodge,challengerrtclassic,good,8 cylinders,other,13807.0,clean,other,2C3CDYBT3EH160775,rwd,coupe,orange,7.0,30600.0
29990,lincoln,continentalreserve,good,6 cylinders,gas,31408.0,clean,other,1LN6L9RP1H5605662,fwd,sedan,white,4.0,62000.0
12800,subaru,outback,excellent,4 cylinders,gas,78458.0,clean,automatic,4S4BRBCC8D3267614,4wd,wagon,blue,8.0,28495.0
19300,ford,transit250,excellent,6 cylinders,gas,220076.0,salvage,automatic,1FTNR2XG6FKA81559,fwd,other,white,6.0,38500.0
12990,buick,enclave,excellent,6 cylinders,gas,94988.0,clean,automatic,5GAKVCED5CJ378094,4wd,SUV,white,9.0,45700.0
14495,chevrolet,colorado,good,4 cylinders,gas,106977.0,clean,automatic,1GCHSBEA2G1226863,rwd,truck,white,5.0,20000.0
23900,ford,f150,good,8 cylinders,gas,94750.0,clean,automatic,1FTFX1E59JKE86877,4wd,truck,white,3.0,44700.0
16950,gmc,sierra1500,good,8 cylinders,gas,82093.0,clean,automatic,1GTN2TE00DZ160746,4wd,pickup,grey,8.0,30500.0
16300,ford,f150,excellent,6 cylinders,gas,144404.0,clean,automatic,1FTFW1CT2CKD92945,rwd,pickup,blue,9.0,28000.0
24995,jeep,wranglerunlimited,excellent,6 cylinders,gas,104374.0,clean,automatic,1C4BJWEG6DL683955,4wd,wagon,silver,8.0,33000.0
3900,subaru,forester25xawd,excellent,4 cylinders,gas,168921.0,clean,manual,JF1SG63696G716344,4wd,SUV,grey,15.0,21500.0
10990,lexus,es350,good,6 cylinders,gas,102078.0,clean,automatic,JTHBJ46G392324089,fwd,sedan,silver,12.0,36400.0
6490,chevrolet,malibulsfleet4drs,like new,6 cylinders,gas,131000.0,clean,automatic,1G1ZA5E05CF395703,fwd,sedan,grey,9.0,19500.0
46800,gmc,sierra2500hd,like new,8 cylinders,diesel,114785.0,clean,automatic,1GT120E88FF575739,4wd,truck,blue,6.0,69050.0
13500,subaru,foresterawd25ilimited,excellent,4 cylinders,gas,120013.0,clean,automatic,JF2SJAHC1FH561166,4wd,SUV,blue,6.0,31800.0
6780,subaru,legacy,good,6 cylinders,gas,164121.0,clean,automatic,4S3BMDL60B2224929,4wd,sedan,silver,10.0,31000.0
9995,cadillac,srx,good,6 cylinders,gas,104548.0,clean,automatic,3GYFNAEY3BS679400,4wd,wagon,black,10.0,45000.0
11995,hyundai,elantragt,good,4 cylinders,gas,53826.0,rebuilt,automatic,KMHD35LH3HU374304,fwd,hatchback,white,4.0,22000.0
3200,pontiac,grandprix,excellent,6 cylinders,gas,188100.0,clean,automatic,2G2WP522X51263369,fwd,sedan,white,16.0,24665.0
4400,subaru,forester,good,4 cylinders,gas,220000.0,clean,manual,JF2SHBBCXCG458856,4wd,hatchback,grey,9.0,26600.0
19900,bmw,x5xdrive35i,excellent,6 cylinders,gas,106894.0,clean,automatic,5UXKR0C53F0K55075,4wd,SUV,brown,6.0,60900.0
12249,cadillac,srx,good,6 cylinders,gas,89472.0,clean,automatic,3GYFNKE66BS554539,4wd,SUV,black,10.0,48780.0
30990,gmc,canyoncrewcabslepickup,good,6 cylinders,gas,51605.0,clean,other,1GTG6CE34G1115349,4wd,pickup,silver,5.0,35900.0
29590,ford,expeditionxltsport,good,6 cylinders,gas,70760.0,clean,other,1FMJU1JT1HEA52352,4wd,SUV,blue,4.0,61500.0
34990,ford,mustanggtpremium,good,8 cylinders,gas,18650.0,clean,other,1FATP8FF5J5115190,rwd,convertible,black,3.0,42300.0
33990,ram,1500crewcabtradesman,good,8 cylinders,gas,17033.0,clean,other,3C6RR7KT7HG794054,4wd,pickup,blue,4.0,38645.0
20695,lincoln,mkz,like new,4 cylinders,gas,41969.0,clean,automatic,3LN6L5E93HR621827,fwd,sedan,white,4.0,38500.0
8000,ford,mustangconv,excellent,6 cylinders,gas,97000.0,rebuilt,automatic,1ZVFT84N965223720,rwd,convertible,red,15.0,20725.0
27288,chevrolet,silverado1500lt4wd,good,8 cylinders,other,106183.0,clean,automatic,1GCVKREC6EZ413499,4wd,pickup,brown,7.0,38400.0
7995,toyota,rav4,excellent,4 cylinders,gas,159370.0,clean,automatic,JTMBD33V686076319,4wd,SUV,red,13.0,24500.0
10995,honda,accordlxs,good,4 cylinders,gas,114637.0,clean,automatic,1HGCT1B38FA013357,fwd,coupe,red,6.0,23990.0
29990,toyota,tacomadoublecabpickup,good,6 cylinders,gas,43182.0,clean,other,3TMLU4EN4CM085701,4wd,pickup,white,9.0,31700.0
8888,mercedes-benz,mclass35l,excellent,6 cylinders,gas,142000.0,clean,automatic,4JGBB86E88A396393,4wd,SUV,silver,13.0,60000.0
7995,honda,civicsicoupe,excellent,4 cylinders,gas,176739.0,clean,manual,2HGFG21577H702397,fwd,coupe,black,14.0,21970.0
6500,chevrolet,impalals,good,6 cylinders,gas,96526.0,clean,automatic,2G1WB58KX89119627,fwd,sedan,silver,13.0,23500.0
42590,lincoln,navigatorlreserve,good,6 cylinders,gas,62776.0,clean,other,5LMJJ3LT1HEL02896,4wd,SUV,white,4.0,83400.0
39590,ram,1500crewcablaramiepickup,good,8 cylinders,gas,55804.0,clean,other,1C6SRFRT5KN735634,4wd,pickup,brown,2.0,46600.0
14980,ford,mustangv6,excellent,6 cylinders,gas,98089.0,clean,automatic,1ZVBP8AM6E5257126,rwd,coupe,black,7.0,22995.0
27900,dodge,durango,good,6 cylinders,gas,34855.0,clean,automatic,1C4RDHEG8HC652228,rwd,wagon,brown,4.0,42790.0
1600,ford,focustitanium,salvage,4 cylinders,gas,147000.0,lien,automatic,1FADP3J29DL161570,fwd,sedan,black,8.0,20000.0
23995,chevrolet,corvette,good,8 cylinders,gas,34600.0,clean,automatic,1G1YY32G435120326,rwd,convertible,black,18.0,49995.0
5995,subaru,legacy,excellent,4 cylinders,gas,138775.0,clean,automatic,4S3BMCK64A3228261,4wd,other,grey,11.0,25795.0
13991,ford,expedition,excellent,8 cylinders,gas,109000.0,clean,automatic,1FMJU1J53AEB57417,4wd,SUV,black,11.0,46000.0
29990,chevrolet,coloradoextendedcab,good,6 cylinders,gas,17302.0,clean,other,1GCHTCE37G1186784,4wd,pickup,red,5.0,36800.0
16995,subaru,impreza20i,excellent,4 cylinders,gas,17693.0,clean,automatic,4S3GTAA60J3732689,4wd,sedan,white,3.0,19800.0
29990,ram,1500quadcabtradesman,good,6 cylinders,other,31622.0,clean,other,1C6RR7FG7HS699550,4wd,pickup,white,4.0,35500.0
48590,cadillac,xt6premiumluxury,good,6 cylinders,gas,7701.0,clean,other,1GYKPCRSXLZ181516,fwd,other,black,1.0,59850.0
10498,subaru,outbacklimited,excellent,4 cylinders,gas,120000.0,clean,automatic,4S4BRCKC5C3279774,4wd,SUV,green,9.0,30500.0
14995,volkswagen,passat,like new,4 cylinders,gas,66000.0,clean,automatic,1VWDT7A30HC060118,fwd,sedan,blue,4.0,26500.0
23990,lincoln,navigatorsportutility,good,8 cylinders,gas,63065.0,clean,other,5LMJJ2J54DEL09382,4wd,other,black,8.0,64800.0
35990,dodge,challengerrtcoupe2d,good,8 cylinders,gas,1548.0,clean,other,2C3CDZBT9LH119053,rwd,coupe,black,1.0,36690.0
7500,kia,soul,excellent,4 cylinders,gas,51000.0,clean,automatic,KNDJT2A23B7709278,fwd,SUV,silver,10.0,15500.0
33900,ram,1500classic,good,8 cylinders,gas,4658.0,clean,automatic,1C6RR7TT3LS120418,4wd,truck,black,1.0,41700.0
8990,chevrolet,captivasport,good,4 cylinders,gas,105206.0,clean,automatic,3GNAL2EK5FS525677,fwd,SUV,red,6.0,22835.0
7000,honda,accord4doorsedan,good,4 cylinders,gas,170909.0,clean,automatic,1HGCP2F75AA081762,fwd,sedan,silver,11.0,24000.0
17995,ford,f150,excellent,8 cylinders,gas,126786.0,clean,automatic,1FTFW1EF6BKD36061,4wd,pickup,white,10.0,40200.0
19346,ford,transitt150,excellent,6 cylinders,gas,114699.0,clean,automatic,1FTYE1ZM7GKB30193,rwd,van,white,5.0,32995.0
16888,honda,civic,excellent,4 cylinders,gas,69835.0,clean,automatic,2HGFC3B3XHH351582,fwd,coupe,white,4.0,21900.0
28900,chevrolet,silverado2500hd4x4,excellent,8 cylinders,gas,155392.0,clean,automatic,1GC2KUEG1GZ191255,4wd,pickup,white,5.0,40000.0
37900,chevrolet,tahoe,excellent,8 cylinders,gas,98000.0,clean,automatic,1GNSKBKC1JR159376,4wd,SUV,silver,3.0,54700.0
3000,rover,discoveryii,fair,8 cylinders,gas,140517.0,clean,automatic,SALTW19404A861887,4wd,SUV,green,17.0,48500.0
14999,subaru,legacy,excellent,4 cylinders,gas,36092.0,clean,automatic,4S3BNBC63F3012866,4wd,sedan,silver,6.0,25400.0
2600,honda,accordex,good,4 cylinders,gas,211850.0,clean,automatic,1HGCM56744A088958,fwd,sedan,grey,17.0,21500.0
8950,toyota,priusc,good,4 cylinders,hybrid,78140.0,clean,automatic,JTDKDTB32D1045172,fwd,hatchback,blue,8.0,19300.0
16000,lexus,rx350fwd,excellent,6 cylinders,gas,98215.0,clean,automatic,2T2ZK1BA3DC089101,fwd,SUV,grey,8.0,40190.0
22495,lincoln,mkz,excellent,6 cylinders,gas,16810.0,clean,automatic,3LN6L2JK8ER810637,4wd,sedan,black,7.0,35400.0
26990,jeep,wranglersportsutility2d,good,6 cylinders,gas,27044.0,clean,other,1C4AJWAG4HL560145,4wd,other,red,4.0,28390.0
19590,ford,taurusselsedan4d,good,6 cylinders,gas,9793.0,clean,other,1FAHP2E82GG148571,fwd,sedan,red,5.0,30600.0
6999,kia,soul,good,4 cylinders,gas,132126.0,clean,automatic,KNDJP3A5XF7769634,rwd,wagon,green,6.0,20400.0
14900,bmw,x5,excellent,8 cylinders,gas,70464.0,clean,automatic,5UXFE8C55AL311553,4wd,wagon,black,11.0,61000.0
26995,audi,q5premiumplusawd,excellent,4 cylinders,gas,68945.0,clean,automatic,WA1L2AFP6HA023722,4wd,SUV,black,4.0,40600.0
29990,chevrolet,coloradoextendedcab,good,6 cylinders,gas,17302.0,clean,other,1GCHTCE37G1186784,4wd,pickup,red,5.0,38500.0
32000,lexus,gx460premium,excellent,8 cylinders,gas,60022.0,clean,automatic,JTJBM7FX2E5070729,4wd,SUV,silver,7.0,60980.0
37182,toyota,tundracrewmaxsr5,excellent,8 cylinders,gas,51145.0,clean,automatic,5TFDW5F17GX498809,4wd,truck,grey,5.0,40400.0
18995,ford,focus,excellent,4 cylinders,gas,51137.0,clean,automatic,1FADP3L91HL313406,fwd,sedan,white,4.0,24000.0
13995,ford,flex,excellent,6 cylinders,gas,107000.0,clean,automatic,2FMGK5C80DBD19065,fwd,sedan,grey,8.0,29000.0
5900,honda,accord,excellent,4 cylinders,gas,143373.0,clean,automatic,1HGCP26308A120653,fwd,sedan,blue,13.0,22850.0
8950,volkswagen,touaregawd,excellent,6 cylinders,gas,118000.0,clean,automatic,WVGBF7A93AD004238,4wd,SUV,silver,11.0,42300.0
34590,chevrolet,silverado1500double,good,6 cylinders,gas,29499.0,clean,other,1GCVKREH6GZ228691,4wd,pickup,silver,5.0,38500.0
13899,hyundai,santafe,good,6 cylinders,gas,117269.0,clean,automatic,KM8SMDHF9FU112788,4wd,SUV,blue,6.0,38900.0
34990,jeep,grandcherokeetrailhawk,good,6 cylinders,gas,37509.0,clean,other,1C4RJFLG1JC138453,4wd,other,black,3.0,49500.0
2000,jeep,grandcherokeelimited4wd,like new,6 cylinders,gas,95595.0,clean,automatic,1C4RJFBG7EC423407,4wd,SUV,white,7.0,45000.0
32590,cadillac,cts36luxurysedan4d,good,6 cylinders,gas,21335.0,clean,other,1G6AR5SS8J0137892,rwd,sedan,black,3.0,58000.0
17995,cadillac,escaladeawd,like new,8 cylinders,gas,117933.0,clean,automatic,1GYFK63848R240808,4wd,SUV,white,13.0,70925.0
17700,chevrolet,traverse,excellent,6 cylinders,gas,48893.0,clean,automatic,1GNKVFED8FJ363651,4wd,SUV,blue,6.0,31800.0
8450,honda,civicsedan,excellent,4 cylinders,gas,100000.0,clean,automatic,19XFB2F51FE012533,fwd,sedan,blue,6.0,19500.0
9985,gmc,terrain,excellent,4 cylinders,gas,138387.0,clean,automatic,2CTFLJEW4A6368909,4wd,SUV,red,11.0,32400.0
25990,chevrolet,silverado1500regular,good,8 cylinders,other,82140.0,clean,automatic,1GCNKREC1EZ373672,4wd,pickup,black,7.0,38500.0
7500,pontiac,solsticegxp,good,6 cylinders,gas,98000.0,clean,automatic,1G2MG35X38Y106349,rwd,convertible,yellow,13.0,30300.0
34990,lexus,lx570sportutility4d,good,8 cylinders,gas,73105.0,clean,other,JTJHY00W894024839,4wd,SUV,black,12.0,75480.0
15900,toyota,corolla,like new,4 cylinders,gas,61000.0,clean,automatic,2T1BURHE6HC940015,fwd,sedan,blue,4.0,19600.0
41990,lincoln,continentalreserve,good,6 cylinders,gas,9345.0,clean,other,1LN6L9RP8K5604130,fwd,sedan,blue,2.0,69000.0
11995,ford,fusionhybrid,good,4 cylinders,hybrid,102901.0,clean,automatic,3FA6P0RU9GR144822,rwd,sedan,white,5.0,32300.0
34990,gmc,canyoncrewcabslepickup,good,6 cylinders,gas,34425.0,clean,other,1GTG6CE36G1115577,4wd,pickup,red,5.0,36750.0
35590,dodge,challengersrt8coupe2d,good,8 cylinders,gas,16796.0,clean,other,2B3CJ7DJ7BH589702,rwd,coupe,green,10.0,42000.0
10999,honda,civic,excellent,4 cylinders,gas,97829.0,clean,automatic,2HGFB2F92CH552204,fwd,sedan,grey,9.0,24400.0
10000,chevrolet,cruzelimited,excellent,4 cylinders,gas,99728.0,clean,automatic,1G1PE5SB1G7111243,fwd,sedan,white,5.0,19500.0
39590,dodge,chargerscatpacksedan4d,good,8 cylinders,gas,22501.0,clean,other,2C3CDXGJ3KH644667,rwd,sedan,black,2.0,39995.0
35900,ford,f250kingranch,like new,8 cylinders,diesel,193728.0,clean,automatic,1FT7W2BT5DEB28775,4wd,truck,white,8.0,48600.0
14988,bmw,x1,good,4 cylinders,gas,71880.0,clean,automatic,WBAVM1C53DVW42645,rwd,wagon,custom,8.0,32900.0
8000,chevrolet,colorado,good,5 cylinders,gas,195000.0,clean,automatic,1GCHTCFE6C8163272,4wd,pickup,silver,9.0,20695.0
6800,volkswagen,jetta,good,4 cylinders,gas,113000.0,clean,automatic,3VW2K7AJ8CM320071,fwd,sedan,silver,9.0,18500.0
18999,chevrolet,malibu,excellent,4 cylinders,gas,21122.0,clean,automatic,1G1ZE5ST3HF284061,fwd,sedan,white,4.0,24000.0
8990,ford,escape,excellent,4 cylinders,gas,111524.0,clean,automatic,1FMCU0GX6DUD66334,fwd,SUV,blue,8.0,24900.0
7499,ford,explorer,excellent,6 cylinders,gas,164316.0,clean,automatic,1FMEU7DE3AUA08690,4wd,SUV,white,11.0,32700.0
38500,gmc,sierra1500,excellent,8 cylinders,gas,74373.0,clean,automatic,3GTU2NEJ2HG283843,4wd,truck,black,4.0,48500.0
14913,ford,f1504x4,excellent,8 cylinders,gas,196418.0,clean,automatic,1FTMF1EF7DKD61075,4wd,truck,silver,8.0,45500.0
11838,hyundai,elantrase,good,4 cylinders,gas,83089.0,clean,automatic,5NPDH4AE2GH744062,fwd,sedan,silver,5.0,19000.0
55995,audi,sq5prestigeawd,excellent,6 cylinders,gas,4806.0,clean,automatic,WA1C4AFY3K2084000,4wd,SUV,black,2.0,63500.0
7450,toyota,4runnersr5,like new,6 cylinders,gas,218000.0,clean,automatic,JTEZU14RX48014579,rwd,SUV,grey,17.0,29000.0
29990,chevrolet,coloradocrewcabwork,good,6 cylinders,gas,11401.0,clean,other,1GCGTBEN7J1162712,4wd,pickup,red,3.0,38800.0
34590,ford,mustanggtpremium,good,8 cylinders,gas,30970.0,clean,other,1FATP8FF6F5341651,rwd,other,white,6.0,41700.0
4600,chevrolet,cobaltlt,excellent,4 cylinders,gas,166844.0,clean,automatic,1G1AD5F55A7215318,fwd,sedan,red,11.0,19500.0
8950,volkswagen,passattsiwolfsburg,excellent,4 cylinders,gas,100274.0,clean,automatic,1VWAT7A31FC018187,fwd,sedan,white,6.0,22000.0
17999,mercedes-benz,eclasse350,like new,6 cylinders,gas,109000.0,clean,automatic,WDDHF8JB9DA698727,4wd,sedan,black,8.0,57700.0
49995,lincoln,nautilusblacklabel,excellent,6 cylinders,gas,2979.0,clean,automatic,2LMPJ9JP5KBL20024,4wd,SUV,brown,2.0,62000.0
21900,ford,tauruslimited,like new,6 cylinders,gas,44569.0,clean,automatic,1FAHP2F81JG134926,fwd,sedan,silver,3.0,35700.0
22900,gmc,sierra2500,excellent,8 cylinders,gas,177406.0,clean,automatic,1GT11XEG8FF162660,rwd,pickup,white,6.0,37500.0
6500,dodge,grandcaravanexpress,excellent,6 cylinders,gas,98300.0,clean,automatic,2D4RN4DG4BR602371,fwd,mini-van,silver,10.0,24500.0
24495,jeep,grandcherokee,excellent,6 cylinders,gas,56000.0,clean,automatic,1C4RJFBG2HC789764,4wd,SUV,black,4.0,40400.0
24990,gmc,sierra1500extendedcabsle,good,8 cylinders,gas,70559.0,clean,other,1GTR2VE73DZ402410,4wd,pickup,black,8.0,37700.0
35990,audi,a6,like new,6 cylinders,gas,19970.0,clean,automatic,WAUH2AFC5HN003153,4wd,sedan,black,4.0,59900.0
12995,ford,f150xlt,excellent,8 cylinders,gas,87220.0,clean,automatic,1FTPX12526KB60998,rwd,truck,blue,15.0,30490.0
5997,pontiac,g6,excellent,6 cylinders,gas,134856.0,clean,automatic,1G2ZL577294271697,fwd,sedan,silver,12.0,29990.0
7995,fiat,500,good,4 cylinders,gas,84951.0,clean,automatic,3C3CFFAR8CT103982,fwd,hatchback,black,9.0,15800.0
30000,chevrolet,silverado1500,excellent,8 cylinders,gas,97191.0,clean,automatic,3GCUKREC2EG535367,4wd,truck,black,7.0,38500.0
24590,dodge,chargerrtroadandtrack,good,8 cylinders,gas,79134.0,clean,other,2C3CDXCT5FH916701,rwd,sedan,black,6.0,36395.0
31590,ford,f150supercrewcabfx4,good,8 cylinders,other,54152.0,clean,other,1FTFW1EF7EKF88437,4wd,pickup,blue,7.0,38500.0
32590,ram,1500classiccrewcabslt,good,8 cylinders,gas,21229.0,clean,other,1C6RR7TT4LS106432,4wd,pickup,red,1.0,40800.0
7995,toyota,rav4awd,good,6 cylinders,gas,133737.0,clean,automatic,JTMBF33V19D020666,4wd,SUV,black,12.0,26500.0
27990,gmc,sierra2500hdextendedcab,good,8 cylinders,gas,68696.0,clean,other,1GT220CG8CZ231238,4wd,pickup,black,9.0,40900.0
22590,dodge,challengerrtcoupe2d,good,8 cylinders,gas,56075.0,clean,other,2C3CDYBT4CH238672,rwd,coupe,black,9.0,30500.0
17900,volvo,xc90,excellent,6 cylinders,gas,79637.0,clean,automatic,YV4952CY9E1685815,fwd,SUV,black,7.0,45000.0
8495,nissan,maxima,good,6 cylinders,gas,80236.0,clean,automatic,1N4AA51E79C811899,fwd,other,grey,12.0,28990.0
17995,ford,edge,excellent,4 cylinders,gas,77696.0,clean,automatic,2FMTK3J97FBB92915,fwd,SUV,white,6.0,28500.0
10250,mazda,mazda6,excellent,4 cylinders,gas,96631.0,clean,manual,JM1GJ1U57E1106700,fwd,sedan,grey,7.0,21500.0
29590,toyota,tacomaaccesscabtrdpro,good,6 cylinders,gas,38302.0,clean,other,5TFUU4EN6FX113498,4wd,pickup,white,6.0,33500.0
29900,dodge,challengerrt,like new,8 cylinders,gas,7237.0,clean,automatic,2B3CJ5DT5BH575030,rwd,coupe,white,10.0,35000.0
26990,infiniti,qx6035sportutility,good,6 cylinders,gas,24374.0,clean,other,5N1AL0MN8GC521781,fwd,SUV,black,5.0,43950.0
5500,dodge,dakota,good,6 cylinders,gas,220000.0,clean,automatic,1D7HW28K46S704885,4wd,pickup,blue,15.0,20640.0
3500,volkswagen,passatkomfort,excellent,4 cylinders,gas,198426.0,clean,automatic,WVWLK73C98E177280,fwd,wagon,black,13.0,25000.0
18900,nissan,pathfindersl,excellent,6 cylinders,gas,17950.0,rebuilt,automatic,5N1DR2MM0JC619371,4wd,SUV,white,3.0,36700.0
37990,toyota,tundradoublecabsr,good,8 cylinders,gas,22870.0,clean,other,5TFUM5F13GX069124,4wd,pickup,black,5.0,43500.0
17999,lexus,is350,excellent,6 cylinders,gas,120872.0,clean,automatic,JTHBE1D28E5008044,rwd,sedan,white,7.0,38000.0
7492,hyundai,tucsongls,good,4 cylinders,gas,101272.0,clean,automatic,KM8JU3AC4DU647353,fwd,SUV,brown,8.0,23700.0
25990,mercedes-benz,eclasse550,good,8 cylinders,gas,42045.0,clean,automatic,WDDKJ7DB6DF216826,rwd,coupe,white,8.0,65000.0
33995,ram,1500,excellent,8 cylinders,gas,63355.0,clean,automatic,1C6RR6LT6HS841494,rwd,pickup,grey,4.0,38350.0
34990,jeep,grandcherokeetrailhawk,good,6 cylinders,gas,37509.0,clean,other,1C4RJFLG1JC138453,4wd,other,black,3.0,46800.0
12995,chevrolet,cruzelt,like new,4 cylinders,gas,61127.0,clean,automatic,1G1BE5SM0G7266569,fwd,sedan,silver,5.0,18900.0
9850,volkswagen,jettasedan,excellent,4 cylinders,gas,64780.0,clean,automatic,3VW2K7AJ2EM399885,fwd,sedan,black,7.0,18500.0
9991,honda,accord,excellent,4 cylinders,gas,68000.0,clean,automatic,1HGCP2F89AA062480,fwd,sedan,black,11.0,26200.0
5995,buick,lacrosse,excellent,6 cylinders,gas,106881.0,clean,automatic,2G4WD582X61169047,fwd,sedan,blue,15.0,29200.0
15995,toyota,priusvhybrid,excellent,4 cylinders,hybrid,91934.0,clean,automatic,JTDZN3EU3FJ034409,fwd,hatchback,blue,6.0,25000.0
15995,chevrolet,silverado1500,good,8 cylinders,gas,103271.0,clean,automatic,2GCEC13T051397729,rwd,truck,white,16.0,29500.0
39590,ford,mustanggtpremiumcoupe2d,good,8 cylinders,gas,1419.0,clean,other,1FA6P8CF5L5136223,rwd,coupe,white,1.0,43400.0
7999,bmw,x330si,excellent,6 cylinders,gas,154000.0,clean,automatic,WBXPC934X8WJ10686,4wd,SUV,white,13.0,40800.0
49900,lexus,rx450h,new,6 cylinders,hybrid,1900.0,clean,automatic,2T2BGMCA9KC043093,4wd,SUV,white,2.0,60000.0
6999,dodge,grandcaravan,excellent,6 cylinders,gas,151220.0,clean,automatic,2D4RN4DE7AR146637,fwd,mini-van,blue,11.0,26190.0
9500,ford,transitconnect,excellent,4 cylinders,gas,219581.0,clean,automatic,NM0LS7F7XE1147431,fwd,van,white,7.0,24700.0
10500,chevrolet,express2500,excellent,8 cylinders,gas,128800.0,clean,automatic,1GCWGFCA5C1169958,rwd,van,white,9.0,29200.0
9975,gmc,yukonxldenali,good,8 cylinders,gas,195391.0,clean,automatic,1GKFK66807J341248,4wd,SUV,black,14.0,60580.0
4000,honda,civiclxcoupe,excellent,4 cylinders,gas,55708.0,clean,automatic,1HGEM22541L075834,fwd,coupe,silver,20.0,15995.0
5970,chevrolet,impalapolice,good,6 cylinders,gas,134295.0,clean,automatic,2G1WD5E34C1251975,fwd,sedan,black,9.0,23700.0
20995,ford,mustang,excellent,4 cylinders,gas,67161.0,clean,automatic,1FA6P8TH6F5322133,rwd,coupe,grey,6.0,23995.0
14390,chevrolet,impala,good,6 cylinders,gas,80002.0,clean,automatic,1G1125S33FU125846,fwd,sedan,grey,6.0,32000.0
26590,jeep,wranglerrubiconsport,good,6 cylinders,gas,79540.0,clean,other,1C4BJWCG5DL538165,4wd,SUV,blue,8.0,35995.0
30990,nissan,frontiercrewcabpro4x,good,6 cylinders,gas,31095.0,clean,other,1N6DD0EV9HN769618,4wd,pickup,white,4.0,31790.0
27990,chrysler,300touringsedan4d,good,6 cylinders,gas,9505.0,clean,other,2C3CCAAG0KH581007,rwd,sedan,silver,2.0,31800.0
19850,audi,a4allroad,excellent,4 cylinders,gas,81200.0,clean,automatic,WA1VFCFLXFA060128,4wd,wagon,white,6.0,47900.0
9995,honda,accord,excellent,4 cylinders,gas,144613.0,clean,automatic,1HGCR2F57EA193400,fwd,sedan,black,7.0,23200.0
5290,honda,civic,like new,4 cylinders,gas,79000.0,clean,automatic,1HGEM22694L026528,fwd,coupe,silver,17.0,15000.0
7495,toyota,prius,excellent,4 cylinders,hybrid,125750.0,clean,automatic,JTDKN3DU5A0155783,fwd,hatchback,grey,11.0,24000.0
14995,chevrolet,silverado1500,excellent,8 cylinders,gas,137950.0,clean,automatic,1GCRKSE39BZ297767,4wd,truck,grey,10.0,36500.0
18995,ford,f150,good,8 cylinders,gas,120000.0,clean,automatic,1FTFX1EF4EFB54577,4wd,truck,white,7.0,38500.0
31990,ford,superdutyf250srw,good,8 cylinders,gas,101335.0,clean,automatic,1FDBF2B69DEB79406,4wd,truck,white,8.0,39980.0
22988,jeep,wranglerunlimitedrubicon,good,6 cylinders,gas,103119.0,clean,manual,1J4GA69118L585881,4wd,other,blue,13.0,33500.0
13950,dodge,dart,good,4 cylinders,gas,28747.0,clean,automatic,1C3CDFBB8GD571164,fwd,sedan,blue,5.0,21500.0
10995,chevrolet,cruze,excellent,4 cylinders,gas,60522.0,clean,automatic,1G1PC5SB5F7217764,fwd,sedan,black,6.0,19600.0
39990,ford,mustanggtcoupe2d,good,8 cylinders,gas,549.0,clean,other,1FA6P8CFXL5174241,rwd,coupe,blue,1.0,43000.0
32990,ram,1500quadcabharvestpickup,good,6 cylinders,gas,29979.0,clean,other,1C6RR7GG9JS229010,4wd,pickup,black,3.0,38835.0
7999,ford,escape,like new,4 cylinders,gas,110000.0,clean,automatic,1FMCU0F77DUB00709,fwd,SUV,white,8.0,23800.0
6000,toyota,corolla,like new,6 cylinders,gas,105000.0,clean,automatic,JTDBL40E599062067,fwd,sedan,grey,12.0,16250.0
28895,gmc,acadia,excellent,6 cylinders,gas,28110.0,clean,automatic,1GKKNLLS3JZ118344,fwd,SUV,red,3.0,33500.0
34990,lexus,rx350sportutility4d,good,6 cylinders,gas,12250.0,clean,other,2T2ZZMCA5HC061706,fwd,other,red,4.0,42950.0
22500,cadillac,ats,like new,4 cylinders,gas,34000.0,clean,automatic,1G6AB5SX9H0134395,fwd,sedan,white,4.0,35000.0
4995,subaru,forester25x,excellent,4 cylinders,gas,207000.0,clean,automatic,JF2SHABC7BH718715,4wd,SUV,silver,10.0,24395.0
22995,honda,pilot,excellent,6 cylinders,gas,101336.0,clean,automatic,5FNYF6H5XHB101466,4wd,SUV,grey,4.0,39300.0
7999,volkswagen,cc,excellent,4 cylinders,gas,102000.0,clean,automatic,WVWHP7AN2CE501772,fwd,sedan,black,9.0,31200.0
38990,jeep,wranglerunlimitedrubicon,good,6 cylinders,gas,20676.0,clean,other,1C4BJWFG3HL547853,4wd,other,red,4.0,40990.0
29990,chevrolet,coloradocrewcabwork,good,6 cylinders,gas,11401.0,clean,other,1GCGTBEN7J1162712,4wd,pickup,red,3.0,36000.0
5500,hyundai,santafe,excellent,4 cylinders,gas,149050.0,clean,automatic,5XYZG3AB8BG058617,fwd,SUV,blue,10.0,24600.0
37990,chevrolet,corvettegrandsport,good,8 cylinders,other,56302.0,clean,other,1G1YS3DW5A5103103,rwd,other,red,11.0,58900.0
29990,chevrolet,coloradoextendedcab,good,6 cylinders,gas,17302.0,clean,other,1GCHTCE37G1186784,4wd,pickup,red,5.0,38500.0
34111,gmc,sierra,excellent,8 cylinders,gas,92808.0,clean,automatic,3GTP1UEC4EG188417,rwd,truck,silver,7.0,38500.0
9000,nissan,altima,excellent,6 cylinders,gas,126304.0,clean,automatic,1N4BL3AP2DC165619,fwd,sedan,black,8.0,24280.0
44990,ram,5500,good,6 cylinders,diesel,80733.0,clean,automatic,3C7WRNFL3FG705901,4wd,truck,white,6.0,63000.0
35590,dodge,challengersrt8coupe2d,good,8 cylinders,gas,16796.0,clean,other,2B3CJ7DJ7BH589702,rwd,coupe,green,10.0,42500.0
4995,buick,lacrossecxl,like new,6 cylinders,gas,214687.0,clean,automatic,2G4WD582471167974,fwd,sedan,silver,14.0,26000.0
23900,dodge,charger,like new,6 cylinders,gas,30975.0,clean,automatic,2C3CDXBG4KH720750,rwd,sedan,white,2.0,31490.0
34590,chevrolet,silverado1500double,good,6 cylinders,gas,29499.0,clean,other,1GCVKREH6GZ228691,4wd,pickup,silver,5.0,40555.0
23999,chevrolet,tahoe,excellent,8 cylinders,gas,125234.0,clean,automatic,1GNSK2EC0FR304409,4wd,SUV,silver,6.0,60000.0
12999,acura,tlwadvance,good,6 cylinders,gas,93001.0,clean,automatic,19UUA8F73CA025928,fwd,sedan,grey,9.0,39940.0
31590,chevrolet,traverseltsport,good,6 cylinders,gas,19293.0,clean,other,1GNERGKW8LJ244393,fwd,other,white,1.0,38500.0
32990,jeep,wranglerrubiconsport,good,6 cylinders,gas,42344.0,clean,other,1C4BJWCG1GL261390,4wd,other,silver,5.0,39200.0
15995,ford,f350,excellent,8 cylinders,diesel,180190.0,clean,automatic,1FTWW31P97EB50949,4wd,pickup,white,14.0,42000.0
32990,ram,1500quadcabharvestpickup,good,6 cylinders,gas,29979.0,clean,other,1C6RR7GG9JS229010,4wd,pickup,black,3.0,40500.0
39590,toyota,tundradoublecabsr5,good,8 cylinders,gas,27459.0,clean,other,5TFUW5F10HX666470,4wd,pickup,black,4.0,49100.0
19995,dodge,challenger,excellent,8 cylinders,gas,77648.0,clean,manual,2B3CJ5DT4AH172980,rwd,sedan,black,11.0,30800.0
7995,toyota,priushybrid,good,4 cylinders,hybrid,97989.0,clean,automatic,JTDKB20U783342010,4wd,hatchback,black,13.0,22820.0
20995,toyota,tacoma,like new,6 cylinders,gas,116067.0,clean,automatic,5TEMU52N35Z116165,4wd,pickup,brown,16.0,26300.0
7900,dodge,dartrallye,excellent,4 cylinders,gas,89000.0,clean,automatic,1C3CDFBH9DD135777,fwd,sedan,white,8.0,18300.0
5495,volkswagen,golf,excellent,4 cylinders,gas,74373.0,clean,manual,9BWGK61J524037713,fwd,sedan,blue,19.0,18000.0
27900,chevrolet,silverado3500,excellent,8 cylinders,diesel,246705.0,clean,automatic,1GC4CZC88FF117989,rwd,pickup,black,6.0,50000.0
14990,jeep,renegade,excellent,4 cylinders,gas,59350.0,clean,automatic,ZACCJADT8FPB23164,fwd,SUV,white,6.0,24000.0
17990,lincoln,mkzsedan4d,good,6 cylinders,gas,41750.0,clean,automatic,3LN6L2GK7DR810957,fwd,sedan,white,8.0,35980.0
11491,subaru,imprezasedan,excellent,4 cylinders,gas,96619.0,clean,automatic,JF1GJAA66EH005531,4wd,sedan,silver,7.0,18500.0
25000,ford,f150,like new,8 cylinders,gas,32840.0,clean,automatic,1FTFX1EFXDKD33583,4wd,truck,blue,8.0,40800.0
34977,ford,transit250,excellent,6 cylinders,gas,13306.0,clean,automatic,1FTBR1C85LKB11142,rwd,van,white,1.0,38500.0
14977,chevrolet,cruzelt,excellent,4 cylinders,gas,12209.0,clean,automatic,1G1BE5SM0H7259168,fwd,sedan,silver,4.0,19700.0
6990,ford,edgeselplusawd,excellent,6 cylinders,gas,152191.0,clean,automatic,2FMDK49C27BB56397,4wd,SUV,red,14.0,30500.0
8700,lincoln,mkx,good,6 cylinders,gas,89722.0,clean,automatic,2LMDU68C99BJ11293,fwd,SUV,white,12.0,35000.0
14991,chevrolet,silverado1500,good,8 cylinders,gas,111531.0,clean,automatic,1GCEC19C89Z280422,rwd,truck,blue,12.0,22600.0
24990,kia,sedonasxminivan4d,good,6 cylinders,gas,38995.0,clean,other,KNDMC5C15H6318862,fwd,van,brown,4.0,34400.0
29990,toyota,tacomadoublecabpickup,good,6 cylinders,gas,43182.0,clean,other,3TMLU4EN4CM085701,4wd,pickup,white,9.0,32200.0
9498,kia,optimahybrid,good,4 cylinders,hybrid,77571.0,clean,automatic,KNAGM4AD1B5000748,fwd,sedan,black,10.0,20500.0
11950,ford,f150xltcrew4x4,good,8 cylinders,gas,252140.0,clean,automatic,1FTFW1EV8AFB93984,4wd,truck,white,11.0,38500.0
9800,honda,fit,excellent,4 cylinders,gas,115639.0,clean,automatic,JHMGE8H58DC038836,fwd,sedan,black,8.0,18000.0
5995,ford,fiestase,excellent,4 cylinders,gas,131154.0,clean,automatic,3FADP4BJ4EM124972,fwd,sedan,grey,7.0,17495.0
27900,chevrolet,silverado1500,excellent,6 cylinders,gas,77905.0,clean,automatic,1GCRCPEH5FZ370077,rwd,truck,red,6.0,32800.0
11995,hyundai,elantra,excellent,4 cylinders,gas,59882.0,clean,automatic,KMHDH4AE6EU194623,fwd,sedan,red,7.0,17850.0
11901,ford,fusion,excellent,4 cylinders,gas,131087.0,clean,automatic,3FA6P0H95FR215090,fwd,sedan,white,6.0,24000.0
24995,chevrolet,silverado2500hd,excellent,8 cylinders,gas,159106.0,clean,automatic,1GC1KVEG1FF137035,4wd,pickup,white,6.0,57500.0
5995,honda,crv,excellent,4 cylinders,gas,176589.0,clean,automatic,JHLRD78856C052135,4wd,SUV,grey,15.0,25500.0
13333,kia,sedonaex,good,6 cylinders,gas,109890.0,clean,automatic,KNDMC5C14F6036449,fwd,van,brown,6.0,27200.0
20000,porsche,911carrera,good,6 cylinders,gas,103000.0,clean,automatic,WP0CA299X1S651097,4wd,convertible,silver,20.0,45000.0
5499,buick,lacrosse,good,6 cylinders,gas,127817.0,clean,automatic,2G4WD582871247181,fwd,sedan,blue,14.0,29700.0
4900,chevrolet,impala,good,6 cylinders,gas,143694.0,clean,automatic,2G1WT58K189241032,fwd,sedan,white,13.0,25290.0
29990,toyota,tacomadoublecabpickup,good,6 cylinders,gas,43182.0,clean,other,3TMLU4EN4CM085701,4wd,pickup,white,9.0,31800.0
17995,ford,transit250cargovan,excellent,6 cylinders,gas,142242.0,clean,automatic,1FTNR1ZM0FKB12401,rwd,van,white,6.0,33500.0
13800,subaru,forester,excellent,4 cylinders,gas,111359.0,clean,automatic,JF2SHAEC7CH456028,4wd,SUV,grey,9.0,27500.0
33990,chevrolet,corvettegrandsport,good,8 cylinders,gas,70976.0,clean,other,1G1YW3DW5B5111532,rwd,other,yellow,10.0,61800.0
28990,mercedes-benz,clsclasscls550,good,8 cylinders,gas,44474.0,clean,other,WDDLJ7DBXDA087801,rwd,coupe,white,8.0,58850.0
12500,buick,lacrosse,excellent,6 cylinders,gas,94500.0,lien,automatic,1G4GG5E32CF213023,4wd,sedan,black,9.0,39995.0
15500,chevrolet,traxawd,excellent,4 cylinders,gas,61000.0,clean,automatic,KL7CJRSB5FB251149,4wd,SUV,red,6.0,24600.0
18995,jeep,renegade,excellent,4 cylinders,gas,45000.0,clean,automatic,ZACCJADT2GPC80173,fwd,SUV,grey,5.0,26600.0
6995,chevrolet,hhrlt,good,4 cylinders,gas,72337.0,clean,automatic,3GNBABFW4BS513557,fwd,wagon,silver,10.0,22140.0
9900,ford,expedition,excellent,8 cylinders,gas,139109.0,clean,automatic,1FMJU1K5XAEA29853,rwd,SUV,black,11.0,44500.0
39800,rover,sport,excellent,8 cylinders,gas,84000.0,lien,automatic,SALWR2EF4GA594338,4wd,SUV,white,5.0,81800.0
29488,chevrolet,silverado15004wd,good,8 cylinders,other,24469.0,clean,automatic,3GCPKPEA9DG328229,4wd,pickup,white,8.0,36000.0
6495,nissan,rogue,good,4 cylinders,gas,143796.0,clean,automatic,JN8AS5MV7BW271630,4wd,wagon,white,10.0,23400.0
31995,ford,f250crewcab4x4,new,8 cylinders,gas,125601.0,clean,automatic,1FT7W2B60HED90090,4wd,truck,white,4.0,49610.0
19995,jeep,wranglerunlimited,excellent,6 cylinders,gas,110799.0,clean,automatic,1J4HA5H1XBL594568,4wd,wagon,red,10.0,32195.0
37995,gmc,sierra2500hd,good,8 cylinders,diesel,180600.0,clean,automatic,1GT12ZE83FF143533,4wd,truck,white,6.0,57900.0
27990,gmc,sierra2500hdextendedcab,good,8 cylinders,gas,68696.0,clean,other,1GT220CG8CZ231238,4wd,pickup,black,9.0,40000.0
72499,lincoln,navigatorlreserve,excellent,6 cylinders,gas,44932.0,clean,automatic,5LMJJ3LT5JEL09906,4wd,SUV,black,3.0,82600.0
38990,lexus,gx460sportutility4d,good,8 cylinders,gas,15801.0,clean,other,JTJBM7FX0G5147634,4wd,other,white,5.0,62440.0
33990,chevrolet,corvettegrandsport,good,8 cylinders,gas,70976.0,clean,other,1G1YW3DW5B5111532,rwd,other,yellow,10.0,57700.0
4500,ford,escape,good,4 cylinders,gas,86000.0,clean,automatic,1FMCU92Z65KB12200,4wd,SUV,green,16.0,23955.0
15995,chevrolet,silverado1500,good,8 cylinders,gas,214197.0,clean,automatic,3GCPKTE33BG370662,4wd,truck,white,10.0,38560.0
36990,toyota,4runnersr5sportutility,good,6 cylinders,gas,33909.0,clean,other,JTEBU5JR6K5679412,4wd,other,black,2.0,40500.0
35999,gmc,sierra1500,excellent,8 cylinders,gas,78733.0,clean,automatic,3GTU2VEC0EG364806,4wd,truck,black,7.0,42000.0
8950,bmw,x3sdrive30i,like new,6 cylinders,gas,119040.0,clean,automatic,WBXPC9C49AWJ31728,4wd,SUV,silver,11.0,40100.0
5000,hyundai,elantragls,excellent,4 cylinders,gas,156000.0,clean,automatic,5NPDH4AE7DH436185,4wd,sedan,blue,8.0,19750.0
11995,lincoln,mkz,good,6 cylinders,gas,129110.0,clean,automatic,3LN6L2JK5DR800503,4wd,sedan,red,8.0,36200.0
5995,chevrolet,sonic,excellent,4 cylinders,gas,106050.0,clean,automatic,1G1JC5SH0D4250583,fwd,sedan,black,8.0,18995.0
23500,ford,escape,like new,4 cylinders,gas,12975.0,clean,automatic,1FMCU0HD6KUB81914,fwd,SUV,white,2.0,27200.0
12995,dodge,grandcaravan,good,6 cylinders,gas,115053.0,clean,automatic,2C4RDGCG9HR599835,fwd,van,grey,4.0,28750.0
8900,subaru,imprezasportpremiumawd,like new,4 cylinders,gas,85667.0,clean,automatic,JF1GPAL6XD2842621,4wd,hatchback,red,8.0,21995.0
6250,jaguar,xf,excellent,8 cylinders,gas,47000.0,clean,automatic,SAJWA0FB8CLS44970,rwd,sedan,white,9.0,60000.0
20900,gmc,sierra1500,excellent,8 cylinders,gas,87927.0,clean,automatic,1GTR2VE7XDZ350189,4wd,truck,red,8.0,38500.0
29454,toyota,highlander,excellent,6 cylinders,gas,63830.0,clean,automatic,5TDDKRFH8FS122625,4wd,SUV,black,6.0,40500.0
7995,gmc,acadia,good,6 cylinders,gas,157211.0,clean,automatic,1GKEV23768J187816,4wd,SUV,brown,13.0,35500.0
16400,dodge,journey,excellent,4 cylinders,gas,17962.0,clean,automatic,3C4PDCAB9JT295687,fwd,SUV,red,3.0,23645.0
12495,dodge,grandcaravan,like new,6 cylinders,gas,42357.0,clean,automatic,2C4RDGCG4ER150302,fwd,mini-van,grey,4.0,27100.0
29990,nissan,frontiercrewcabpro4x,good,6 cylinders,gas,24661.0,clean,automatic,1N6AD0EV9GN771399,4wd,pickup,white,5.0,32790.0
28590,chevrolet,camarosscoupe2d,good,8 cylinders,gas,16903.0,clean,other,2G1FT1EW5A9116525,rwd,coupe,yellow,11.0,38900.0
21288,ram,1500laramie,good,8 cylinders,gas,163436.0,clean,automatic,1D7RV1CT3BS642777,4wd,pickup,brown,10.0,36400.0
14000,toyota,venzaawd,good,6 cylinders,gas,97949.0,clean,automatic,4T3BK3BB9AU039945,4wd,wagon,grey,11.0,30900.0
46489,ram,1500laramiecrewcab,like new,8 cylinders,gas,25659.0,clean,automatic,1C6SRFJT6KN585920,4wd,truck,custom,2.0,47300.0
6995,honda,odysseyexlwdvdwnavi,like new,6 cylinders,gas,212704.0,clean,automatic,5FNRL3H79AB096330,fwd,van,brown,11.0,33500.0
21990,kia,sorentolimitedsxlsport,good,6 cylinders,gas,41890.0,clean,other,5XYKW4A75EG487045,fwd,other,white,7.0,36500.0
38590,chevrolet,corvettegrandsport,good,8 cylinders,gas,30237.0,clean,other,1G1YR3DW3B5102190,rwd,other,red,10.0,53800.0
12988,kia,sportagelx,good,4 cylinders,gas,104199.0,clean,automatic,KNDPB3AC0F7709689,fwd,other,green,6.0,24500.0
5999,chevrolet,colorado,excellent,4 cylinders,gas,87111.0,rebuilt,automatic,1GCCS149X88144268,rwd,truck,red,13.0,18500.0
27990,gmc,sierra2500hdextendedcab,good,8 cylinders,gas,68696.0,clean,other,1GT220CG8CZ231238,4wd,pickup,black,9.0,39600.0
43430,honda,pilotelite,like new,6 cylinders,gas,10751.0,clean,automatic,5FNYF6H00LB048449,4wd,SUV,white,1.0,46920.0
23777,chevrolet,camaro,excellent,6 cylinders,gas,57888.0,clean,automatic,1G1FB1RS9J0160385,rwd,coupe,yellow,3.0,26100.0
12497,nissan,rogue,good,4 cylinders,gas,114415.0,clean,automatic,5N1AT2MV7GC804393,4wd,SUV,white,5.0,26300.0
22995,chevrolet,silverado1500,excellent,8 cylinders,gas,82186.0,clean,automatic,3GCEK13C19G138263,4wd,truck,silver,12.0,30500.0
28990,jeep,wranglerunlimitedsahara,good,6 cylinders,gas,69856.0,clean,other,1C4BJWEG4GL330960,4wd,SUV,red,5.0,34500.0
17900,lexus,es350,excellent,6 cylinders,gas,104000.0,clean,automatic,JTHBK1GGXE2096340,fwd,sedan,black,7.0,37400.0
29590,ford,expeditionxltsport,good,6 cylinders,gas,70760.0,clean,other,1FMJU1JT1HEA52352,4wd,SUV,blue,4.0,61000.0
25149,jeep,wrangler,good,6 cylinders,gas,88201.0,clean,automatic,1C4BJWDG3GL341773,4wd,SUV,red,5.0,30650.0
9915,dodge,journey,excellent,6 cylinders,gas,100082.0,clean,automatic,3D4GH67V79T247725,4wd,wagon,black,12.0,27600.0
12990,honda,crv,good,4 cylinders,gas,109003.0,clean,automatic,5J6RM4H36DL059621,4wd,SUV,custom,8.0,24800.0
13990,hyundai,tucson,good,4 cylinders,gas,99806.0,clean,automatic,KM8JTCAF9FU958129,4wd,SUV,grey,6.0,27000.0
37995,gmc,sierra1500denali,excellent,8 cylinders,gas,98218.0,clean,automatic,3GTU2WEJ9FG243701,4wd,truck,black,6.0,54900.0
4999,ford,fivehundred,excellent,6 cylinders,gas,158536.0,clean,automatic,1FAFP25116G163202,fwd,sedan,green,15.0,28155.0
6795,dodge,journeysxt,excellent,6 cylinders,gas,120500.0,clean,automatic,3C4PDCBGXCT214239,fwd,SUV,white,9.0,25000.0
25545,chrysler,300limited,excellent,6 cylinders,gas,33383.0,clean,automatic,2C3CCAEG5KH693554,rwd,sedan,white,2.0,36100.0
43900,ford,superdutyf250srw,excellent,8 cylinders,diesel,118000.0,clean,automatic,1FT7W2BT3GEA11393,4wd,truck,black,5.0,52000.0
10998,toyota,corolla,excellent,4 cylinders,gas,122950.0,clean,automatic,5YFBURHE3GP400460,fwd,sedan,black,5.0,18500.0
3400,buick,lacrosse,good,6 cylinders,gas,176800.0,clean,automatic,2G4WC532851246068,fwd,sedan,blue,16.0,24900.0
39990,infiniti,qx80sportutility4d,good,8 cylinders,gas,41664.0,clean,automatic,JN8AZ2NE3H9156734,4wd,other,black,4.0,64400.0
57990,chevrolet,corvettez51,like new,8 cylinders,gas,7200.0,clean,automatic,1G1YM2D79G5111520,rwd,coupe,grey,5.0,68300.0
4995,mini,coopers,good,4 cylinders,gas,119000.0,rebuilt,manual,WMWMF73558TT88401,fwd,coupe,red,13.0,25300.0
29590,ford,expeditionxltsport,good,6 cylinders,gas,70760.0,clean,other,1FMJU1JT1HEA52352,4wd,SUV,blue,4.0,52500.0
17844,nissan,nv200cargovan,good,4 cylinders,gas,41745.0,clean,automatic,3N6CM0KN4HK710563,fwd,mini-van,silver,4.0,19800.0
33990,mercedes-benz,eclasse63amg,good,8 cylinders,gas,88107.0,clean,automatic,WDDHF7EB7CA570344,rwd,sedan,white,9.0,102500.0
3400,hyundai,elantra,good,4 cylinders,gas,155000.0,clean,automatic,KMHDU4AD8AU870437,fwd,sedan,green,11.0,15500.0
34995,toyota,tundracrewmaxsr54x4,excellent,8 cylinders,gas,74798.0,clean,automatic,5TFDW5F14EX384358,4wd,truck,red,7.0,38500.0
34590,ford,mustanggtpremium,good,8 cylinders,gas,30970.0,clean,other,1FATP8FF6F5341651,rwd,other,white,6.0,40900.0
5950,lexus,es,excellent,6 cylinders,gas,190367.0,clean,automatic,JTHBA30G555108188,fwd,sedan,silver,16.0,32900.0
6700,ford,cmaxhybrid,like new,4 cylinders,hybrid,133392.0,clean,automatic,1FADP5AU5DL504873,fwd,wagon,white,8.0,24995.0
31900,gmc,sierra1500,excellent,8 cylinders,gas,145000.0,clean,automatic,3GTU2VEC4FG242189,4wd,truck,grey,6.0,41000.0
19000,ford,f350lariat,excellent,8 cylinders,diesel,171000.0,clean,automatic,1FTWW33F21EC06726,4wd,truck,green,20.0,27800.0
8999,ford,focus,excellent,4 cylinders,gas,68974.0,clean,automatic,1FADP3F20EL200329,fwd,sedan,grey,7.0,19900.0
7495,toyota,camry,good,4 cylinders,gas,127000.0,clean,automatic,4T1BF3EK2BU755502,fwd,sedan,silver,10.0,23900.0
14999,dodge,grandcaravansxt,excellent,6 cylinders,other,86750.0,clean,automatic,2C4RDGCGXHR589704,fwd,mini-van,black,4.0,28500.0
8495,ford,transitconnect,good,4 cylinders,gas,174571.0,clean,automatic,NM0LE7E71E1143955,rwd,van,grey,7.0,22000.0
12475,toyota,camryle,excellent,4 cylinders,gas,110402.0,clean,automatic,4T1BF1FK3FU925908,fwd,sedan,blue,6.0,24400.0
27990,toyota,tacomadoublecabpickup,good,6 cylinders,gas,67245.0,clean,other,5TFLU4EN4CX030112,4wd,pickup,silver,9.0,31000.0
2000,chrysler,200,excellent,4 cylinders,gas,117942.0,clean,automatic,1C3CCCCB2FN549573,fwd,sedan,white,6.0,23100.0
11995,toyota,tacoma,excellent,6 cylinders,gas,167974.0,clean,automatic,5TETU62N48Z492525,rwd,truck,black,13.0,26700.0
29990,dodge,challengergtcoupe2d,good,6 cylinders,gas,6600.0,clean,other,2C3CDZJG8KH677740,rwd,coupe,green,2.0,31400.0
16365,chevrolet,silverado1500,excellent,8 cylinders,gas,122797.0,clean,automatic,1GCSKSE35AZ135070,4wd,pickup,black,11.0,32500.0
43999,lexus,gx460,like new,8 cylinders,gas,24974.0,clean,automatic,JTJJM7FX6G5138738,rwd,SUV,black,5.0,64000.0
7975,ford,f150,excellent,8 cylinders,gas,239067.0,clean,automatic,1FTPW14V39FA75116,4wd,truck,white,12.0,30600.0
10900,honda,accordcrosstourexl,good,6 cylinders,gas,97804.0,clean,automatic,5J6TF1H59AL003751,fwd,wagon,grey,11.0,30170.0
29990,chevrolet,silverado1500double,good,8 cylinders,gas,26129.0,clean,other,1GCVKREC7EZ196951,4wd,pickup,brown,7.0,38500.0
15900,mazda,cx5,good,4 cylinders,gas,49391.0,clean,automatic,JM3KE2BY4G0628900,fwd,wagon,grey,5.0,24800.0
12000,jeep,compass,excellent,4 cylinders,gas,46070.0,clean,automatic,1C4NJDBB5CD633406,4wd,SUV,grey,9.0,23995.0
26900,dodge,grandcaravan,like new,6 cylinders,gas,59108.0,clean,automatic,2C4RDGBG5KR698970,fwd,mini-van,white,2.0,27395.0
33995,chevrolet,silverado1500,excellent,8 cylinders,gas,151348.0,clean,automatic,3GCUKSEC5JG281137,4wd,pickup,silver,3.0,48800.0
41590,acura,mdxadvancepkgsport,good,6 cylinders,gas,12046.0,clean,other,5J8YD3H87KL002026,fwd,other,red,2.0,50000.0
17595,buick,encore,excellent,4 cylinders,gas,25233.0,clean,automatic,KL4CJASB9JB698235,fwd,SUV,black,3.0,28800.0
15999,ford,expedition,excellent,8 cylinders,gas,152715.0,clean,automatic,1FMJU1J52CEF57309,4wd,SUV,silver,9.0,48500.0
8995,kia,sorentolx,excellent,6 cylinders,gas,131000.0,clean,automatic,5XYKT4A26BG045707,fwd,SUV,black,10.0,24500.0
16999,chevrolet,tahoe,excellent,8 cylinders,gas,211723.0,clean,automatic,1GNSKBE08DR170963,4wd,SUV,black,8.0,41900.0
19998,chevrolet,equinox,good,4 cylinders,gas,52408.0,clean,automatic,2GNAXSEV7J6299292,4wd,SUV,grey,3.0,27500.0
6995,chevrolet,equinox,good,4 cylinders,gas,154017.0,clean,automatic,2GNALBEK1C1273885,fwd,SUV,black,9.0,25100.0
39590,ford,mustanggtcoupe2d,good,8 cylinders,gas,1988.0,clean,other,1FA6P8CF9L5171928,rwd,coupe,black,1.0,42900.0
18990,jeep,compass,excellent,4 cylinders,gas,35295.0,clean,automatic,3C4NJDBB6HT620584,4wd,SUV,silver,4.0,29290.0
9990,chevrolet,traverselt2awd,excellent,6 cylinders,gas,144019.0,clean,automatic,1GNKVJED5CJ290916,4wd,SUV,black,9.0,39435.0
44990,ram,5500,good,6 cylinders,diesel,80733.0,clean,automatic,3C7WRNFL3FG705901,4wd,truck,white,6.0,53800.0
6298,honda,elementexpawd,excellent,4 cylinders,gas,240463.0,rebuilt,automatic,5J6YH28726L013701,4wd,SUV,red,15.0,24000.0
16977,honda,accordlx,excellent,4 cylinders,gas,61193.0,clean,automatic,1HGCR2F32FA039502,fwd,sedan,black,6.0,22900.0
23990,chevrolet,impalapremiersedan,good,6 cylinders,gas,37318.0,clean,other,1G1105S36LU101395,fwd,sedan,silver,1.0,35200.0
15800,gmc,acadia,good,6 cylinders,gas,101997.0,clean,automatic,1GKKRRED8CJ347321,fwd,truck,red,9.0,33670.0
6000,nissan,sentra,good,4 cylinders,gas,91965.0,lien,automatic,3N1AB7AP3DL612904,fwd,sedan,red,8.0,17990.0
6497,chevrolet,impala,good,6 cylinders,gas,112079.0,clean,automatic,2G1WA5EK8A1192426,fwd,sedan,silver,11.0,24430.0
11900,buick,encoresportutility4d,excellent,4 cylinders,gas,78412.0,clean,automatic,KL4CJFSB1EB527238,4wd,SUV,blue,7.0,26800.0
28590,dodge,chargerrtroadandtrack,good,8 cylinders,gas,33174.0,clean,other,2C3CDXCT8FH914859,rwd,sedan,black,6.0,33500.0
2999,subaru,impreza,fair,4 cylinders,gas,180300.0,clean,manual,JF1GG67616G812467,4wd,wagon,black,15.0,19200.0
13500,chrysler,aspenlimited,excellent,8 cylinders,gas,73000.0,clean,automatic,1A8HW58TX9F702519,4wd,SUV,white,12.0,45000.0
25990,ford,explorerlimitedawd,excellent,6 cylinders,gas,94677.0,clean,automatic,1FM5K8F80HGA05080,4wd,SUV,black,4.0,46000.0
13997,ford,explorer,excellent,6 cylinders,gas,116553.0,clean,automatic,1FM5K7B81EGA90944,fwd,SUV,black,7.0,29995.0
8796,ford,fusion,good,6 cylinders,gas,67839.0,clean,automatic,3FAHP0CG7CR324726,fwd,sedan,custom,9.0,30200.0
2599,jeep,grandcherokeelaredo4x4,good,8 cylinders,gas,201557.0,clean,automatic,1J4GW48N02C199339,4wd,SUV,black,19.0,32500.0
13990,gmc,sierra2500hd4x4,good,8 cylinders,gas,174759.0,clean,automatic,1GT22ZCG0BZ409579,4wd,pickup,white,10.0,38500.0
5997,ford,explorer4x4,excellent,6 cylinders,gas,171389.0,clean,automatic,1FMEU73E37UA73985,4wd,SUV,black,14.0,30570.0
21900,ford,explorer,excellent,6 cylinders,gas,54322.0,clean,automatic,1FM5K7B82GGB12288,fwd,SUV,blue,5.0,31300.0
17995,subaru,impreza,excellent,4 cylinders,gas,22292.0,clean,automatic,4S3GTAA6XJ3706875,4wd,sedan,silver,3.0,20500.0
31999,lexus,lx570,excellent,8 cylinders,gas,107726.0,clean,automatic,JTJHY7AX8B4056566,4wd,SUV,black,10.0,81450.0
29990,ram,1500quadcabtradesman,good,6 cylinders,gas,28455.0,clean,other,1C6RR7FG8HS798359,4wd,pickup,red,4.0,35315.0
14950,honda,crv,excellent,4 cylinders,gas,107326.0,clean,automatic,5J6RM4H78DL044329,4wd,SUV,red,8.0,29595.0
6650,acura,tsxsedan,excellent,4 cylinders,gas,160223.0,clean,automatic,JH4CL96968C010328,fwd,sedan,silver,13.0,29950.0
6995,hyundai,elantra,good,4 cylinders,gas,100340.0,clean,automatic,KMHDU4AD1AU208862,fwd,other,grey,11.0,15300.0
21999,volkswagen,tiguansel,like new,4 cylinders,gas,8300.0,rebuilt,automatic,3VV3B7AX7JM005711,fwd,SUV,grey,3.0,28300.0
25990,chevrolet,silverado1500regular,good,8 cylinders,other,82140.0,clean,automatic,1GCNKREC1EZ373672,4wd,pickup,black,7.0,38800.0
13999,honda,odyssey,excellent,6 cylinders,gas,144577.0,clean,automatic,5FNRL5H66EB016054,fwd,van,grey,7.0,36000.0
5000,jeep,commanderoverland4wd,good,8 cylinders,gas,195500.0,clean,automatic,1J8HG68207C561369,4wd,SUV,red,14.0,45000.0
5699,toyota,corollas,good,4 cylinders,gas,153500.0,clean,automatic,1NXBU40E79Z162256,fwd,sedan,silver,12.0,15500.0
12495,honda,civic,like new,4 cylinders,gas,15300.0,rebuilt,automatic,2HGFC2F68KH570983,fwd,sedan,silver,2.0,20500.0
26900,dodge,grandcaravan,like new,6 cylinders,gas,33000.0,clean,automatic,2C4RDGCG4CR332675,fwd,mini-van,silver,9.0,27445.0
40590,ford,f250superdutyregularcab,good,8 cylinders,other,9313.0,clean,other,1FTBF2B65KEC91136,4wd,pickup,white,2.0,42300.0
14450,lincoln,mkx,excellent,6 cylinders,gas,85925.0,clean,automatic,2LMDJ6JK6CBL02154,fwd,SUV,white,9.0,38000.0
10995,kia,fortelxplus,excellent,4 cylinders,gas,74063.0,clean,automatic,KNAFK4A61G5558805,fwd,sedan,red,5.0,19700.0
29990,ford,superdutyf450drw,good,8 cylinders,diesel,137481.0,clean,automatic,1FD0X4HT9BEC31739,4wd,truck,white,10.0,51500.0
16888,toyota,tacomaprerunner4x2,good,6 cylinders,gas,170446.0,clean,automatic,5TEJU62N96Z300407,rwd,pickup,silver,15.0,21200.0
36900,chevrolet,tahoe,excellent,8 cylinders,gas,98000.0,clean,automatic,1GNSKBKC1JR159376,4wd,SUV,silver,3.0,58500.0
7995,honda,accord,good,6 cylinders,gas,140580.0,clean,automatic,1HGCP36878A024634,rwd,sedan,grey,13.0,28455.0
6985,ford,flex,excellent,6 cylinders,gas,156729.0,clean,automatic,2FMDK52C09BA89611,fwd,SUV,red,12.0,28995.0
38590,chevrolet,corvettegrandsport,good,8 cylinders,gas,30237.0,clean,other,1G1YR3DW3B5102190,rwd,other,red,10.0,54600.0
35900,ford,f150lariat,excellent,8 cylinders,gas,92245.0,clean,automatic,1FTEW1EF1FKD15183,4wd,truck,red,6.0,39500.0
19990,chevrolet,silverado1500,good,8 cylinders,gas,151646.0,clean,automatic,3GCPKSE31BG373957,4wd,truck,red,10.0,38500.0
31990,ram,1500quadcabharvestpickup,good,6 cylinders,gas,27426.0,clean,other,1C6RR7GG8JS247420,4wd,pickup,white,3.0,39500.0
8799,toyota,4runner,excellent,6 cylinders,gas,223300.0,clean,automatic,JT3HN86R820308706,4wd,SUV,grey,19.0,36000.0
29990,ford,mustanggtcoupe2d,good,8 cylinders,gas,19374.0,clean,automatic,1FA6P8CFXG5215179,rwd,coupe,red,5.0,39200.0
3800,toyota,prius,good,4 cylinders,hybrid,255000.0,clean,automatic,JTDKB20UX57020904,fwd,hatchback,blue,16.0,22800.0
9995,gmc,terrain,excellent,4 cylinders,gas,117722.0,clean,automatic,2CTFLTEC1B6350273,4wd,SUV,white,10.0,29350.0
40990,acura,mdxadvancepkgsport,good,6 cylinders,gas,12046.0,clean,other,5J8YD3H87KL002026,fwd,other,red,2.0,57900.0
51990,cadillac,escaladeesvpremium,good,8 cylinders,other,72367.0,clean,automatic,1GYS4JKJ6JR198941,4wd,SUV,black,3.0,83500.0
18450,chevrolet,silverado1500,excellent,6 cylinders,gas,155173.0,clean,automatic,1GCVKREH3FZ347166,4wd,truck,brown,6.0,38500.0
4450,toyota,priustwohatchback4d,good,4 cylinders,gas,194506.0,clean,automatic,JTDKB20U553068222,fwd,hatchback,grey,16.0,23000.0
32990,chevrolet,camarossconvertible,good,8 cylinders,gas,25175.0,clean,other,2G1FH3DJ4F9234141,rwd,other,blue,6.0,38500.0
12000,toyota,tacoma,good,6 cylinders,gas,190261.0,clean,automatic,5TEHN72N61Z852294,4wd,truck,silver,20.0,21850.0
38590,lincoln,continentalsedan4d,good,6 cylinders,gas,1772.0,clean,other,1LN6L9UK4L5602632,fwd,sedan,black,1.0,65000.0
12997,lexus,ls460,excellent,8 cylinders,gas,119709.0,clean,automatic,JTHGL46F175014932,rwd,sedan,grey,14.0,65000.0
19788,ford,expeditionlimited4x4gas,like new,6 cylinders,gas,252810.0,clean,automatic,1FMJU2AT2FEF07521,4wd,SUV,grey,6.0,57000.0
10999,toyota,camryle,like new,4 cylinders,gas,37000.0,clean,automatic,4T4BF1FK3CR260395,fwd,sedan,black,9.0,22000.0
4500,nissan,versa,excellent,4 cylinders,gas,125746.0,clean,automatic,3N1BC1CP6CK814409,fwd,hatchback,black,9.0,14500.0
4950,chevrolet,impalalt,excellent,6 cylinders,gas,122000.0,clean,automatic,2G1WT58K169180374,fwd,sedan,silver,15.0,23000.0
16999,toyota,highlander,good,6 cylinders,gas,121578.0,clean,automatic,5TDZK3EH7CS072719,fwd,SUV,white,9.0,30320.0
28901,ram,1500,excellent,8 cylinders,gas,112622.0,clean,automatic,1C6RR7PT9ES166381,4wd,truck,white,7.0,45500.0
1000,chevrolet,malibu,like new,4 cylinders,gas,39000.0,clean,automatic,1G1ZD5ST7JF229718,fwd,sedan,grey,3.0,22695.0
9900,mazda,cx9,good,6 cylinders,gas,115500.0,clean,automatic,JM3TB3DV7C0345374,4wd,SUV,red,9.0,38000.0
9900,toyota,highlander4x4,excellent,6 cylinders,gas,141900.0,clean,automatic,5TDBK3EH7A5004192,4wd,SUV,silver,11.0,32800.0
17500,ford,transitconnecttitanium,excellent,4 cylinders,gas,47887.0,clean,automatic,NM0GE9G70G1248967,fwd,van,blue,5.0,27500.0
9200,ford,fiestast,excellent,4 cylinders,gas,57000.0,salvage,manual,3FADP4GX5GM102964,fwd,sedan,grey,5.0,22995.0
4999,fiat,500,good,4 cylinders,gas,98071.0,clean,manual,3C3CFFAR2CT203463,fwd,hatchback,white,9.0,15900.0
16999,chrysler,300,excellent,6 cylinders,gas,74465.0,clean,automatic,2C3CCAEG5GH252613,rwd,sedan,white,5.0,40500.0
29590,ford,expeditionxltsport,good,6 cylinders,gas,70760.0,clean,other,1FMJU1JT1HEA52352,4wd,SUV,blue,4.0,53755.0
12988,jeep,patriotlatitude,good,4 cylinders,gas,103694.0,clean,automatic,1C4NJPFB6HD182828,fwd,other,silver,4.0,22800.0
32990,ram,1500quadcabbighorn,good,6 cylinders,other,38243.0,clean,other,1C6RR7GG4JS311338,4wd,pickup,black,3.0,38700.0
32990,ram,1500quadcabharvestpickup,good,6 cylinders,gas,29979.0,clean,other,1C6RR7GG9JS229010,4wd,pickup,black,3.0,43100.0
29290,porsche,panamera,excellent,8 cylinders,gas,117390.0,clean,automatic,WP0AB2A73CL061142,rwd,sedan,black,9.0,100000.0
6250,volkswagen,jetta,excellent,4 cylinders,gas,129962.0,clean,manual,3VW1K7AJ4CM382272,fwd,sedan,blue,9.0,18500.0
29990,toyota,tacomadoublecabpickup,good,6 cylinders,gas,43182.0,clean,other,3TMLU4EN4CM085701,4wd,pickup,white,9.0,30800.0
19499,chevrolet,camarors,excellent,6 cylinders,gas,26900.0,clean,automatic,2G1FC1E33E9282179,rwd,coupe,blue,7.0,30600.0
29995,ford,superdutyf250srw,excellent,8 cylinders,gas,87232.0,clean,automatic,1FTBF2A67HEB48148,rwd,pickup,white,4.0,33500.0
23995,ford,mustang,good,4 cylinders,gas,44436.0,clean,automatic,1FA6P8TH8H5218620,rwd,coupe,silver,4.0,27300.0
28990,bmw,m3convertible2d,good,8 cylinders,gas,70703.0,clean,other,WBSDX9C57CE785089,rwd,other,silver,9.0,57900.0
7749,dodge,grandcaravan,excellent,6 cylinders,gas,166527.0,clean,automatic,2C4RDGBG4GR191808,fwd,mini-van,white,5.0,27400.0
12995,subaru,outback,excellent,4 cylinders,gas,146000.0,clean,automatic,4S4BSAFC5G3307825,4wd,wagon,silver,5.0,29995.0
29990,ford,superdutyf450drw,good,8 cylinders,diesel,137481.0,clean,automatic,1FD0X4HT9BEC31739,4wd,truck,white,10.0,56690.0
14990,ford,f1504x4,excellent,8 cylinders,gas,151000.0,clean,automatic,1FTFX1EF8EKF40488,4wd,truck,white,7.0,40000.0
31990,dodge,challengerrtcoupe2d,good,8 cylinders,gas,25026.0,clean,other,2C3CDZBT0HH605001,rwd,coupe,yellow,4.0,32195.0
10500,toyota,rav4,good,4 cylinders,gas,126330.0,clean,automatic,JTMWF4DV9B5032764,fwd,SUV,silver,10.0,26500.0
39250,chevrolet,silverado2500hdltz,like new,8 cylinders,diesel,182421.0,clean,automatic,1GC1KWE82FF569860,4wd,pickup,red,6.0,55400.0
39590,ford,f150supercrewcabxl,good,8 cylinders,gas,30110.0,clean,other,1FTEW1E57LFA24781,4wd,pickup,black,1.0,51100.0
4900,ford,fusionsel30lsedan,good,6 cylinders,gas,152000.0,lien,automatic,3FAHP0JG8CR323703,fwd,sedan,black,9.0,24800.0
37990,ram,1500crewcabbighorn,good,8 cylinders,gas,26610.0,clean,automatic,3C6RR7LTXJG197145,4wd,pickup,blue,3.0,41700.0
8995,honda,crv,excellent,4 cylinders,gas,124350.0,clean,automatic,JHLRE4H33BC020939,4wd,other,grey,10.0,25000.0
36990,jeep,wranglerunlimitedallnew,good,6 cylinders,gas,16114.0,clean,other,1C4HJXDG0JW134554,4wd,SUV,black,3.0,38870.0
11237,chevrolet,cruzelimited,excellent,4 cylinders,gas,76674.0,clean,automatic,1G1PE5SBXG7132902,fwd,sedan,white,5.0,19500.0
25995,hyundai,santafesport,like new,4 cylinders,gas,11514.0,clean,automatic,5NMZUDLB6JH106437,4wd,SUV,grey,3.0,33500.0
27999,jeep,wranglerunlimited,excellent,6 cylinders,gas,101028.0,clean,automatic,1C4HJWEG7EL188871,4wd,SUV,white,7.0,33200.0
8700,honda,odyssey,excellent,10 cylinders,gas,104559.0,clean,other,5FNRL38639B408712,4wd,van,red,12.0,31875.0
28990,bmw,m3convertible2d,good,8 cylinders,gas,70703.0,clean,other,WBSDX9C57CE785089,rwd,other,silver,9.0,60500.0
15995,chevrolet,trax,like new,4 cylinders,gas,20843.0,clean,automatic,3GNCJNSB9JL173565,4wd,SUV,black,3.0,22900.0
22995,jeep,wranglerrubicon,excellent,6 cylinders,gas,40999.0,clean,manual,1J4FA69S05P321219,4wd,offroad,black,16.0,25930.0
20288,nissan,roguesv,good,4 cylinders,gas,60664.0,clean,automatic,KNMAT2MT5JP620458,fwd,other,white,3.0,26000.0
17995,chevrolet,silverado1500,excellent,8 cylinders,gas,151701.0,clean,automatic,3GCPKSE7XDG270977,4wd,truck,black,8.0,41425.0
7488,ford,fusion,like new,6 cylinders,gas,72862.0,clean,automatic,3FAHP07129R109351,fwd,sedan,red,12.0,22720.0
21990,hyundai,azerasedan4d,good,6 cylinders,gas,43459.0,clean,other,KMHFG4JG1HA580949,fwd,sedan,black,4.0,35000.0
14950,ford,tauruslimited,excellent,6 cylinders,gas,94965.0,clean,automatic,1FAHP2F88HG119155,fwd,sedan,grey,4.0,34700.0
9913,dodge,journey,excellent,6 cylinders,gas,126042.0,clean,automatic,3C4PDCDG0DT548746,fwd,SUV,orange,8.0,24600.0
14450,lincoln,mkx,excellent,6 cylinders,gas,85925.0,clean,automatic,2LMDJ6JK6CBL02154,fwd,SUV,white,9.0,39995.0
6499,mini,cooper,excellent,4 cylinders,gas,84044.0,clean,manual,WMWMF735X7TT85282,fwd,coupe,white,13.0,23200.0
16499,cadillac,escalade,good,8 cylinders,gas,113903.0,clean,automatic,1GYUKBEF3AR110861,4wd,SUV,white,11.0,64800.0
6249,pontiac,vibe,excellent,4 cylinders,gas,142189.0,clean,manual,5Y2SN67009Z405402,fwd,hatchback,grey,12.0,19800.0
36900,chevrolet,tahoe,excellent,8 cylinders,gas,98000.0,clean,automatic,1GNSKBKC1JR159376,4wd,SUV,silver,3.0,60500.0
4999,subaru,imprezawrx,good,4 cylinders,gas,270000.0,clean,manual,JF1GD29602G510368,4wd,sedan,silver,19.0,24995.0
39800,lexus,rx350sportutility,like new,6 cylinders,gas,16500.0,clean,automatic,JTJDZKCA7J2003990,4wd,SUV,black,3.0,52900.0
12995,honda,ridgelinertl4x4,good,6 cylinders,gas,105157.0,clean,automatic,2HJYK16258H537820,4wd,pickup,red,13.0,29600.0
28590,chevrolet,camarosscoupe2d,good,8 cylinders,gas,16903.0,clean,other,2G1FT1EW5A9116525,rwd,coupe,yellow,11.0,38870.0
44795,chevrolet,silverado1500lt4x4,new,8 cylinders,gas,16228.0,clean,automatic,1GCRYEEDXLZ240360,4wd,truck,blue,1.0,48500.0
16950,nissan,pathfinders,excellent,6 cylinders,gas,77685.0,clean,automatic,5N1AR2MM1GC660796,4wd,SUV,custom,5.0,38750.0
7999,toyota,camry,excellent,6 cylinders,gas,123240.0,clean,automatic,4T1BF30K25U100400,fwd,sedan,blue,16.0,25000.0
2900,volkswagen,jettagls,excellent,4 cylinders,gas,123816.0,clean,automatic,3VWSK69M53M038916,fwd,sedan,red,18.0,18000.0
28995,chevrolet,silverado2500hd,good,8 cylinders,diesel,128000.0,clean,automatic,1GCHK23658F122886,4wd,truck,grey,13.0,45000.0
9495,honda,fit,good,4 cylinders,gas,110264.0,clean,automatic,3HGGK5H89FM736247,fwd,hatchback,silver,6.0,19500.0
29900,alfa-romeo,romeostelvio,excellent,4 cylinders,gas,22447.0,clean,automatic,ZASFAKAN5J7B73512,4wd,SUV,silver,3.0,43900.0
30990,dodge,challengerrtshaker,good,8 cylinders,gas,36758.0,clean,other,2C3CDZBT6GH232240,rwd,coupe,silver,5.0,33000.0
23590,kia,k900premiumsedan4d,good,6 cylinders,gas,55976.0,clean,automatic,KNALT4D34H6035520,rwd,sedan,silver,4.0,59900.0
25590,toyota,avalonxletouringsedan,good,6 cylinders,gas,30870.0,clean,other,4T1BK1EB3HU264087,fwd,sedan,silver,4.0,35600.0
38990,jeep,wranglerunlimitedrubicon,good,6 cylinders,gas,20676.0,clean,other,1C4BJWFG3HL547853,4wd,other,red,4.0,41500.0
16950,dodge,durango,excellent,8 cylinders,other,83347.0,clean,automatic,1C4SDHET1CC152791,rwd,other,black,9.0,40300.0
31900,gmc,sierra1500,excellent,8 cylinders,gas,145000.0,clean,automatic,3GTU2VEC4FG242189,4wd,truck,grey,6.0,40700.0
12208,honda,accordsdn,excellent,4 cylinders,gas,62095.0,clean,automatic,1HGCP2F62CA105378,fwd,sedan,grey,9.0,23900.0
4985,chrysler,ptcruiser,good,4 cylinders,gas,99192.0,clean,automatic,3C4FY48B95T634661,fwd,hatchback,black,16.0,18800.0
11900,chevrolet,cruzelimited,good,4 cylinders,gas,34310.0,clean,automatic,1G1PE5SB3G7117769,fwd,sedan,grey,5.0,20000.0
29590,ford,expeditionxltsport,good,6 cylinders,gas,70760.0,clean,other,1FMJU1JT1HEA52352,4wd,SUV,blue,4.0,52000.0
16795,toyota,rav4,good,4 cylinders,gas,117674.0,clean,automatic,2T3DFREV2FW346175,4wd,SUV,white,6.0,32500.0
30990,nissan,pathfinderplatinumsport,good,6 cylinders,gas,41070.0,clean,other,5N1DR2MMXJC643774,4wd,other,silver,3.0,35790.0
23388,jeep,wrangler,excellent,6 cylinders,gas,136875.0,clean,automatic,1C4HJWEG3DL705047,4wd,offroad,black,8.0,31995.0
35590,ram,1500crewcabbighorn,good,6 cylinders,other,22805.0,clean,other,1C6RR7LG2JS220638,4wd,pickup,black,3.0,40480.0
10980,chevrolet,tahoe,excellent,8 cylinders,gas,171410.0,clean,automatic,1GNFK13068J214848,4wd,SUV,black,13.0,38400.0
9999,mercedes-benz,clsclass,excellent,8 cylinders,gas,119825.0,clean,automatic,WDDDJ75X46A056027,rwd,sedan,grey,15.0,70700.0
22590,dodge,challengerrtcoupe2d,good,8 cylinders,gas,56075.0,clean,other,2C3CDYBT4CH238672,rwd,coupe,black,9.0,30500.0
31590,ford,f150supercrewcabfx4,good,8 cylinders,other,54152.0,clean,other,1FTFW1EF7EKF88437,4wd,pickup,blue,7.0,35000.0
9950,jaguar,styper,excellent,8 cylinders,gas,97687.0,clean,automatic,SAJWA03C971N77192,rwd,sedan,black,14.0,64000.0
25999,jeep,wranglerunlimitedsport,good,6 cylinders,gas,93841.0,clean,automatic,1C4BJWDG4DL630592,4wd,other,silver,8.0,26895.0
38590,chevrolet,corvettegrandsport,good,8 cylinders,gas,30237.0,clean,other,1G1YR3DW3B5102190,rwd,other,red,10.0,54500.0
22990,lexus,gs350sedan4d,good,6 cylinders,gas,53050.0,clean,automatic,JTHBE1BL3E5040413,rwd,sedan,white,7.0,46900.0
9495,chevrolet,captivasport,excellent,4 cylinders,gas,88205.0,clean,automatic,3GNAL3EK3DS540410,fwd,SUV,white,8.0,23800.0
33590,lexus,gs350sedan4d,good,6 cylinders,gas,30814.0,clean,automatic,JTHBZ1BLXJA012999,rwd,sedan,white,3.0,50000.0
39590,chevrolet,camarosscoupe2d,good,8 cylinders,gas,10496.0,clean,other,1G1FE1R71H0109878,rwd,coupe,white,4.0,40000.0
31992,jeep,wrangler,excellent,6 cylinders,gas,56241.0,clean,automatic,1C4BJWDG3HL712478,4wd,offroad,black,4.0,36490.0
30999,toyota,4runner,excellent,6 cylinders,gas,103345.0,clean,automatic,JTEBU5JR0G5286402,4wd,SUV,black,5.0,35800.0
37590,chevrolet,corvettegrandsport,good,8 cylinders,gas,42017.0,clean,other,1G1YW2DW4B5109555,rwd,coupe,red,10.0,60500.0
9980,fiat,500,good,4 cylinders,gas,70336.0,clean,manual,3C3CFFFH7DT608526,rwd,hatchback,red,8.0,19900.0
26200,gmc,terrainsle,excellent,4 cylinders,gas,19643.0,clean,automatic,3GKALTEX1JL411581,4wd,SUV,grey,3.0,30600.0
15990,audi,a4,excellent,4 cylinders,gas,101305.0,clean,automatic,WAUEFAFL0FN020575,fwd,sedan,grey,6.0,41900.0
44500,audi,q7premium,excellent,6 cylinders,gas,25000.0,clean,automatic,WA1AAAF79JD054204,4wd,SUV,white,3.0,60500.0
34990,gmc,canyoncrewcabslepickup,good,6 cylinders,gas,34425.0,clean,other,1GTG6CE36G1115577,4wd,pickup,red,5.0,36300.0
12500,honda,crvex,excellent,4 cylinders,gas,104755.0,clean,automatic,5J6RM4H55DL014610,4wd,SUV,brown,8.0,28350.0
37900,chevrolet,silverado1500,excellent,8 cylinders,gas,23000.0,clean,automatic,1GCVKREC7JZ106854,4wd,truck,black,3.0,38500.0
11500,chevrolet,cruze,good,4 cylinders,gas,145614.0,clean,automatic,1G1BC5SM4H7158608,fwd,sedan,white,4.0,16900.0
31900,gmc,sierra1500,excellent,8 cylinders,gas,145000.0,clean,automatic,3GTU2VEC4FG242189,4wd,truck,grey,6.0,45500.0
12900,toyota,camryse,like new,4 cylinders,gas,83021.0,clean,automatic,4T1BF1FK4GU226563,fwd,sedan,blue,5.0,23900.0
21995,ford,transitcargovan,good,6 cylinders,other,76751.0,clean,automatic,1FTNR1ZM1FKA84916,rwd,van,white,6.0,32000.0
15487,chevrolet,colorado,good,4 cylinders,gas,90251.0,clean,automatic,1GCHSAEA6F1186019,rwd,truck,white,6.0,21200.0
32995,subaru,wrxsti,like new,4 cylinders,gas,89011.0,clean,manual,JF1VA2Z61H9841201,4wd,sedan,black,4.0,38990.0
4100,jeep,libertysport,excellent,6 cylinders,gas,130213.0,clean,automatic,1J4GL48K96W148313,4wd,SUV,red,15.0,24500.0
21590,chevrolet,impalapremiersedan,good,6 cylinders,other,65913.0,clean,other,2G1125S3XJ9142701,fwd,sedan,black,3.0,36000.0
12999,jeep,wranglersahara,excellent,6 cylinders,gas,177230.0,clean,automatic,1J4GA59168L621073,4wd,SUV,red,13.0,30300.0
5500,honda,civic,excellent,4 cylinders,gas,216375.0,clean,manual,SHHEP33513U405203,rwd,hatchback,black,18.0,19500.0
33990,infiniti,qx6035sportutility,good,6 cylinders,gas,21386.0,clean,other,5N1DL0MN0JC522590,fwd,other,white,3.0,43950.0
38995,gmc,yukon,excellent,8 cylinders,gas,82459.0,clean,automatic,1GKS1CKJ3GR272467,rwd,SUV,black,5.0,74725.0
6390,kia,forte,good,4 cylinders,gas,105582.0,clean,automatic,KNAFU4A27D5663903,fwd,sedan,silver,8.0,18300.0
45499,chevrolet,silverado3500hd4x4,like new,8 cylinders,diesel,180000.0,clean,automatic,1GC4K1E86GF203918,4wd,truck,white,5.0,63700.0
3800,toyota,prius,excellent,4 cylinders,hybrid,149000.0,clean,automatic,JT2BK12U620053029,fwd,sedan,blue,19.0,18995.0
9997,kia,soul,excellent,4 cylinders,gas,116082.0,clean,automatic,KNDJP3A50G7829132,fwd,wagon,green,5.0,24900.0
44995,chevrolet,silverado1500ltz4x4,like new,8 cylinders,gas,94201.0,clean,automatic,3GCUKSEC4HG249984,4wd,truck,white,4.0,46500.0
23590,chevrolet,camarosscoupe2d,good,8 cylinders,gas,38905.0,clean,other,2G1FK1EJ8B9122277,rwd,coupe,red,10.0,39900.0
11450,jeep,libertysport4x4,excellent,6 cylinders,gas,59996.0,clean,automatic,1C4PJMAK2CW140670,4wd,SUV,silver,9.0,29500.0
44990,ram,5500,good,6 cylinders,diesel,80733.0,clean,automatic,3C7WRNFL3FG705901,4wd,truck,white,6.0,57500.0
8796,volkswagen,jettasportwagentdi,excellent,4 cylinders,diesel,121048.0,clean,automatic,3VWPL7AJ4EM610071,fwd,wagon,red,7.0,23900.0
18995,chevrolet,avalanche,excellent,8 cylinders,gas,149247.0,clean,automatic,3GNTKGE36BG118403,4wd,truck,black,10.0,48500.0
26990,ford,superdutyf750straightframe,good,8 cylinders,diesel,201035.0,clean,automatic,1FDWF7DC4GDA01690,rwd,truck,white,5.0,66000.0
38590,toyota,avalonlimitedsedan4d,good,6 cylinders,gas,9783.0,clean,other,4T1DZ1FB1LU054616,fwd,sedan,white,1.0,42000.0
6995,honda,civiclx,excellent,4 cylinders,gas,132000.0,clean,automatic,2HGFB2F54DH510437,fwd,sedan,silver,8.0,19000.0
